<?xml version="1.0" encoding="UTF-8"?>
<clinical_study rank="2731">
  <!-- This xml conforms to an XML Schema at:
    https://clinicaltrials.gov/ct2/html/images/info/public.xsd -->
  <required_header>
    <download_date>ClinicalTrials.gov processed this data on February 08, 2021</download_date>
    <link_text>Link to the current ClinicalTrials.gov record.</link_text>
    <url>https://clinicaltrials.gov/show/NCT04325919</url>
  </required_header>
  <id_info>
    <org_study_id>COVID-19 study 2020.076</org_study_id>
    <nct_id>NCT04325919</nct_id>
  </id_info>
  <brief_title>Coronavirus Disease 2019 (COVID-19) Study of Hospitalized Patients in Hong Kong</brief_title>
  <official_title>Comprehensive Clinical, Virological, Microbiological, Immunological and Laboratory Monitoring of Patients Hospitalized With Coronavirus Disease 2019 (COVID-19)</official_title>
  <sponsors>
    <lead_sponsor>
      <agency>Chinese University of Hong Kong</agency>
      <agency_class>Other</agency_class>
    </lead_sponsor>
  </sponsors>
  <source>Chinese University of Hong Kong</source>
  <oversight_info>
    <has_dmc>Yes</has_dmc>
    <is_fda_regulated_drug>No</is_fda_regulated_drug>
    <is_fda_regulated_device>No</is_fda_regulated_device>
  </oversight_info>
  <brief_summary>
    <textblock>
      COVID-19 may cause another world-wide epidemic. This study is divided into 2 arms: (1)&#xD;
      Prospective longitudinal observational study involving patients with laboratory-confirmed&#xD;
      COVID-19 and (2) Retrospective study on patients with laboratory-confirmed COVID-19.&#xD;
&#xD;
      Arm 1:&#xD;
&#xD;
      We will collect EDTA blood, stool samples, rectal swab, urine, saliva, and specimens from&#xD;
      upper respiratory tract (nasopharyngeal aspirate or flocked swab), and lower respiratory&#xD;
      tract (sputum or tracheal aspirate) on daily, alternate day, or weekly basis as appropriate.&#xD;
&#xD;
      Arm 2:&#xD;
&#xD;
      The remainder of specimens that were submitted for laboratory investigation as part of&#xD;
      clinical management will be retrieved. Those specimens will only be used after all clinically&#xD;
      indicated testing and confirmation procedures have been completed. Assistance from the Public&#xD;
      Health Laboratory Service, Department of Health, will be invited to retrieve samples as well&#xD;
      as participate in this study.&#xD;
&#xD;
      Patients hospitalized for pneumonia in medical wards and ICU at the Prince of Wales Hospital&#xD;
      tested negative for COVID-19 will be recruited as controls.&#xD;
&#xD;
      Understanding the clinical, virological, microbiological and immunological profiles of this&#xD;
      infection is urgently needed to facilitate its management and control.&#xD;
    </textblock>
  </brief_summary>
  <overall_status>Recruiting</overall_status>
  <start_date type="Actual">February 24, 2020</start_date>
  <completion_date type="Anticipated">June 17, 2021</completion_date>
  <primary_completion_date type="Anticipated">February 28, 2021</primary_completion_date>
  <study_type>Observational</study_type>
  <has_expanded_access>No</has_expanded_access>
  <study_design_info>
    <observational_model>Case-Control</observational_model>
    <time_perspective>Prospective</time_perspective>
  </study_design_info>
  <primary_outcome>
    <measure>Clinical</measure>
    <time_frame>6 months</time_frame>
    <description>Patients' treatment and management during hospitalization.</description>
  </primary_outcome>
  <primary_outcome>
    <measure>Virological</measure>
    <time_frame>6 months</time_frame>
    <description>Serial viral load changes during hospitalization.</description>
  </primary_outcome>
  <primary_outcome>
    <measure>Microbiological</measure>
    <time_frame>6 months</time_frame>
    <description>Alterations in fecal microbiota composition (including virome, bacteria and fungi) in COVID-19 patients compared with healthy controls.</description>
  </primary_outcome>
  <enrollment type="Anticipated">170</enrollment>
  <condition>Coronavirus Infections</condition>
  <intervention>
    <intervention_type>Other</intervention_type>
    <intervention_name>No intervention</intervention_name>
    <description>No intervention</description>
  </intervention>
  <eligibility>
    <study_pop>
      <textblock>
        Patients hospitalized with laboratory-confirmed COVID-19 in the Prince of Wales Hospital,&#xD;
        Princess Margaret Hospital, United Christian Hospital, North District Hospital, Alice Ho&#xD;
        Miu Ling Nethersole Hospital, Pamela Youde Nethersole Eastern Hospital, Ruttonjee Hospital,&#xD;
        Queen Elizabeth Hospital, and may extend to other hospitals when more cases are detected.&#xD;
        The Public Health Laboratory Service, Department of Health, will be invited to assist&#xD;
        specimen retrieval and participate in this study.&#xD;
&#xD;
        Patients hospitalized for pneumonia in medical wards and ICU at the Prince of Wales&#xD;
        Hospital tested negative for COVID-19 will be recruited as controls.&#xD;
      </textblock>
    </study_pop>
    <sampling_method>Non-Probability Sample</sampling_method>
    <criteria>
      <textblock>
        Inclusion Criteria:&#xD;
&#xD;
          -  Case are adults age ≥ 18 years old admitted to hospital with laboratory confirmed&#xD;
             COVID-19&#xD;
&#xD;
          -  Controls are patients admitted for community-acquired pneumonia&#xD;
&#xD;
        Exclusion Criteria:&#xD;
&#xD;
          -  Patients who refuse to consent for study&#xD;
      </textblock>
    </criteria>
    <gender>All</gender>
    <minimum_age>18 Years</minimum_age>
    <maximum_age>N/A</maximum_age>
    <healthy_volunteers>No</healthy_volunteers>
  </eligibility>
  <overall_contact>
    <last_name>Paul CHAN</last_name>
    <phone>+852 35053339</phone>
    <email>paulkschan@cuhk.edu.hk</email>
  </overall_contact>
  <location>
    <facility>
      <name>Prince of Wales Hospital</name>
      <address>
        <city>Sha Tin</city>
        <country>Hong Kong</country>
      </address>
    </facility>
    <status>Recruiting</status>
    <contact>
      <phone>+852 35053555</phone>
    </contact>
  </location>
  <location_countries>
    <country>Hong Kong</country>
  </location_countries>
  <verification_date>March 2020</verification_date>
  <study_first_submitted>March 24, 2020</study_first_submitted>
  <study_first_submitted_qc>March 26, 2020</study_first_submitted_qc>
  <study_first_posted type="Actual">March 30, 2020</study_first_posted>
  <last_update_submitted>March 26, 2020</last_update_submitted>
  <last_update_submitted_qc>March 26, 2020</last_update_submitted_qc>
  <last_update_posted type="Actual">March 30, 2020</last_update_posted>
  <responsible_party>
    <responsible_party_type>Principal Investigator</responsible_party_type>
    <investigator_affiliation>Chinese University of Hong Kong</investigator_affiliation>
    <investigator_full_name>Paul KS Chan</investigator_full_name>
    <investigator_title>Professor</investigator_title>
  </responsible_party>
  <keyword>SARS-CoV-2</keyword>
  <keyword>Coronavirus disease 2019</keyword>
  <condition_browse>
    <!-- CAUTION:  The following MeSH terms are assigned with an imperfect algorithm            -->
    <mesh_term>Coronavirus Infections</mesh_term>
    <mesh_term>Severe Acute Respiratory Syndrome</mesh_term>
  </condition_browse>
  <patient_data>
    <sharing_ipd>Undecided</sharing_ipd>
  </patient_data>
  <!-- Results have not yet been posted for this study                                          -->
</clinical_study>

