<?xml version="1.0" encoding="UTF-8"?>
<clinical_study rank="5008">
  <!-- This xml conforms to an XML Schema at:
    https://clinicaltrials.gov/ct2/html/images/info/public.xsd -->
  <required_header>
    <download_date>ClinicalTrials.gov processed this data on February 08, 2021</download_date>
    <link_text>Link to the current ClinicalTrials.gov record.</link_text>
    <url>https://clinicaltrials.gov/show/NCT04184895</url>
  </required_header>
  <id_info>
    <org_study_id>2390-CL-0001</org_study_id>
    <secondary_id>2018-004678-83</secondary_id>
    <nct_id>NCT04184895</nct_id>
  </id_info>
  <brief_title>A Study to Assess the Safety, Tolerability and Immunological Response of ASP2390 in Adult Subjects Allergic to House Dust Mites</brief_title>
  <official_title>A Phase 1 Multiple Ascending Intradermal Dose Study to Assess the Safety, Tolerability and Immunological Response of ASP2390 in Adult Subjects Allergic to House Dust Mites</official_title>
  <sponsors>
    <lead_sponsor>
      <agency>Astellas Pharma Global Development, Inc.</agency>
      <agency_class>Industry</agency_class>
    </lead_sponsor>
  </sponsors>
  <source>Astellas Pharma Inc</source>
  <oversight_info>
    <has_dmc>No</has_dmc>
    <is_fda_regulated_drug>No</is_fda_regulated_drug>
    <is_fda_regulated_device>No</is_fda_regulated_device>
  </oversight_info>
  <brief_summary>
    <textblock>
      The purpose of this study is to evaluate the safety and tolerability of multiple ascending&#xD;
      intradermal doses of ASP2390 in adult male and female participants allergic to house dust&#xD;
      mites (HDM).&#xD;
&#xD;
      This study will also evaluate the effect of multiple ascending intradermal doses of ASP2390&#xD;
      on HDM-specific immunoglobulin G subclass 4 (IgG4) levels in adult male and female&#xD;
      participants allergic to HDM.&#xD;
    </textblock>
  </brief_summary>
  <detailed_description>
    <textblock>
      Screening will occur up to 6 weeks prior to enrollment. Eligible participants will return to&#xD;
      the clinical unit on day -1 (if required by the clinical unit to facilitate the severe acute&#xD;
      respiratory syndrome coronavirus 2 [SARS-CoV-2] real-time reverse transcription polymerase&#xD;
      chain reaction [PCR] procedure) or on day 1.&#xD;
&#xD;
      After the first dose on day 1, all participants will remain in the clinical unit for&#xD;
      observation for approximately 24 hours postdose. After the 24 hours, participants will be&#xD;
      discharged from the clinical unit provided no reactions have occurred that require additional&#xD;
      observation.&#xD;
&#xD;
      For all subsequent doses, participants will remain under direct observation for a minimum of&#xD;
      1 hour postdose. Participants will be discharged from the clinical unit provided no reactions&#xD;
      have occurred that require additional observation.&#xD;
    </textblock>
  </detailed_description>
  <overall_status>Recruiting</overall_status>
  <start_date type="Actual">October 7, 2020</start_date>
  <completion_date type="Anticipated">April 2026</completion_date>
  <primary_completion_date type="Anticipated">April 2026</primary_completion_date>
  <phase>Phase 1</phase>
  <study_type>Interventional</study_type>
  <has_expanded_access>No</has_expanded_access>
  <study_design_info>
    <allocation>Randomized</allocation>
    <intervention_model>Sequential Assignment</intervention_model>
    <primary_purpose>Treatment</primary_purpose>
    <masking>Double (Participant, Investigator)</masking>
  </study_design_info>
  <primary_outcome>
    <measure>Number of participants with Adverse Events (AEs)</measure>
    <time_frame>Up to 5 years</time_frame>
    <description>AEs will be coded using medical dictionary for regulatory activities(MedDRA). An AE is any untoward medical occurrence in a participant administered a study drug which does not necessarily have a causal relationship with this treatment. An AE can therefore be any unfavorable and unintended sign, symptom, or disease temporally associated with use of a medicinal product whether or not considered related to the medicinal product. Confirmed and suspected SARS-CoV-2 infection and COVID-19 will be recorded as an AE. An AE is considered serious if the event: results in death; is life-threatening; results in persistent or significant disability/incapacity or substantial disruption of ability to conduct normal life functions; results in congenital anomaly or birth defect; requires inpatient hospitalization (except for planned procedures) or leads to prolongation of hospitalization (except if prolongation of planned hospitalization is not caused by an AE); or other medically important events.</description>
  </primary_outcome>
  <primary_outcome>
    <measure>Number of participants with laboratory value abnormalities and/or AEs</measure>
    <time_frame>Up to week 63</time_frame>
    <description>Number of participants with potentially clinically significant laboratory values.</description>
  </primary_outcome>
  <primary_outcome>
    <measure>Number of participants with vital sign abnormalities and/or AEs</measure>
    <time_frame>Up to week 63</time_frame>
    <description>Number of participants with potentially clinically significant vital sign values.</description>
  </primary_outcome>
  <primary_outcome>
    <measure>Number of participants with 12-lead electrocardiogram (ECG) abnormalities and/or AEs</measure>
    <time_frame>Up to week 63</time_frame>
    <description>Routine 12-lead ECGs will be taken after the participant has been resting in the supine position for at least 5 minutes. Routine 12-lead ECGs will be taken in triplicate.</description>
  </primary_outcome>
  <primary_outcome>
    <measure>Number of participants with subcutaneous immunotherapy systemic reaction events</measure>
    <time_frame>Up to week 11</time_frame>
    <description>Subcutaneous immunotherapy systemic reaction events will be graded using the World Allergy Organization Subcutaneous Immunotherapy Systemic Reaction Grading System.&#xD;
Each grade is based on organ system involved and severity. Organ systems are defined as cutaneous, conjunctival, upper respiratory, lower respiratory, gastrointestinal, cardiovascular and other. A reaction from a single organ system such as cutaneous, conjunctival or upper respiratory, but not asthma, gastrointestinal, or cardiovascular is classified as a grade 1. Symptom(s)/sign(s) from more than 1 organ system or asthma, gastrointestinal, or cardiovascular are classified as grades 2 or 3. Respiratory failure or hypotension with or without loss of consciousness define grade 4 and death grade 5. The grade is determined by the physician's clinical judgement.</description>
  </primary_outcome>
  <primary_outcome>
    <measure>Number of participants with specific local reactogenicity events</measure>
    <time_frame>Up to week 12</time_frame>
    <description>Participants will be asked to record local reactogenicity (pain, tenderness, erythema/redness, Induration/Swelling) on a daily basis for 7 consecutive days after the injection, each treatment will be summarized. Grades range from 1 (mild) to 4 (potentially life-threatening).</description>
  </primary_outcome>
  <primary_outcome>
    <measure>Number of participants with specific systemic reactogenicity events</measure>
    <time_frame>Up to week 12</time_frame>
    <description>Participants will be asked to record systemic reactogenicity (nausea/vomiting, diarrhea, headache, fatigue, myalgia) on a daily basis for 7 consecutive days after the injection, each treatment will be summarized. Grades range from 1 (mild) to 4 (potentially life-threatening).</description>
  </primary_outcome>
  <secondary_outcome>
    <measure>Change from baseline in immunological response to ASP2390 as assessed by HDM allergen-specific IgG4 levels</measure>
    <time_frame>Baseline and up to week 24</time_frame>
    <description>The house dust mite (HDM) allergen-specific IgG4 immunological response for all participants will be presented for each treatment by visit using descriptive statistics.</description>
  </secondary_outcome>
  <number_of_arms>4</number_of_arms>
  <enrollment type="Anticipated">28</enrollment>
  <condition>Allergic to House Dust Mites</condition>
  <arm_group>
    <arm_group_label>ASP2390 Low Dose (Cohort 1)</arm_group_label>
    <arm_group_type>Experimental</arm_group_type>
    <description>Participants will receive a low dose of ASP2390 once weekly for a total of 12 doses. After all participants in cohort 1 complete 4 doses of treatment, the overall safety and tolerability of the dose will be evaluated by the Dose Escalation Committee (DEC).</description>
  </arm_group>
  <arm_group>
    <arm_group_label>Placebo Low Dose (Cohort 1)</arm_group_label>
    <arm_group_type>Placebo Comparator</arm_group_type>
    <description>Participants will receive a low dose of matching Placebo once weekly for a total of 12 doses.</description>
  </arm_group>
  <arm_group>
    <arm_group_label>ASP2390 High Dose (Cohort 2)</arm_group_label>
    <arm_group_type>Experimental</arm_group_type>
    <description>Participants will receive a high dose of ASP2390 once weekly for a total of 12 doses. The dose for cohort 2 may be adapted after the DEC evaluates emergent safety and tolerability data.</description>
  </arm_group>
  <arm_group>
    <arm_group_label>Placebo High Dose (Cohort 2)</arm_group_label>
    <arm_group_type>Placebo Comparator</arm_group_type>
    <description>Participants will receive a high dose of matching Placebo once weekly for a total of 12 doses.</description>
  </arm_group>
  <intervention>
    <intervention_type>Biological</intervention_type>
    <intervention_name>ASP2390</intervention_name>
    <description>Intradermal</description>
    <arm_group_label>ASP2390 High Dose (Cohort 2)</arm_group_label>
    <arm_group_label>ASP2390 Low Dose (Cohort 1)</arm_group_label>
  </intervention>
  <intervention>
    <intervention_type>Biological</intervention_type>
    <intervention_name>Placebo</intervention_name>
    <description>Intradermal; normal saline solution</description>
    <arm_group_label>Placebo High Dose (Cohort 2)</arm_group_label>
    <arm_group_label>Placebo Low Dose (Cohort 1)</arm_group_label>
  </intervention>
  <eligibility>
    <criteria>
      <textblock>
        Inclusion Criteria:&#xD;
&#xD;
          -  Subject has a history of house dust mite (HDM) induced allergic rhinitis with or&#xD;
             without conjunctivitis of 1 year or longer in duration at screening 1.&#xD;
&#xD;
          -  Subject has positive skin prick test (SPT) to D. pteronyssinus.&#xD;
&#xD;
          -  Subject has a positive serum specific immunoglobulin E (IgE) level to D. pteronyssinus&#xD;
             at screening 1.&#xD;
&#xD;
          -  Subject shows a positive symptomatic reaction to an HDM based on total nasal symptom&#xD;
             score (TNSS) during the challenge test at screening 2.&#xD;
&#xD;
          -  Subject has a forced expiratory volume in 1 second (FEV1) of 80% of predicted value or&#xD;
             greater at screening 1.&#xD;
&#xD;
          -  Subject has a body mass index (BMI) range of 18.5 to 35.0 kg/m2, inclusive and weighs&#xD;
             at least 50 kg at screening 1.&#xD;
&#xD;
          -  A female subject is eligible to participate if the female subject is not pregnant and&#xD;
             at least 1 of the following conditions applies:&#xD;
&#xD;
               -  Not a woman of childbearing potential (WOCBP), OR&#xD;
&#xD;
               -  WOCBP who agrees to follow the contraceptive guidance starting at screening 1 and&#xD;
                  throughout the initial safety follow-up period.&#xD;
&#xD;
          -  Female subject must agree not to breastfeed starting at screening 1 and throughout the&#xD;
             initial safety follow-up period.&#xD;
&#xD;
          -  Female subject must not donate ova starting at screening 1 and throughout the initial&#xD;
             safety follow-up period.&#xD;
&#xD;
          -  A male subject with female partner(s) of childbearing potential must agree to use&#xD;
             contraception until after completion of the initial safety follow-up period.&#xD;
&#xD;
          -  A male subject must not donate sperm until after completion of the initial safety&#xD;
             follow-up period.&#xD;
&#xD;
          -  Male subject with a pregnant or breastfeeding partner(s) must agree to remain&#xD;
             abstinent or use a condom for the duration of the pregnancy or time partner(s) is(are)&#xD;
             breastfeeding until after completion of the initial safety follow-up period.&#xD;
&#xD;
          -  Subject agrees not to participate in another interventional study while receiving&#xD;
             study drug in present study and until after completion of the initial safety follow-up&#xD;
             period.&#xD;
&#xD;
        Exclusion Criteria:&#xD;
&#xD;
          -  Subject with concomitant allergies to seasonal aeroallergens which are anticipated to&#xD;
             be or become active through the completion of the week 18 daily symptom diary.&#xD;
&#xD;
          -  Subject with a concomitant allergy to an animal dander who has exposure on a regular&#xD;
             basis to the respective animal dander.&#xD;
&#xD;
          -  Subject has received immunosuppressive treatment within 3 months prior to screening 1.&#xD;
&#xD;
          -  Subject has received previous immunotherapy treatment with any HDM allergen within 3&#xD;
             years prior to screening 1.&#xD;
&#xD;
          -  Subject is receiving ongoing treatment with any specific immunotherapy for other&#xD;
             allergies or plans to receive during the course of the primary study period.&#xD;
&#xD;
          -  Subject who has used systemic (or inhaled) steroid, mast cell stabilizing drug,&#xD;
             T-helper cell type 2 (Th2) cytokine inhibitor, thromboxane A2 synthesis inhibitor,&#xD;
             thromboxane A2 receptor antagonist, β-blocker, α-adrenergic blockers, ergot alkaloids,&#xD;
             angiotensin-converting enzyme inhibitors and/or angiotensin-receptor blockers within 2&#xD;
             months prior to first study drug administration.&#xD;
&#xD;
          -  Subject who has used biologics that are immune modulators within 3 months prior to&#xD;
             first study drug administration.&#xD;
&#xD;
          -  Subject who has received or is planning to receive vaccination of a live vaccine&#xD;
             within 28 days prior to the first administration of the study drug and/or subject who&#xD;
             has received or is planning to receive vaccination of an inactive vaccine/toxoid&#xD;
             within 7 days prior to the first administration of the study drug during the primary&#xD;
             study period.&#xD;
&#xD;
          -  Subject with mild to severe asthma receiving therapy.&#xD;
&#xD;
          -  Subject has a nasal condition that could confound the efficacy or safety assessments.&#xD;
&#xD;
          -  Subject who has history of allergic reactions such as anaphylactic shock, exanthema&#xD;
             generalized, angioedema or hypotension caused by HDM and/or any medical products&#xD;
             (including vaccine) in the past.&#xD;
&#xD;
          -  Subject who has immune disorders and/or diseases requiring immunosuppressive drugs.&#xD;
&#xD;
          -  Subject who was diagnosed with immunodeficiency in the past.&#xD;
&#xD;
          -  Subject who is unable to discontinue antihistamines.&#xD;
&#xD;
          -  Subject has received investigational study drug within 28 days or 5 half-lives,&#xD;
             whichever is longer, prior to screening 1.&#xD;
&#xD;
          -  Subject has a known or suspected intolerance to lactose and/or milk products.&#xD;
&#xD;
          -  Subject has used any prescribed or nonprescribed drugs in the 2 weeks prior to first&#xD;
             study drug administration, except for occasional use of paracetamol, topical&#xD;
             dermatological products, hormonal contraceptives or hormone replacement therapy (HRT),&#xD;
             beta-2-agonist for treatment of asthma or rescue medications for rhinitis and for&#xD;
             conjunctivitis.&#xD;
&#xD;
          -  Subject has a history of smoking more than 10 cigarettes (or equivalent amount of&#xD;
             tobacco) per day within 3 months prior to screening 1.&#xD;
&#xD;
          -  Subject has a history of drinking more than 21 units of alcohol per week (&gt; 14 units&#xD;
             of alcohol for female subjects) within 3 months prior to screening 1 or the subject&#xD;
             tests positive for alcohol or drugs of abuse&#xD;
&#xD;
          -  Subject has had significant blood loss, donated 1 unit (450 mL) of blood or more, or&#xD;
             received a transfusion of any blood or blood products within 60 days or donated plasma&#xD;
             within 7 days prior to screening 1.&#xD;
&#xD;
          -  Other exclusion criteria apply.&#xD;
&#xD;
          -  Subject has a positive result for SARS-CoV-2 PCR test prior to the chamber challenge&#xD;
             at screening 2 (repeat virus testing performed 4 to 7 days apart with the second PCR&#xD;
             test to be performed a maximum of 2 days prior to the chamber challenge at screening&#xD;
             2) or prior to randomization on day 1.&#xD;
&#xD;
          -  Subject has clinical signs and symptoms consistent with coronavirus disease 2019&#xD;
             (COVID-19) infection, e.g., fever, dry cough, dyspnea, sore throat, fatigue, muscle or&#xD;
             body aches and gastrointestinal symptoms or confirmed infection by appropriate&#xD;
             SARS-CoV-2 PCR test within the 4 weeks prior to screening 1.&#xD;
      </textblock>
    </criteria>
    <gender>All</gender>
    <minimum_age>18 Years</minimum_age>
    <maximum_age>65 Years</maximum_age>
    <healthy_volunteers>No</healthy_volunteers>
  </eligibility>
  <overall_official>
    <last_name>Senior Medical Director</last_name>
    <role>Study Director</role>
    <affiliation>Astellas Pharma Global Development, Inc.</affiliation>
  </overall_official>
  <overall_contact>
    <last_name>Astellas Pharma Global Development</last_name>
    <phone>800-888-7704</phone>
    <email>astellas.registration@astellas.com</email>
  </overall_contact>
  <location>
    <facility>
      <name>Site DE49001</name>
      <address>
        <city>Berlin</city>
        <country>Germany</country>
      </address>
    </facility>
    <status>Recruiting</status>
  </location>
  <location>
    <facility>
      <name>Site DE49002</name>
      <address>
        <city>Hannover</city>
        <country>Germany</country>
      </address>
    </facility>
    <status>Recruiting</status>
  </location>
  <location_countries>
    <country>Germany</country>
  </location_countries>
  <verification_date>November 2020</verification_date>
  <study_first_submitted>December 2, 2019</study_first_submitted>
  <study_first_submitted_qc>December 2, 2019</study_first_submitted_qc>
  <study_first_posted type="Actual">December 4, 2019</study_first_posted>
  <last_update_submitted>November 5, 2020</last_update_submitted>
  <last_update_submitted_qc>November 5, 2020</last_update_submitted_qc>
  <last_update_posted type="Actual">November 6, 2020</last_update_posted>
  <responsible_party>
    <responsible_party_type>Sponsor</responsible_party_type>
  </responsible_party>
  <keyword>Tolerability</keyword>
  <keyword>HDM</keyword>
  <keyword>ASP2390</keyword>
  <keyword>Safety</keyword>
  <patient_data>
    <sharing_ipd>No</sharing_ipd>
    <ipd_description>Access to anonymized individual participant level data will not be provided for this trial as it meets one or more of the exceptions described on www.clinicalstudydatarequest.com under &quot;Sponsor Specific Details for Astellas.&quot;</ipd_description>
  </patient_data>
  <!-- Results have not yet been posted for this study                                          -->
</clinical_study>

