<?xml version="1.0" encoding="UTF-8"?>
<clinical_study rank="1771">
  <!-- This xml conforms to an XML Schema at:
    https://clinicaltrials.gov/ct2/html/images/info/public.xsd -->
  <required_header>
    <download_date>ClinicalTrials.gov processed this data on February 08, 2021</download_date>
    <link_text>Link to the current ClinicalTrials.gov record.</link_text>
    <url>https://clinicaltrials.gov/show/NCT04326920</url>
  </required_header>
  <id_info>
    <org_study_id>SARPAC</org_study_id>
    <nct_id>NCT04326920</nct_id>
  </id_info>
  <brief_title>Sargramostim in Patients With Acute Hypoxic Respiratory Failure Due to COVID-19 (SARPAC)</brief_title>
  <acronym>SARPAC</acronym>
  <official_title>A Prospective, Randomized, Open-label, Interventional Study to Investigate the Efficacy of Sargramostim (Leukine®) in Improving Oxygenation and Short- and Long-term Outcome of COVID-19 (Corona Virus Disease) Patients With Acute Hypoxic Respiratory Failure.</official_title>
  <sponsors>
    <lead_sponsor>
      <agency>University Hospital, Ghent</agency>
      <agency_class>Other</agency_class>
    </lead_sponsor>
    <collaborator>
      <agency>Flanders Institute of Biotechnology</agency>
      <agency_class>Other</agency_class>
    </collaborator>
  </sponsors>
  <source>University Hospital, Ghent</source>
  <oversight_info>
    <has_dmc>Yes</has_dmc>
    <is_fda_regulated_drug>Yes</is_fda_regulated_drug>
    <is_fda_regulated_device>No</is_fda_regulated_device>
    <is_us_export>Yes</is_us_export>
  </oversight_info>
  <brief_summary>
    <textblock>
      Phase IV study to evaluate the effectiveness of additional inhaled sargramostim (GM-CSF)&#xD;
      versus standard of care on blood oxygenation in patients with COVID-19 coronavirus infection&#xD;
      and acute hypoxic respiratory failure.&#xD;
    </textblock>
  </brief_summary>
  <detailed_description>
    <textblock>
      Leukine® is a yeast-derived recombinant humanized granulocyte-macrophage colony stimulating&#xD;
      factor (rhuGM-CSF, sargramostim) and the only FDA approved GM-CSF. GMCSF, a pleiotropic&#xD;
      cytokine, is an important leukocyte growth factor known to play a key role in hematopoiesis,&#xD;
      effecting the growth and maturation of multiple cell lineages as well as the functional&#xD;
      activities of these cells in antigen presentation and cell mediated immunity.&#xD;
&#xD;
      Leukine inhalation or intravenous administration, as an adjuvant therapy, may confer benefit&#xD;
      to patients with ARDS (Acute Respiratory Distress Syndrome) due to COVID-19 exposure, who are&#xD;
      at significant risk of mortality. While there is no active IND (Investigational New Drug) for&#xD;
      Leukine in the proposed patient population, Leukine is being studied in Fase II as an&#xD;
      adjuvant therapy in the management of life-threatening infections to boost the hosts innate&#xD;
      immune response to fight infection, reduce the risk of secondary infection, and in varied&#xD;
      conditions as prevention of infection during critical illness. Inhaled Leukine has also been&#xD;
      successfully used as primary therapy to improve oxygenation in patients with disordered gas&#xD;
      exchange in the lungs. We propose that based on preclinical and clinical data, Leukine&#xD;
      inhalation, as an adjuvant therapy, has an acceptable benefit-risk for use in patients with&#xD;
      hypoxic respiratory failure and ARDS due to COVID-19 exposure, who are at significant risk of&#xD;
      mortality.&#xD;
&#xD;
      Confirmed COVID19 patients with hypoxic respiratory failure (saturation below 93% on minimal&#xD;
      2 l/min O2) will be randomized to receive sargramostim 125mcg twice daily for 5 days as a&#xD;
      nebulized inhalation on top of standard of care, or to receive standard of care treatment.&#xD;
      Upon progression of disease requiring initiation of mechanical ventilatory support within the&#xD;
      5 day period, in patients in the active group, inhaled sargramostim will be replaced by&#xD;
      intravenous sargramostim 125mcg/m2 body surface area until the 5 day period is reached. From&#xD;
      day 6 onwards, progressive patients in the active group will have the option to receive an&#xD;
      additional 5 days of IV sargramostim, based on the treating physician's assessment. In the&#xD;
      control group progressive desease requiring mechanical ventilatory support, from day 6&#xD;
      onwards, the treating physician will have the option to initiate IV sargramostim 125mcg/m2&#xD;
      body surface area for 5 days. Safety data, including blood leukocyte counts, will be&#xD;
      collected in all patients. Efficacy data will also be collected and will include arterial&#xD;
      blood gases, oxygenation parameters, need for ventilation, lung compliance, organ function,&#xD;
      radiographic changes, ferritin levels, etc. as well as occurrence of secondary bacterial&#xD;
      infections.&#xD;
    </textblock>
  </detailed_description>
  <overall_status>Active, not recruiting</overall_status>
  <start_date type="Actual">March 24, 2020</start_date>
  <completion_date type="Anticipated">March 31, 2021</completion_date>
  <primary_completion_date type="Anticipated">January 31, 2021</primary_completion_date>
  <phase>Phase 4</phase>
  <study_type>Interventional</study_type>
  <has_expanded_access>No</has_expanded_access>
  <study_design_info>
    <allocation>Randomized</allocation>
    <intervention_model>Parallel Assignment</intervention_model>
    <primary_purpose>Treatment</primary_purpose>
    <masking>None (Open Label)</masking>
  </study_design_info>
  <primary_outcome>
    <measure>Improvement in oxygenation at a dose of 250 mcg daily during 5 days improves oxygenation in COVID-19 patients with acute hypoxic respiratory failure</measure>
    <time_frame>at end of 5 day treatment period</time_frame>
    <description>by mean change in PaO2/FiO2 (PaO2=Partial pressure of oxygen; FiO2= Fraction of inspired oxygen)</description>
  </primary_outcome>
  <secondary_outcome>
    <measure>Incidence of AE (Adverse Event)</measure>
    <time_frame>at end of 5 day treatment period, 10 day period, 10-20 weeks</time_frame>
  </secondary_outcome>
  <secondary_outcome>
    <measure>Incidence of SAEs (Serious Adverse Event)</measure>
    <time_frame>at end of 5 day treatment period, 10 day period, 10-20 weeks</time_frame>
  </secondary_outcome>
  <secondary_outcome>
    <measure>Clinical Status using 6-point ordinal scale</measure>
    <time_frame>at end of 5 day treatment period, 10 day period, 10-20 weeks</time_frame>
  </secondary_outcome>
  <secondary_outcome>
    <measure>Clinical Status using Clincal sign score</measure>
    <time_frame>at end of 5 day treatment period, 10 day period,10-20 weeks</time_frame>
  </secondary_outcome>
  <secondary_outcome>
    <measure>Clinical Status using SOFA score (Sequential Organ Failure Assessment score),</measure>
    <time_frame>at end of 5 day treatment period, 10 day period, 10-20 weeks</time_frame>
  </secondary_outcome>
  <secondary_outcome>
    <measure>Clinical Status using NEWS2 score (National Early Warning Score)</measure>
    <time_frame>at end of 5 day treatment period, 10 day period, 10-20 weeks</time_frame>
  </secondary_outcome>
  <secondary_outcome>
    <measure>incidence of severe or life-threatening bacterial, invasive fungal or opportunistic infection</measure>
    <time_frame>during hospital admission (up to 28 days)</time_frame>
    <description>demonstrated by bacterial or fungal culture</description>
  </secondary_outcome>
  <secondary_outcome>
    <measure>number of patients requiring initiation of mechanical ventilation</measure>
    <time_frame>during hospital admission (up to 28 days)</time_frame>
  </secondary_outcome>
  <secondary_outcome>
    <measure>Number of deaths due to any cause at 4 weeks</measure>
    <time_frame>4 weeks post inclusion</time_frame>
  </secondary_outcome>
  <secondary_outcome>
    <measure>Number of deaths due to any cause at 20 weeks</measure>
    <time_frame>20 weeks post inclusion</time_frame>
  </secondary_outcome>
  <secondary_outcome>
    <measure>number of patients developing features of secondary haemophagocytic lymphohistiocytosis</measure>
    <time_frame>at enrolment, end of 5 day treatment period, 10 day period, 10-20 weeks</time_frame>
    <description>defined by HS (Hemophagocytic Syndrome) score</description>
  </secondary_outcome>
  <secondary_outcome>
    <measure>long term Clinical status defined by 6-point ordinal scale</measure>
    <time_frame>10-20 week</time_frame>
  </secondary_outcome>
  <secondary_outcome>
    <measure>long term Clinical status defined by chest X-ray</measure>
    <time_frame>10-20 weeks</time_frame>
  </secondary_outcome>
  <secondary_outcome>
    <measure>long term Clinical status defined lung function</measure>
    <time_frame>10-12 weeks</time_frame>
  </secondary_outcome>
  <number_of_arms>2</number_of_arms>
  <enrollment type="Anticipated">80</enrollment>
  <condition>COVID-19</condition>
  <arm_group>
    <arm_group_label>Active sargramostim treatment group</arm_group_label>
    <arm_group_type>Active Comparator</arm_group_type>
    <description>Inhaled sargramostim 125mcg twice daily for 5 days on top of standard of care. Upon progression to ARDS and initiation of mechanical ventilator support within the 5 day period, inhaled sargramostim will be replaced by intravenous sargramostim 125mcg/m2 body surface area once daily until the 5 day period is reached. From day 6 onwards, progressive patients in the active group will have the option to receive an additional 5 days of IV sargramostim, based on the treating physician's assessment</description>
  </arm_group>
  <arm_group>
    <arm_group_label>Control group</arm_group_label>
    <arm_group_type>Placebo Comparator</arm_group_type>
    <description>standard of care. Subjects progressing to ARDS and requiring invasive mechanical ventilatory support, from day 6 onwards, will have the option (clinician's decision) to initiate IV sargramostim 125mcg/m2 body surface area once daily for 5 days</description>
  </arm_group>
  <intervention>
    <intervention_type>Drug</intervention_type>
    <intervention_name>Sargramostim</intervention_name>
    <description>Inhalation via mesh nebulizer and/or IV administration upon Clinical deterioration</description>
    <arm_group_label>Active sargramostim treatment group</arm_group_label>
    <arm_group_label>Control group</arm_group_label>
    <other_name>LEUKINE</other_name>
  </intervention>
  <intervention>
    <intervention_type>Other</intervention_type>
    <intervention_name>Control</intervention_name>
    <description>Standard of care</description>
    <arm_group_label>Control group</arm_group_label>
  </intervention>
  <eligibility>
    <criteria>
      <textblock>
        Inclusion Criteria:&#xD;
&#xD;
          -  Recent (≤2weeks prior to Randomization) confident diagnosis of COVID-19 confirmed by&#xD;
             antigen detection and/or PCR (Polymerase Chain Reaction), and/or seroconversion or any&#xD;
             other emerging and validated diagnostic test&#xD;
&#xD;
          -  In some patients, it may be impossible to get a confident laboratory confirmation of&#xD;
             COVID-19 diagnosis after 24h of hospital admission because viral load is low and/or&#xD;
             problems with diagnostic sensitivity. In those cases, in absence of an alternative&#xD;
             diagnosis, and with highly suspect bilateral ground glass opacities on recent (&lt;24h)&#xD;
             chest-CT scan (confirmed by a radiologist and pulmonary physician as probable&#xD;
             COVID-19), a patient can be enrolled as probable COVID-19 infected. In all cases, this&#xD;
             needs confirmation by later seroconversion.&#xD;
&#xD;
          -  Presence of acute hypoxic respiratory failure defined as (either or both)&#xD;
&#xD;
               -  saturation below 93% on minimal 2 l/min O2&#xD;
&#xD;
               -  PaO2/FiO2 below 300&#xD;
&#xD;
          -  Admitted to specialized COVID-19 ward&#xD;
&#xD;
          -  Age 18-80&#xD;
&#xD;
          -  Male or Female&#xD;
&#xD;
          -  Willing to provide informed consent&#xD;
&#xD;
        Exclusion Criteria:&#xD;
&#xD;
          -  Patients with known history of serious allergic reactions, including anaphylaxis, to&#xD;
             human granulocyte-macrophage colony stimulating factor such as sargramostim,&#xD;
             yeast-derived products, or any component of the product.&#xD;
&#xD;
          -  mechanical ventilation before start of study&#xD;
&#xD;
          -  patients with peripheral white blood cell count above 25.000 per microliter and/or&#xD;
             active myeloid malignancy&#xD;
&#xD;
          -  patients on high dose systemic steroids (&gt; 20 mg methylprednisolone or equivalent)&#xD;
&#xD;
          -  patients on lithium carbonate therapy&#xD;
&#xD;
          -  Patients enrolled in another investigational drug study&#xD;
&#xD;
          -  Pregnant or breastfeeding females (all female subjects regardless of childbearing&#xD;
             potential status must have negative pregnancy test at screening)&#xD;
&#xD;
          -  Patients with serum ferritin &gt;2000 mcg/ml (which will exclude ongoing HLH)&#xD;
      </textblock>
    </criteria>
    <gender>All</gender>
    <minimum_age>18 Years</minimum_age>
    <maximum_age>80 Years</maximum_age>
    <healthy_volunteers>No</healthy_volunteers>
  </eligibility>
  <overall_official>
    <last_name>Bart Lambrecht</last_name>
    <role>Principal Investigator</role>
    <affiliation>University Hospital, Ghent</affiliation>
  </overall_official>
  <location>
    <facility>
      <name>AZ Sint Jan Brugge</name>
      <address>
        <city>Brugge</city>
        <zip>8000</zip>
        <country>Belgium</country>
      </address>
    </facility>
  </location>
  <location>
    <facility>
      <name>University Hospital Ghent</name>
      <address>
        <city>Gent</city>
        <zip>9000</zip>
        <country>Belgium</country>
      </address>
    </facility>
  </location>
  <location>
    <facility>
      <name>UZ Brussel</name>
      <address>
        <city>Jette</city>
        <zip>1090</zip>
        <country>Belgium</country>
      </address>
    </facility>
  </location>
  <location>
    <facility>
      <name>AZ Delta Roeselare</name>
      <address>
        <city>Roeselare</city>
        <zip>8800</zip>
        <country>Belgium</country>
      </address>
    </facility>
  </location>
  <location_countries>
    <country>Belgium</country>
  </location_countries>
  <removed_countries>
    <country>Italy</country>
  </removed_countries>
  <verification_date>December 2020</verification_date>
  <study_first_submitted>March 24, 2020</study_first_submitted>
  <study_first_submitted_qc>March 27, 2020</study_first_submitted_qc>
  <study_first_posted type="Actual">March 30, 2020</study_first_posted>
  <last_update_submitted>December 8, 2020</last_update_submitted>
  <last_update_submitted_qc>December 8, 2020</last_update_submitted_qc>
  <last_update_posted type="Actual">December 9, 2020</last_update_posted>
  <responsible_party>
    <responsible_party_type>Principal Investigator</responsible_party_type>
    <investigator_affiliation>University Hospital, Ghent</investigator_affiliation>
    <investigator_full_name>Bart N. Lambrecht</investigator_full_name>
    <investigator_title>Director, VIB-UGent Center for Inflammation Research</investigator_title>
  </responsible_party>
  <keyword>GM-CSF</keyword>
  <keyword>Acute Lung Injury</keyword>
  <keyword>Hypoxia</keyword>
  <keyword>Acute Respiratory Distress Syndrome</keyword>
  <keyword>Corona virus</keyword>
  <keyword>COVID-19</keyword>
  <keyword>SARS (Severe Acute Respiratory Syndrome)</keyword>
  <keyword>Alveolar Macrophage</keyword>
  <keyword>Acute Hypoxic respiratory failure</keyword>
  <condition_browse>
    <!-- CAUTION:  The following MeSH terms are assigned with an imperfect algorithm            -->
    <mesh_term>Respiratory Insufficiency</mesh_term>
  </condition_browse>
  <intervention_browse>
    <!-- CAUTION:  The following MeSH terms are assigned with an imperfect algorithm            -->
    <mesh_term>Sargramostim</mesh_term>
  </intervention_browse>
  <patient_data>
    <sharing_ipd>No</sharing_ipd>
  </patient_data>
  <!-- Results have not yet been posted for this study                                          -->
</clinical_study>

