<?xml version="1.0" encoding="UTF-8"?>
<clinical_study rank="3912">
  <!-- This xml conforms to an XML Schema at:
    https://clinicaltrials.gov/ct2/html/images/info/public.xsd -->
  <required_header>
    <download_date>ClinicalTrials.gov processed this data on February 08, 2021</download_date>
    <link_text>Link to the current ClinicalTrials.gov record.</link_text>
    <url>https://clinicaltrials.gov/show/NCT04332666</url>
  </required_header>
  <id_info>
    <org_study_id>P2020/201</org_study_id>
    <nct_id>NCT04332666</nct_id>
  </id_info>
  <brief_title>Angiotensin-(1,7) Treatment in COVID-19: the ATCO Trial</brief_title>
  <acronym>ATCO</acronym>
  <official_title>Angiotensin-(1,7) Treatment in COVID-19: the ATCO Trial</official_title>
  <sponsors>
    <lead_sponsor>
      <agency>Erasme University Hospital</agency>
      <agency_class>Other</agency_class>
    </lead_sponsor>
    <collaborator>
      <agency>Fonds Erasme pour la Recherche Médicale</agency>
      <agency_class>Other</agency_class>
    </collaborator>
  </sponsors>
  <source>Erasme University Hospital</source>
  <oversight_info>
    <has_dmc>Yes</has_dmc>
    <is_fda_regulated_drug>No</is_fda_regulated_drug>
    <is_fda_regulated_device>No</is_fda_regulated_device>
  </oversight_info>
  <brief_summary>
    <textblock>
      Background: A novel Coronavirus (SARS-CoV-2) described in late 2019 in Wuhan, China, has led&#xD;
      to a pandemic and to a specific coronavirus-related disease (COVID-19), which is mainly&#xD;
      characterized by a respiratory involvement. While researching for a vaccine has been started,&#xD;
      effective therapeutic solutions are urgently needed to face this threaten. The&#xD;
      renin-angiotensin system (RAS) has a relevant role in COVID-19, as the virus will enter host&#xD;
      's cells via the angiotensin-converting enzyme 2 (ACE2); RAS disequilibrium might also play a&#xD;
      key role in the modulation of the inflammatory response that characterizes the lung&#xD;
      involvement. Angiotensin-(1-7) is a peptide that is downregulated in COVID-19 patient and it&#xD;
      may potentially improve respiratory function in this setting.&#xD;
&#xD;
      Methods/Design: The Investigators describe herein the methodology of a randomized,&#xD;
      controlled, adaptive Phase II/Phase III trial to test the safety, efficacy and clinical&#xD;
      impact of the infusion of angiotensin-(1-7) in COVID-19 patients with respiratory failure&#xD;
      requiring mechanical ventilation. A first phase of the study, including a limited number of&#xD;
      patients (n=20), will serve to confirm the safety of the study drug, by observing the number&#xD;
      of the severe adverse events. In a second phase, the enrollment will continue to investigate&#xD;
      the primary endpoint of the study (i.e. number of days where the patient is alive and not on&#xD;
      mechanical ventilation up to day 28) to evaluate the efficacy and the clinical impact of this&#xD;
      drug. Secondary outcomes will include the hospital length of stay, ICU length of stay, ICU&#xD;
      and hospital mortality, time to weaning from mechanical ventilation, reintubation rate,&#xD;
      secondary infections, needs for vasopressors, PaO2/FiO2 changes, incidence of deep vein&#xD;
      thrombosis, changes in inflammatory markers, angiotensins plasmatic levels and changes in&#xD;
      radiological findings. The estimated sample size to demonstrate a reduction in the primary&#xD;
      outcome from a median of 14 to 11 days is 56 patients, 60 including a dropout rate of 3%&#xD;
      (i.e. 30 per group), but a preplanned recalculation of the study sample size is previewed&#xD;
      after the enrollment of 30 patients.&#xD;
&#xD;
      Expected outcomes/Discussion: This controlled trial will assess the efficacy, safety and&#xD;
      clinical impact of the Angiotensin-(1-7) infusion in a cohort of COVID-19 patients requiring&#xD;
      mechanical ventilation. The results of this trial may provide useful information for the&#xD;
      management of this disease.&#xD;
    </textblock>
  </brief_summary>
  <detailed_description>
    <textblock>
      Rationale for the study The cellular entry of the SARS-CoV-2 can result in a functional&#xD;
      reduction of ACE2 activity and this could lead to an increased activity of the Ang II/AT1&#xD;
      axis and decreased levels Ang-(1-7)/MasR expression that could contribute to the severity of&#xD;
      the disease. The administration of Ang-(1-7) could reestablish this equilibrium, contributing&#xD;
      to decrease pulmonary inflammation e thus decreasing the symptoms of the disease.&#xD;
&#xD;
      Eligible patients and the next of kin (whenever possible) should be informed about the&#xD;
      rationale and the aims of the study and potential risks of drug infusion. Local ethical&#xD;
      regulations should be otherwise followed. Due to the eligibility criteria and the urgency&#xD;
      setting, a delayed written consent may be obtained after randomization from the next of kin&#xD;
      and/or the patient (i.e. after ICU discharge).&#xD;
&#xD;
      Randomization will be performed using sealed envelopes with a ratio of 1:1 including&#xD;
      information on treatment assignment and a five-digit number, which will be open by the person&#xD;
      responsible for drug constitution. Each vial or syringe will be then labeled with the&#xD;
      randomly allocated number it will be assigned to the nursing personnel. The doctors and&#xD;
      nurses administering the drugs, as well as the local investigators and research personnel who&#xD;
      collected data, were unaware of the treatment assignments. Randomization should occur within&#xD;
      24 hours since orotracheal intubation and drug infusion initiated within 4 hours from&#xD;
      randomization.&#xD;
&#xD;
      Trial will be conducted in adherence to the current Helsinki Declaration and the standard of&#xD;
      good clinical practice. Screening of patients will only start after approval of the ethical&#xD;
      committees (EC) in the trial sites. No deviation of the protocol will be implemented without&#xD;
      the prior review and approval of the ECs.&#xD;
&#xD;
      Study Treatment Ang-(1-7) is a pre-constitute intravenous lyophilized formulation containing&#xD;
      0.5 mg/ ampoule and will be administered to patients via a dedicated central venous line at&#xD;
      the initial dose of 0.1 mcg/Kg/h (equivalent to 2.5 mcg/Kg/day). After the first hour of&#xD;
      infusion, if no decrease in mean arterial pressure (decrease superior to 30% or need to&#xD;
      increase vasopressors ≥ 50% of an initial dosage to maintain a MAP ≥ 65mmHg), the infusion&#xD;
      rate will be increased to 0.2 mcg/Kg/h (equivalent to 5 mcg/Kg/day). The infusion will be&#xD;
      continued for up to 48 hours and then stopped. To this end, the substance solution,&#xD;
      prepackaged, will be diluted in 1000ml of NaCl 0.9% and then infused using an infusion pump&#xD;
      at corresponding speed. The placebo substance, made up of the vehicle alone, will also be&#xD;
      intravenously administrated using the same procedure as that for the substance containing the&#xD;
      active principle.&#xD;
&#xD;
      Patient's management Management of any underlying comorbidity will be at discretion of the&#xD;
      attending physicians; the use of international guidelines for the monitoring and the adequate&#xD;
      therapeutic interventions are recommended in all patients.&#xD;
&#xD;
      In particular, patients ventilation should be managed according to ATS/ESICM/SCCM 2017&#xD;
      consensus for the ventilation in ARDS patients which suggest low tidal volume ventilation&#xD;
      (4-8 mL/Kg predicted body weight) associated with low plateau pressure (&lt;30 cmH2O), high&#xD;
      positive end-expiratory pressure (PEEP) associated with recruitment maneuvers and prone&#xD;
      positioning for periods longer than 12h in severe ARDS patients. Arterial gas analysis&#xD;
      assessment should be performed at maximum intervals of six hours or more often according to&#xD;
      the attending physician beliefs. Maintenance fluid should be chosen among balanced&#xD;
      crystalloids and the quantity will be decided by the attending physician. Glucose management,&#xD;
      nutrition protocols, decision to administer neuromuscular blockade, prone positioning, ECMO,&#xD;
      nitric oxide or any other adjunctive therapies will be continued according to center current&#xD;
      clinical practice and will be recorded in the CRF file.&#xD;
&#xD;
      Weaning procedure Regarding the weaning from mechanical ventilation, in order to standardize&#xD;
      and reduce bias we will comply with the following procedures based on ARDS Network protocol&#xD;
      (ARDSnet).&#xD;
&#xD;
      Each day the patients enrolled will be assessed by the medical staff for the following&#xD;
      weaning criteria:&#xD;
&#xD;
        1. FiO2 ≤ 0.40 and PEEP ≤ 8 cmH2O OR FiO2 &lt; 0.50 and PEEP &lt; 5 cmH2O&#xD;
&#xD;
        2. PEEP and FiO2 ≤ values of previous day.&#xD;
&#xD;
        3. No neuromuscular blocking agents&#xD;
&#xD;
        4. Patient has acceptable spontaneous breathing efforts (It will be allowed to decrease the&#xD;
           respiratory rate on the ventilator up to 50% for 5 min to detect inspiratory effort)&#xD;
&#xD;
        5. Systolic BP ≥ 90 mmHg&#xD;
&#xD;
      If all the above conditions will be met, medical staff will start a spontaneous breathing&#xD;
      test (SBT) for up to 120 minutes using one of the following methods and maintaining a: FiO2 ≤&#xD;
      0.5:&#xD;
&#xD;
        1. T-piece Tube&#xD;
&#xD;
        2. Pressure Support Ventilation ≤ 5 cmH2O with PEEP ≤ 5 cmH2O&#xD;
&#xD;
        3. CPAP with PEEP ≤ 5 cmH2O&#xD;
&#xD;
        4. Tracheal Collar mask&#xD;
&#xD;
      To test the tolerance at such measures the medical staff will evaluate the following goals&#xD;
      for a minimum of 30 minutes up to 120 minutes:&#xD;
&#xD;
        1. SpO2 ≥ 90% and / or PaO2 ≥ 60 mm Hg&#xD;
&#xD;
        2. Mean spontaneous tidal volume ≥ 4 ml/kg PBW (if measured)&#xD;
&#xD;
        3. Respiratory Rate ≤ 35 / min&#xD;
&#xD;
        4. pH ≥ 7.30 (if measured)&#xD;
&#xD;
        5. No respiratory distress (defined as 2 or more of the following):&#xD;
&#xD;
             1. Heart rate ≥ 120% of the rate (≤ 5 min at &gt; 120% may be tolerated)&#xD;
&#xD;
             2. Marked use of accessory muscles&#xD;
&#xD;
             3. Abdominal paradox&#xD;
&#xD;
             4. Diaphoresis&#xD;
&#xD;
             5. Marked subjective dyspnea&#xD;
&#xD;
      If all these goals will be met, the medical staff will consider extubation, otherwise the&#xD;
      patient will be treated with the pre-weaning settings.&#xD;
&#xD;
      Data Collection Data collection on admission will include: demographic characteristics,&#xD;
      comorbidities, including use of antihypertensive medications, source of admission, primary&#xD;
      and secondary diagnosis, delay since symptoms begin, APACHE II Score (the worst values within&#xD;
      the first 24 hours), SOFA score on admission, Chest X-ray and Thoracic CT scan results if&#xD;
      available, EKG trace, PaO2/FiO2 on admission. Daily data collection during ICU stay will&#xD;
      include: continuous hemodynamic monitoring, including invasive arterial pressure monitoring&#xD;
      and continuous EKG; SaO2 and PaO2/FiO2 every 2 hours; blood samples including Hb, glucose and&#xD;
      several other chemical variables will be collected at least once per day at 8 am (or the&#xD;
      first value of the day); ventilatory parameters and arterial gas analysis will be also&#xD;
      collected every six hours; SOFA score; presence of any other documented infection (site,&#xD;
      pathogen, treatment); presence of septic shock; daily diuresis and daily total fluid&#xD;
      infusion, urine analysis including main electrolytes (sodium, potassium, chloride, calcium)&#xD;
      and osmolarity every morning. The occurrence of serious adverse events (see specific&#xD;
      paragraph in the text). Duration of ICU stay, duration of mechanical ventilation, need for&#xD;
      tracheostomy. In case of death, reasons for withdrawal of care will be recorded. All the data&#xD;
      will be recorded using the specific CRF forms, divided into a core section and a daily&#xD;
      section and will be uploaded to a web-centralized protected database.&#xD;
&#xD;
      Statistical Analysis&#xD;
&#xD;
      First phase (Phase IIb) = 15 vs 15 patients Second phase (Phase III) = expected 30 vs 30&#xD;
      patients in total (recalculation of sample size after 15 vs. 15 patients included)&#xD;
&#xD;
      The primary outcome of this study is the number of ventilator free days at day 28.&#xD;
&#xD;
      Considering an expected median duration of mechanical ventilation in COVID-19 related&#xD;
      respiratory insufficiency patients of 14 days, to provide an absolute reduction of 22,5% with&#xD;
      an alpha error of 0.05 and to provide a power to detect the effect of 80% and a dropout rate&#xD;
      of 3%, 60 patients will need to be included in the primary analysis, 30 in each group.&#xD;
&#xD;
      Pre-planned Stratified group analysis will be performed for the following group of patients:&#xD;
&#xD;
        1. History of hypertension vs. no history of hypertension&#xD;
&#xD;
        2. Treatment with ACEi, ARB or DRI drugs vs no treatment&#xD;
&#xD;
        3. Age (&lt;65 vs. ≥ 65 years)&#xD;
&#xD;
        4. PaO2/FiO2 values at randomization (&lt;100 vs ≥ 100)&#xD;
&#xD;
        5. Confirmed vs highly suspected COVID-19&#xD;
&#xD;
      Data Safety Management Members of the Data Safety Monitoring Committee (DSMC) are individuals&#xD;
      free of conflicts of interest for this protocol; DSMC will analyze the safety of the study&#xD;
      and their membership within the DSMC will be for the duration of this clinical trial. Serious&#xD;
      Adverse Events (SAEs) will be recorded at the participating site on the specific CRF and&#xD;
      their occurrence will be monitored by the DSMC at the different interim analysis. Formal&#xD;
      meeting will be held for each interim analysis to review the data related to the primary&#xD;
      outcome, the safety findings as well as the quality of the trial conduct. To enhance the&#xD;
      integrity of the trial, the DSMC will have access to the different results aggregated by&#xD;
      treatment group and remain unaware of the treatment assignment (the groups will be encoded as&#xD;
      A and B). A report including data on recruitment and baseline characteristics and pooled data&#xD;
      on eligibility violations will be prepared by the statistician for each DSMC meeting. Only&#xD;
      the independent statistician will have access to the whole database. A closed report will be&#xD;
      then prepared to allow confidential discussion of clinical data and the DSMC has to prepare&#xD;
      minutes of their meetings, with a list of recommendations for the Steering Committee (to&#xD;
      continue, to hold or to terminate the trial). If the recommendation is to stop the trial, a&#xD;
      final decision will be made after the analysis of all patients included at the time&#xD;
      (including patients randomized after data collection for the DSMC meeting). The Steering&#xD;
      Committee will be responsible for deciding whether to continue, hold or stop the trial based&#xD;
      on DSMC recommendations. The DSMC will be notified of all changes to the trial protocol or&#xD;
      conduct.&#xD;
&#xD;
      Organization Data will be recorded using pre-printed CRF by the attending physician or a&#xD;
      trained research nurse. All data will be periodically introduced by trained personnel in the&#xD;
      central web-based database. The study coordinator will contact each time a patient is&#xD;
      included the local PI to ensure data collection and reporting as well as completion of&#xD;
      patient follow-up or on premature termination of the study protocol. The individual data&#xD;
      provided by a participating ICU are primarily property of the ICU who generated the data. All&#xD;
      investigators have the right to access their data every time.&#xD;
&#xD;
      The Principal Investigators of the study have the responsibility to perform periodic and spot&#xD;
      checks visits to monitor the progress of the clinical study. Completed CRFs will be reviewed&#xD;
      for completeness, compliance with investigation plan and appropriate device use and&#xD;
      accountability. Case report forms will be uploaded on a website with the help of an&#xD;
      independent statistician, which will be overseen data entry and data quality management. Data&#xD;
      on safety will be provided to the DMSC with regular time intervals. The steering committee&#xD;
      will review study integrity, safety and risk/benefit issues after 25 included patients. The&#xD;
      rate of these reviews could increase according to report of relevant safety issues.&#xD;
      Independent analyses of serious adverse events will be performed and adjudicated if the&#xD;
      frequency or nature of serious adverse events warrants it.&#xD;
    </textblock>
  </detailed_description>
  <overall_status>Not yet recruiting</overall_status>
  <start_date type="Anticipated">September 30, 2020</start_date>
  <completion_date type="Anticipated">June 15, 2021</completion_date>
  <primary_completion_date type="Anticipated">December 30, 2020</primary_completion_date>
  <phase>Phase 2/Phase 3</phase>
  <study_type>Interventional</study_type>
  <has_expanded_access>No</has_expanded_access>
  <study_design_info>
    <allocation>Randomized</allocation>
    <intervention_model>Parallel Assignment</intervention_model>
    <intervention_model_description>Randomized, controlled, investigator initiated, phase II/phase III seamless, adaptive, single blinded, interventional trial to evaluate the efficacy, safety and clinical impact of intravenous Ang-(1-7) infusion compared to standard treatment in ICU patients with severe respiratory failure associated with COVID-19. This study will be conducted initially in one center (Erasme Hospital, Belgium), but other sites will be allowed to join if: Number of expected patients with COVID related ARF ≥ 10, experience in treatment of ARDS patients (&gt; 25/year), including prone positioning ,availability of the equipment required to provide the blood sample processing and storage. We planned a first phase of the study where 30 patients will be randomly receiving Ang-(1-7) or placebo to confirm the safety. The Final power calculation will be reassessed after 30 included patients (i.e. 15 in each arm), in line with a preplanned expected total number of patients needed of 60.</intervention_model_description>
    <primary_purpose>Treatment</primary_purpose>
    <masking>Triple (Participant, Investigator, Outcomes Assessor)</masking>
    <masking_description>Randomization will be performed using sealed envelopes with a ratio of 1:1 including information on treatment assignment and a five-digit number, which will be open by the person responsible for drug constitution. Each vial or syringe will be then labeled with the randomly allocated number it will be assigned to the nursing personnel. The doctors and nurses administering the drugs, as well as the local investigators and research personnel who collected data, were unaware of the treatment assignments.</masking_description>
  </study_design_info>
  <primary_outcome>
    <measure>ventilator free days</measure>
    <time_frame>28 days</time_frame>
    <description>composite outcome of mortality and necessity of mechanical ventilation</description>
  </primary_outcome>
  <secondary_outcome>
    <measure>ICU free days</measure>
    <time_frame>trough study completion, on average 40 days</time_frame>
    <description>number of days free from intensive care unit</description>
  </secondary_outcome>
  <secondary_outcome>
    <measure>Hospital length of stay</measure>
    <time_frame>through study completion, on average 60 days</time_frame>
    <description>Hospital length of stay</description>
  </secondary_outcome>
  <secondary_outcome>
    <measure>Time to wean from mechanical ventilation</measure>
    <time_frame>through study completion, on average 14 days</time_frame>
    <description>Time to wean from mechanical ventilation</description>
  </secondary_outcome>
  <secondary_outcome>
    <measure>PaO2/FiO2 changes during drug administration</measure>
    <time_frame>48 hours</time_frame>
    <description>PaO2/FiO2 changes during drug administration</description>
  </secondary_outcome>
  <secondary_outcome>
    <measure>Deep vein thrombosis incidence</measure>
    <time_frame>through study completion, on average 30 days</time_frame>
    <description>US confirmed deep vein thrombosis</description>
  </secondary_outcome>
  <secondary_outcome>
    <measure>Changes in inflammatory markers</measure>
    <time_frame>at randomization, 48 hours after randomization and 72 hours after randomization</time_frame>
    <description>including IL-1, IL-2, IL-6, IL-7, IL-8, IL-10, TNF-alpha, interferon gamma</description>
  </secondary_outcome>
  <secondary_outcome>
    <measure>RAS effectors levels</measure>
    <time_frame>at randomization, 48 hours after randomization and 72 hours after randomization</time_frame>
    <description>Ang II and Ang-(1-7) plasmatic levels</description>
  </secondary_outcome>
  <secondary_outcome>
    <measure>Radiological findings</measure>
    <time_frame>through study completion, on average 30 days</time_frame>
    <description>Chest x-ray or CT scan changes</description>
  </secondary_outcome>
  <other_outcome>
    <measure>Rate of serious adverse events</measure>
    <time_frame>study drug administration/day 28 or ICU discharge or death</time_frame>
    <description>phase 2b = principal safety outcome; phase 3 = secondary outcome</description>
  </other_outcome>
  <number_of_arms>2</number_of_arms>
  <enrollment type="Anticipated">60</enrollment>
  <condition>Coronavirus</condition>
  <condition>Respiratory Failure</condition>
  <condition>Coronavirus Sars-Associated as Cause of Disease Classified Elsewhere</condition>
  <condition>SARS-CoV-2</condition>
  <arm_group>
    <arm_group_label>Placebo</arm_group_label>
    <arm_group_type>Placebo Comparator</arm_group_type>
    <description>Standard of care treatment</description>
  </arm_group>
  <arm_group>
    <arm_group_label>Study drug</arm_group_label>
    <arm_group_type>Experimental</arm_group_type>
    <description>Angiotensin-(1-7) infusion (venous) of 0.2 mcg/Kg/h for 48h</description>
  </arm_group>
  <intervention>
    <intervention_type>Drug</intervention_type>
    <intervention_name>Angiotensin 1-7</intervention_name>
    <description>endogenous peptide dilution: angiotensin-(1-7) 0.5 mg / L NaCl 0.9%</description>
    <arm_group_label>Study drug</arm_group_label>
  </intervention>
  <intervention>
    <intervention_type>Drug</intervention_type>
    <intervention_name>Placebos</intervention_name>
    <description>infusion of NaCl 0.9% without diluted peptide in it</description>
    <arm_group_label>Placebo</arm_group_label>
  </intervention>
  <eligibility>
    <criteria>
      <textblock>
        Inclusion Criteria:&#xD;
&#xD;
          -  Age &gt; 18 years old&#xD;
&#xD;
          -  Expected ICU stay of &gt; 48 hours&#xD;
&#xD;
          -  Bilateral Viral Pneumonia&#xD;
&#xD;
          -  Orotracheal intubation from less than 24 hours&#xD;
&#xD;
          -  Confirmed or highly suspected COVID-19&#xD;
&#xD;
        Exclusion Criteria:&#xD;
&#xD;
          -  Patients with cancer (all stages) diagnosis&#xD;
&#xD;
          -  Severe hemodynamic instability (need of vasopressors &gt;1 mcg/Kg/min to maintain a MAP &gt;&#xD;
             65 mmHg)&#xD;
&#xD;
          -  Pregnant women&#xD;
&#xD;
          -  Immunocompromised patients&#xD;
&#xD;
          -  Limitations of care&#xD;
&#xD;
          -  Inclusion in any other interventional trial&#xD;
      </textblock>
    </criteria>
    <gender>All</gender>
    <minimum_age>18 Years</minimum_age>
    <maximum_age>N/A</maximum_age>
    <healthy_volunteers>No</healthy_volunteers>
  </eligibility>
  <overall_official>
    <last_name>Filippo Annoni, MD</last_name>
    <role>Principal Investigator</role>
    <affiliation>Erasme hospital</affiliation>
  </overall_official>
  <overall_official>
    <last_name>Robson AS Santos, MD,PhD</last_name>
    <role>Principal Investigator</role>
    <affiliation>Minas Gerais University</affiliation>
  </overall_official>
  <overall_contact>
    <last_name>filippo annoni, MD</last_name>
    <phone>0032(0)483141483</phone>
    <email>filippo.annoni@erasme.ulb.ac.be</email>
  </overall_contact>
  <overall_contact_backup>
    <last_name>Fabio S Taccone, PD,PhD</last_name>
    <email>fabio.tacconei@erasme.ulb.ac.be</email>
  </overall_contact_backup>
  <verification_date>August 2020</verification_date>
  <study_first_submitted>March 27, 2020</study_first_submitted>
  <study_first_submitted_qc>April 2, 2020</study_first_submitted_qc>
  <study_first_posted type="Actual">April 3, 2020</study_first_posted>
  <last_update_submitted>August 18, 2020</last_update_submitted>
  <last_update_submitted_qc>August 18, 2020</last_update_submitted_qc>
  <last_update_posted type="Actual">August 19, 2020</last_update_posted>
  <responsible_party>
    <responsible_party_type>Sponsor</responsible_party_type>
  </responsible_party>
  <condition_browse>
    <!-- CAUTION:  The following MeSH terms are assigned with an imperfect algorithm            -->
    <mesh_term>Coronavirus Infections</mesh_term>
    <mesh_term>Severe Acute Respiratory Syndrome</mesh_term>
    <mesh_term>Respiratory Insufficiency</mesh_term>
  </condition_browse>
  <intervention_browse>
    <!-- CAUTION:  The following MeSH terms are assigned with an imperfect algorithm            -->
    <mesh_term>Angiotensin I (1-7)</mesh_term>
  </intervention_browse>
  <patient_data>
    <sharing_ipd>No</sharing_ipd>
  </patient_data>
  <!-- Results have not yet been posted for this study                                          -->
</clinical_study>

