<?xml version="1.0" encoding="UTF-8"?>
<clinical_study rank="3806">
  <!-- This xml conforms to an XML Schema at:
    https://clinicaltrials.gov/ct2/html/images/info/public.xsd -->
  <required_header>
    <download_date>ClinicalTrials.gov processed this data on February 08, 2021</download_date>
    <link_text>Link to the current ClinicalTrials.gov record.</link_text>
    <url>https://clinicaltrials.gov/show/NCT04251767</url>
  </required_header>
  <id_info>
    <org_study_id>WMT-YJ-202001</org_study_id>
    <nct_id>NCT04251767</nct_id>
  </id_info>
  <brief_title>Washed Microbiota Transplantation for Patients With 2019-nCoV Infection</brief_title>
  <official_title>Washed Microbiota Transplantation for Patients With 2019-nCoV Infection: a Randomized, Double-blind, Placebo-controlled Study</official_title>
  <sponsors>
    <lead_sponsor>
      <agency>The Second Hospital of Nanjing Medical University</agency>
      <agency_class>Other</agency_class>
    </lead_sponsor>
  </sponsors>
  <source>The Second Hospital of Nanjing Medical University</source>
  <oversight_info>
    <has_dmc>Yes</has_dmc>
    <is_fda_regulated_drug>No</is_fda_regulated_drug>
    <is_fda_regulated_device>No</is_fda_regulated_device>
    <is_us_export>No</is_us_export>
  </oversight_info>
  <brief_summary>
    <textblock>
      Gut dysbiosis co-exists in patients with coronavirus pneumonia. Some of these patients would&#xD;
      develop secondary bacterial infections and antibiotic-associated diarrhea (AAD). The recent&#xD;
      study on using washed microbiota transplantation (WMT) as rescue therapy in critically ill&#xD;
      patients with AAD demonstrated the important clinical benefits and safety of WMT. This&#xD;
      clinical trial aims to evaluate the outcome of WMT combining with standard therapy for&#xD;
      patients with 2019-novel coronavirus pneumonia, especially for those patients with&#xD;
      dysbiosis-related conditions.&#xD;
    </textblock>
  </brief_summary>
  <detailed_description>
    <textblock>
      An ongoing outbreak of 2019 novel coronavirus was reported in Wuhan, China. 2019-nCoV has&#xD;
      caused a cluster of pneumonia cases, and posed continuing epidemic threat to China and even&#xD;
      global health. Unfortunately, there is currently no specific effective treatment for the&#xD;
      viral infection and the related serious complications. It is in urgent need to find a new&#xD;
      specific effective treatment for the 2019-nCoV infection. According to Declaration of&#xD;
      Helsinki and International Ethical Guidelines for Health-related Research Involving Humans,&#xD;
      the desperately ill patients with 2019-nCov infection during disease outbreaks have a moral&#xD;
      right to try unvalidated medical interventions (UMIs) and that it is therefore unethical to&#xD;
      restrict access to UMIs to the clinical trial context.&#xD;
&#xD;
      There is a vital link between the intestinal tract and respiratory tract, which was&#xD;
      exemplified by intestinal complications during respiratory disease and vice versa. Some of&#xD;
      these patients can develop secondary bacterial infections and antibiotic-associated diarrhea&#xD;
      (AAD). The recent study on using washed microbiota transplantation (WMT) as rescue therapy in&#xD;
      critically ill patients with AAD demonstrated the important clinical benefits and safety of&#xD;
      WMT. Additionally, the recent animal study provided direct evidence supporting that&#xD;
      antibiotics could decrease gut microbiota and the lung stromal interferon signature and&#xD;
      facilitate early influenza virus replication in lung epithelia. Importantly, the above&#xD;
      antibiotics caused negative effects can be reversed by fecal microbiota transplantation (FMT)&#xD;
      which suggested that FMT might be able to induce a significant improvement in the respiratory&#xD;
      virus infection. Another evidence is that the microbiota could confer protection against&#xD;
      certain virus infection such as influenza virus and respiratory syncytial virus by priming&#xD;
      the immune response to viral evasion. The above results suggested that FMT might be a new&#xD;
      therapeutic option for the treatment of virus-related pneumonia. The methodology of FMT&#xD;
      recently was coined as WMT, which is dependent on the automatic facilities and washing&#xD;
      process in a laboratory room. Patients underwent WMT with the decreased rate of adverse&#xD;
      events and unchanged clinical efficacy in ulcerative colitis and Crohn's disease. This&#xD;
      clinical trial aims to evaluate the outcome of WMT combining with standard therapy for&#xD;
      patients with novel coronavirus pneumonia, especially for those patients with&#xD;
      dysbiosis-related conditions.&#xD;
    </textblock>
  </detailed_description>
  <overall_status>Withdrawn</overall_status>
  <why_stopped>
    Follow new disciplines on disease control from government&#xD;
  </why_stopped>
  <start_date type="Anticipated">February 5, 2020</start_date>
  <completion_date type="Anticipated">April 30, 2020</completion_date>
  <primary_completion_date type="Anticipated">April 30, 2020</primary_completion_date>
  <phase>N/A</phase>
  <study_type>Interventional</study_type>
  <has_expanded_access>No</has_expanded_access>
  <study_design_info>
    <allocation>Randomized</allocation>
    <intervention_model>Parallel Assignment</intervention_model>
    <primary_purpose>Treatment</primary_purpose>
    <masking>Quadruple (Participant, Care Provider, Investigator, Outcomes Assessor)</masking>
  </study_design_info>
  <primary_outcome>
    <measure>Number of participants with improvement from severe type to common type</measure>
    <time_frame>2 weeks</time_frame>
    <description>Common type: Fever, respiratory tract and other symptoms, imaging examination shows pneumonia;&#xD;
Severe type (meeting any of the following）: (1) Respiratory distress，respiratory rate ≥ 30 bmp; (2) Oxygen saturation ≤ 93%；(3)PaO2/FiO2 ≤ 300mmHg.&#xD;
Critically severe type (meeting any of the following）: (1) Respiratory failure requiring mechanical ventilation; (2) Shock; (3) Combining with other organ failures, requiring ICU monitoring and treatment.</description>
  </primary_outcome>
  <number_of_arms>2</number_of_arms>
  <enrollment type="Actual">0</enrollment>
  <condition>COVID-19 Complicated With Refractory Intestinal Infections</condition>
  <arm_group>
    <arm_group_label>Observational group</arm_group_label>
    <arm_group_type>Experimental</arm_group_type>
    <description>5u washed microbiota suspension administered via nasogastric tube, nasojejunal tube or oral, combining with standard therapy.</description>
  </arm_group>
  <arm_group>
    <arm_group_label>Control group</arm_group_label>
    <arm_group_type>Placebo Comparator</arm_group_type>
    <description>5 u placebo (edible suspension of the same color as the washed microbiota suspension) administered via nasogastric tube, nasojejunal tube or oral, combining with standard therapy.</description>
  </arm_group>
  <intervention>
    <intervention_type>Other</intervention_type>
    <intervention_name>washed microbiota transplantation</intervention_name>
    <description>Washed microbiota suspension (5u) delivered through nasogastric tube, nasojejunal tube or oral.&#xD;
Dose and frequency: 5u, once.</description>
    <arm_group_label>Observational group</arm_group_label>
    <other_name>microbiota transplantation</other_name>
    <other_name>fecal microbiota transplantation</other_name>
  </intervention>
  <intervention>
    <intervention_type>Other</intervention_type>
    <intervention_name>placebo</intervention_name>
    <description>Placebo (edible suspension of the same color as the washed microbiota suspension，5u) administered via nasogastric tube, nasojejunal tube or oral, combining with standard therapy.&#xD;
Dose and frequency: 5u, once.</description>
    <arm_group_label>Control group</arm_group_label>
    <other_name>edible suspension</other_name>
  </intervention>
  <eligibility>
    <criteria>
      <textblock>
        Inclusion Criteria:&#xD;
&#xD;
          1. 14-70 years old&#xD;
&#xD;
          2. 2019 novel coronavirus pneumonia (severe type)&#xD;
&#xD;
          3. Subjects voluntarily participate in the clinical trial and sign the informed consent&#xD;
&#xD;
        Exclusion Criteria:&#xD;
&#xD;
          1. Disturbance of consciousness&#xD;
&#xD;
          2. Difficulty swallowing and frequent vomiting&#xD;
&#xD;
          3. Patients requiring blood transfusion&#xD;
&#xD;
          4. Pulmonary abscess, hepatitis, cirrhosis, tuberculosis, emphysema and pulmonary&#xD;
             infarction&#xD;
&#xD;
          5. Fungal and other identified pathogens infection&#xD;
&#xD;
          6. Heart failure existed before diagnosis of novel coronavirus infection&#xD;
&#xD;
          7. Liver function: alanine aminotransferase &gt; 500 U/L&#xD;
&#xD;
          8. Patients requiring hemodialysis&#xD;
&#xD;
          9. Taking anticoagulant drugs due to cardiovascular and cerebrovascular diseases&#xD;
&#xD;
         10. Other conditions that the investigator considers ineligible for clinical trial&#xD;
      </textblock>
    </criteria>
    <gender>All</gender>
    <minimum_age>14 Years</minimum_age>
    <maximum_age>70 Years</maximum_age>
    <healthy_volunteers>No</healthy_volunteers>
  </eligibility>
  <overall_official>
    <last_name>Faming Zhang, MD; PHD</last_name>
    <role>Principal Investigator</role>
    <affiliation>The Second Hospital of Nanjing Medical University</affiliation>
  </overall_official>
  <location>
    <facility>
      <name>Medical Center for Digestive Diseases, The Second Affiliated Hospital of Nanjing Medical University</name>
      <address>
        <city>Nanjing</city>
        <state>Jiangsu</state>
        <zip>210011</zip>
        <country>China</country>
      </address>
    </facility>
  </location>
  <location_countries>
    <country>China</country>
  </location_countries>
  <reference>
    <citation>Bradley KC, Finsterbusch K, Schnepf D, Crotta S, Llorian M, Davidson S, Fuchs SY, Staeheli P, Wack A. Microbiota-Driven Tonic Interferon Signals in Lung Stromal Cells Protect from Influenza Virus Infection. Cell Rep. 2019 Jul 2;28(1):245-256.e4. doi: 10.1016/j.celrep.2019.05.105.</citation>
    <PMID>31269444</PMID>
  </reference>
  <reference>
    <citation>Dai M, Liu Y, Chen W, Buch H, Shan Y, Chang L, Bai Y, Shen C, Zhang X, Huo Y, Huang D, Yang Z, Hu Z, He X, Pan J, Hu L, Pan X, Wu X, Deng B, Li Z, Cui B, Zhang F. Rescue fecal microbiota transplantation for antibiotic-associated diarrhea in critically ill patients. Crit Care. 2019 Oct 21;23(1):324. doi: 10.1186/s13054-019-2604-5.</citation>
    <PMID>31639033</PMID>
  </reference>
  <reference>
    <citation>Ding X, Li Q, Li P, Zhang T, Cui B, Ji G, Lu X, Zhang F. Long-Term Safety and Efficacy of Fecal Microbiota Transplant in Active Ulcerative Colitis. Drug Saf. 2019 Jul;42(7):869-880. doi: 10.1007/s40264-019-00809-2.</citation>
    <PMID>30972640</PMID>
  </reference>
  <reference>
    <citation>Domínguez-Díaz C, García-Orozco A, Riera-Leal A, Padilla-Arellano JR, Fafutis-Morris M. Microbiota and Its Role on Viral Evasion: Is It With Us or Against Us? Front Cell Infect Microbiol. 2019 Jul 18;9:256. doi: 10.3389/fcimb.2019.00256. eCollection 2019. Review.</citation>
    <PMID>31380299</PMID>
  </reference>
  <reference>
    <citation>Ekbom A, Brandt L, Granath F, Löfdahl CG, Egesten A. Increased risk of both ulcerative colitis and Crohn's disease in a population suffering from COPD. Lung. 2008 May-Jun;186(3):167-172. doi: 10.1007/s00408-008-9080-z. Epub 2008 Mar 11.</citation>
    <PMID>18330638</PMID>
  </reference>
  <reference>
    <citation>Huang C, Wang Y, Li X, Ren L, Zhao J, Hu Y, Zhang L, Fan G, Xu J, Gu X, Cheng Z, Yu T, Xia J, Wei Y, Wu W, Xie X, Yin W, Li H, Liu M, Xiao Y, Gao H, Guo L, Xie J, Wang G, Jiang R, Gao Z, Jin Q, Wang J, Cao B. Clinical features of patients infected with 2019 novel coronavirus in Wuhan, China. Lancet. 2020 Feb 15;395(10223):497-506. doi: 10.1016/S0140-6736(20)30183-5. Epub 2020 Jan 24. Erratum in: Lancet. 2020 Jan 30;:.</citation>
    <PMID>31986264</PMID>
  </reference>
  <reference>
    <citation>London AJ. Social value, clinical equipoise, and research in a public health emergency. Bioethics. 2019 Mar;33(3):326-334. doi: 10.1111/bioe.12467. Epub 2018 Jul 27.</citation>
    <PMID>30051635</PMID>
  </reference>
  <reference>
    <citation>Marsland BJ, Trompette A, Gollwitzer ES. The Gut-Lung Axis in Respiratory Disease. Ann Am Thorac Soc. 2015 Nov;12 Suppl 2:S150-6. doi: 10.1513/AnnalsATS.201503-133AW. Review.</citation>
    <PMID>26595731</PMID>
  </reference>
  <reference>
    <citation>Ng SC, Kamm MA, Yeoh YK, Chan PKS, Zuo T, Tang W, Sood A, Andoh A, Ohmiya N, Zhou Y, Ooi CJ, Mahachai V, Wu CY, Zhang F, Sugano K, Chan FKL. Scientific frontiers in faecal microbiota transplantation: joint document of Asia-Pacific Association of Gastroenterology (APAGE) and Asia-Pacific Society for Digestive Endoscopy (APSDE). Gut. 2020 Jan;69(1):83-91. doi: 10.1136/gutjnl-2019-319407. Epub 2019 Oct 14.</citation>
    <PMID>31611298</PMID>
  </reference>
  <reference>
    <citation>Wang H, Cui B, Li Q, Ding X, Li P, Zhang T, Yang X, Ji G, Zhang F. The Safety of Fecal Microbiota Transplantation for Crohn's Disease: Findings from A Long-Term Study. Adv Ther. 2018 Nov;35(11):1935-1944. doi: 10.1007/s12325-018-0800-3. Epub 2018 Oct 16.</citation>
    <PMID>30328062</PMID>
  </reference>
  <reference>
    <citation>Zhang T, Lu G, Zhao Z, Liu Y, Shen Q, Li P, Chen Y, Yin H, Wang H, Marcella C, Cui B, Cheng L, Ji G, Zhang F. Washed microbiota transplantation vs. manual fecal microbiota transplantation: clinical findings, animal studies and in vitro screening. Protein Cell. 2020 Apr;11(4):251-266. doi: 10.1007/s13238-019-00684-8. Epub 2020 Jan 9.</citation>
    <PMID>31919742</PMID>
  </reference>
  <verification_date>March 2020</verification_date>
  <study_first_submitted>January 30, 2020</study_first_submitted>
  <study_first_submitted_qc>January 31, 2020</study_first_submitted_qc>
  <study_first_posted type="Actual">February 5, 2020</study_first_posted>
  <last_update_submitted>March 13, 2020</last_update_submitted>
  <last_update_submitted_qc>March 13, 2020</last_update_submitted_qc>
  <last_update_posted type="Actual">March 17, 2020</last_update_posted>
  <responsible_party>
    <responsible_party_type>Principal Investigator</responsible_party_type>
    <investigator_affiliation>The Second Hospital of Nanjing Medical University</investigator_affiliation>
    <investigator_full_name>Faming Zhang</investigator_full_name>
    <investigator_title>Director of Medical Center for Digestive Diseases</investigator_title>
  </responsible_party>
  <keyword>COVID-19</keyword>
  <keyword>SARS-CoV-2</keyword>
  <keyword>2019-nCoV</keyword>
  <keyword>Fecal Microbiota Transplantation</keyword>
  <keyword>Washed Microbiota Transplantation</keyword>
  <condition_browse>
    <!-- CAUTION:  The following MeSH terms are assigned with an imperfect algorithm            -->
    <mesh_term>Infection</mesh_term>
    <mesh_term>Communicable Diseases</mesh_term>
  </condition_browse>
  <patient_data>
    <sharing_ipd>No</sharing_ipd>
  </patient_data>
  <!-- Results have not yet been posted for this study                                          -->
</clinical_study>

