<?xml version="1.0" encoding="UTF-8"?>
<clinical_study rank="3258">
  <!-- This xml conforms to an XML Schema at:
    https://clinicaltrials.gov/ct2/html/images/info/public.xsd -->
  <required_header>
    <download_date>ClinicalTrials.gov processed this data on February 08, 2021</download_date>
    <link_text>Link to the current ClinicalTrials.gov record.</link_text>
    <url>https://clinicaltrials.gov/show/NCT04334850</url>
  </required_header>
  <id_info>
    <org_study_id>APHP200392</org_study_id>
    <secondary_id>2020-001324-33</secondary_id>
    <nct_id>NCT04334850</nct_id>
  </id_info>
  <brief_title>Use of a Respiratory Multiplex PCR and Procalcitonin to Reduce Antibiotics Exposure in Patients With Severe Confirmed COVID-19 Pneumonia</brief_title>
  <acronym>MultiCov</acronym>
  <official_title>Use of a Respiratory Multiplex PCR and Procalcitonin to Reduce Antibiotics Exposure in Patients With Severe Confirmed COVID-19 Pneumonia : a Multicenter, Parallel-group, Open-label, Randomized Controlled Trial</official_title>
  <sponsors>
    <lead_sponsor>
      <agency>Assistance Publique - Hôpitaux de Paris</agency>
      <agency_class>Other</agency_class>
    </lead_sponsor>
    <collaborator>
      <agency>BioMérieux</agency>
      <agency_class>Industry</agency_class>
    </collaborator>
  </sponsors>
  <source>Assistance Publique - Hôpitaux de Paris</source>
  <oversight_info>
    <has_dmc>No</has_dmc>
    <is_fda_regulated_drug>No</is_fda_regulated_drug>
    <is_fda_regulated_device>No</is_fda_regulated_device>
  </oversight_info>
  <brief_summary>
    <textblock>
      The novel coronavirus SARS-CoV-2 (COVID-19) is an emerging respiratory virus that causes&#xD;
      pneumonia. WHO data reported admission to the intensive care unit (ICU) for 6% of patients,&#xD;
      with a mortality rate reaching 45%. To date, apart from therapeutic trials, ICU management is&#xD;
      symptomatic, based on organ failure support therapies. In the initial phase, the therapeutic&#xD;
      management also includes empiric antimicrobial therapy (90% of patients, in accordance with&#xD;
      LRTI guidelines (ATS 2019) and SRLF Guidelines (2020). One challenge for the ICU physicians&#xD;
      is the timing for discontinuation of antimicrobial treatment, especially in case of shock or&#xD;
      ARDS, considering that a substantial proportion of COVID-19 pneumonia patients may have&#xD;
      pulmonary bacterial coinfection/superinfection. In order to avoid unnecessary prolonged&#xD;
      antimicrobial therapy, and subsequent selective pressure, two tests could be combined in a&#xD;
      personalized antibiotic strategy:&#xD;
&#xD;
        -  Procalcitonin (PCT): PCT is a useful tool to guide antibiotics discontinuation in&#xD;
           community-acquired pneumonia) and viral pneumonia (PMID24612487).&#xD;
&#xD;
        -  Respiratory multiplex PCR FA-PPP (Biomérieux®): panel has been enlarged, including 8&#xD;
           viruses and 18 bacteria (quantitative analysis). The turnaround time is short.&#xD;
           Sensitivity is high (99%, PMID32179139). It may contribute, in combination with&#xD;
           conventional tests, to accelerate and improve the microbiological diagnosis during&#xD;
           severe COVID-19 pneumonia.&#xD;
&#xD;
      The hypothesize of the study is that the combination of the mPCR FA-PPP and PCT could be used&#xD;
      to reduce antibiotics exposure in patients with severe confirmed COVID-19 pneumonia, with a&#xD;
      higher clinical efficacy and safety as compared with a conventional strategy.&#xD;
    </textblock>
  </brief_summary>
  <detailed_description>
    <textblock>
      Inclusion (D0_H0) is performed in ICU as soon as possible, once the diagnosis of COVID-19&#xD;
      pneumonia is confirmed. Therefore, inclusion might be performed either on ICU admission (if&#xD;
      the COVID-19 pneumonia has been confirmed in the pre-ICU wards) or during the ICU stay (if&#xD;
      the COVID-19 pneumonia was confirmed after ICU admission). Conventional microbiological&#xD;
      investigations are left at the discretion of the physicians, and may include blood cultures,&#xD;
      Streptococcus pneumoniae and Legionella pneumophila urinary antigen assays, and a respiratory&#xD;
      tract sample for Gram stain examination and 2 days-long culture (if not already done in the&#xD;
      past 24 hours). Usual biology includes procalcitonin measurement. Empirical antimicrobial&#xD;
      therapy combines a third-generation cephalosporin and a macrolide, or broader-spectrum&#xD;
      antibiotics if risk factors for resistant bacteria are identified.&#xD;
&#xD;
      Randomization is performed immediately after the inclusion.&#xD;
&#xD;
        -  In the intervention arm, a broad panel respiratory Mpcr FA-PPP is performed on&#xD;
           respiratory tract sample (tracheal aspirate, BAL or sputum), collected 12 hours after&#xD;
           inclusion. An algorithm of early antibiotic adaptation and discontinuation, based on the&#xD;
           microbiological results, including the mPCR FA-PPP results, and the procalcitonin values&#xD;
           and kinetics will be used. This algorithm will be applied as soon as possible after&#xD;
           inclusion, and repeated day after day until D7.&#xD;
&#xD;
        -  In the control arm, the antimicrobial therapy is left at the discretion of the&#xD;
           physicians, as in usual practice.&#xD;
&#xD;
      Evaluation criteria are collected at hospital discharge or at D28, and D90. The vital status&#xD;
      may be obtained by phone call at D28 (if the patient has been discharged before D28) and at&#xD;
      D90.&#xD;
    </textblock>
  </detailed_description>
  <overall_status>Recruiting</overall_status>
  <start_date type="Actual">April 20, 2020</start_date>
  <completion_date type="Anticipated">August 2020</completion_date>
  <primary_completion_date type="Anticipated">July 2020</primary_completion_date>
  <phase>N/A</phase>
  <study_type>Interventional</study_type>
  <has_expanded_access>No</has_expanded_access>
  <study_design_info>
    <allocation>Randomized</allocation>
    <intervention_model>Parallel Assignment</intervention_model>
    <primary_purpose>Treatment</primary_purpose>
    <masking>None (Open Label)</masking>
  </study_design_info>
  <primary_outcome>
    <measure>Number of antibiotic free days</measure>
    <time_frame>Day 28</time_frame>
    <description>the number of days alive without any antibiotics at Day 28. The D28 time point is usual in studies assessing antibiotics saving in ICU patients.</description>
  </primary_outcome>
  <secondary_outcome>
    <measure>Mortality rates</measure>
    <time_frame>Day 28 and Day 90</time_frame>
  </secondary_outcome>
  <secondary_outcome>
    <measure>Number of defined daily dose (DDD) per 100 patient-days of broad- and narrow-spectrum antibiotics.</measure>
    <time_frame>day 28</time_frame>
  </secondary_outcome>
  <secondary_outcome>
    <measure>Antibiotics duration at D28</measure>
    <time_frame>Day 28</time_frame>
    <description>Total exposure to antibiotics</description>
  </secondary_outcome>
  <secondary_outcome>
    <measure>Number of organ-failure free days (based on SOFA)</measure>
    <time_frame>Day 28</time_frame>
  </secondary_outcome>
  <secondary_outcome>
    <measure>Incidence rates of bacterial super-infections</measure>
    <time_frame>day 28</time_frame>
  </secondary_outcome>
  <secondary_outcome>
    <measure>Incidence rates of colonization/infection with multidrug resistant bacteria and Clostridium difficile infections</measure>
    <time_frame>Day 28</time_frame>
  </secondary_outcome>
  <secondary_outcome>
    <measure>ICU and hospital lengths of stay</measure>
    <time_frame>Day 28</time_frame>
  </secondary_outcome>
  <secondary_outcome>
    <measure>Quality of life Quality of life</measure>
    <time_frame>Day 90</time_frame>
    <description>using a quality of life questionnaire (EQ5D5L)</description>
  </secondary_outcome>
  <number_of_arms>2</number_of_arms>
  <enrollment type="Anticipated">194</enrollment>
  <condition>Covid19</condition>
  <condition>Pneumonia</condition>
  <arm_group>
    <arm_group_label>Targeted antibiotic treatment according to the results of mPCR</arm_group_label>
    <arm_group_type>Experimental</arm_group_type>
    <description>a broad panel respiratory Mpcr FA-PPP is performed on respiratory tract sample (tracheal aspirate, BAL or sputum), collected 12 hours after inclusion. An algorithm of early antibiotic adaptation and discontinuation, based on the microbiological results, including the mPCR FA-PPP results, and the procalcitonin values and kinetics will be used. This algorithm will be applied as soon as possible after inclusion, and repeated day after day until D7.</description>
  </arm_group>
  <arm_group>
    <arm_group_label>Control arm</arm_group_label>
    <arm_group_type>Other</arm_group_type>
    <description>The antimicrobial therapy is left at the discretion of the physicians, as in usual practice.</description>
  </arm_group>
  <intervention>
    <intervention_type>Procedure</intervention_type>
    <intervention_name>Combined use of a respiratory broad panel multiplex PCR and procalcitonin</intervention_name>
    <description>The actions or procedures added by the research are the application of the algorithm of early antibiotics de-escalation and discontinuation.</description>
    <arm_group_label>Targeted antibiotic treatment according to the results of mPCR</arm_group_label>
  </intervention>
  <intervention>
    <intervention_type>Other</intervention_type>
    <intervention_name>Usual antibiotic treatment</intervention_name>
    <description>The antimicrobial therapy is left at the discretion of the physicians, as in usual practice.</description>
    <arm_group_label>Control arm</arm_group_label>
  </intervention>
  <eligibility>
    <criteria>
      <textblock>
        Inclusion Criteria:&#xD;
&#xD;
          -  Adults (&gt;= 18 years) admitted to the ICU;&#xD;
&#xD;
          -  Severe confirmed COVID-19 pneumonia, defined by i) a newly-appeared pulmonary&#xD;
             parenchymal infiltrate; and ii) a positive RT-PCR (either upper or lower respiratory&#xD;
             tract) for COVID-19 (SARS-CoV-2); iii) and admission to the ICU or intermediate care&#xD;
             unit;&#xD;
&#xD;
          -  Informed consent or emergency procedure.&#xD;
&#xD;
        Exclusion Criteria:&#xD;
&#xD;
          -  Pregnancy ;&#xD;
&#xD;
          -  Congenital immunodeficiency;&#xD;
&#xD;
          -  HIV infection with CD4 count below 200/mm3 or unknown in the last year;&#xD;
&#xD;
          -  High-grade hematological malignancy;&#xD;
&#xD;
          -  Neutropenia (&lt;1 leucocyte/mL or &lt; 0.5 neutrophil/mL);&#xD;
&#xD;
          -  Immunosuppressive drugs within the previous 30 days, including anti-cancer cytotoxic&#xD;
             chemotherapy and anti-rejection drugs for organ/bone marrow transplant;&#xD;
&#xD;
          -  Moribund patient or death expected from underlying disease during the current&#xD;
             admission;&#xD;
&#xD;
          -  Patient deprived of liberty or under legal protection measure&#xD;
      </textblock>
    </criteria>
    <gender>All</gender>
    <minimum_age>18 Years</minimum_age>
    <maximum_age>N/A</maximum_age>
    <healthy_volunteers>No</healthy_volunteers>
  </eligibility>
  <overall_official>
    <last_name>Muriel FARTOUKH, PU-PH MD PHD</last_name>
    <role>Principal Investigator</role>
    <affiliation>Assistance Publique - Hôpitaux de Paris</affiliation>
  </overall_official>
  <overall_contact>
    <last_name>Muriel FARTOUKH, PU-PH MD PHD</last_name>
    <phone>01 56 01 65 74</phone>
    <email>muriel.fartoukh@aphp.fr</email>
  </overall_contact>
  <overall_contact_backup>
    <last_name>Guillaume VOIRIOT, MD</last_name>
    <phone>01 56 01 65 74</phone>
    <email>guillaume.voiriot@aphp.fr</email>
  </overall_contact_backup>
  <location>
    <facility>
      <name>Intensive care department-Hospital Tenon</name>
      <address>
        <city>Paris</city>
        <zip>75020</zip>
        <country>France</country>
      </address>
    </facility>
    <status>Recruiting</status>
    <contact>
      <last_name>Muriel FARTOUKH, PU-PH MD PHD</last_name>
      <phone>01 56 01 65 74</phone>
      <email>muriel.fartoukh@aphp.fr</email>
    </contact>
    <contact_backup>
      <last_name>Guillaume VOIRIOT, MD</last_name>
      <phone>01 56 01 65 74</phone>
      <email>guillaume.voiriot@aphp.fr</email>
    </contact_backup>
  </location>
  <location_countries>
    <country>France</country>
  </location_countries>
  <verification_date>May 2020</verification_date>
  <study_first_submitted>April 2, 2020</study_first_submitted>
  <study_first_submitted_qc>April 2, 2020</study_first_submitted_qc>
  <study_first_posted type="Actual">April 6, 2020</study_first_posted>
  <last_update_submitted>May 25, 2020</last_update_submitted>
  <last_update_submitted_qc>May 25, 2020</last_update_submitted_qc>
  <last_update_posted type="Actual">May 27, 2020</last_update_posted>
  <responsible_party>
    <responsible_party_type>Sponsor</responsible_party_type>
  </responsible_party>
  <keyword>COVID-19 pneumonia</keyword>
  <keyword>respiratory multiplex PCR</keyword>
  <keyword>Procalcitonin</keyword>
  <keyword>Antibiotics saving</keyword>
  <keyword>Diagnosis</keyword>
  <keyword>Treatment</keyword>
  <condition_browse>
    <!-- CAUTION:  The following MeSH terms are assigned with an imperfect algorithm            -->
    <mesh_term>Pneumonia</mesh_term>
  </condition_browse>
  <intervention_browse>
    <!-- CAUTION:  The following MeSH terms are assigned with an imperfect algorithm            -->
    <mesh_term>Anti-Bacterial Agents</mesh_term>
  </intervention_browse>
  <patient_data>
    <sharing_ipd>No</sharing_ipd>
  </patient_data>
  <!-- Results have not yet been posted for this study                                          -->
</clinical_study>

