<?xml version="1.0" encoding="UTF-8"?>
<clinical_study rank="516">
  <!-- This xml conforms to an XML Schema at:
    https://clinicaltrials.gov/ct2/html/images/info/public.xsd -->
  <required_header>
    <download_date>ClinicalTrials.gov processed this data on February 08, 2021</download_date>
    <link_text>Link to the current ClinicalTrials.gov record.</link_text>
    <url>https://clinicaltrials.gov/show/NCT04334252</url>
  </required_header>
  <id_info>
    <org_study_id>JessaH_COVID19_prescreening</org_study_id>
    <nct_id>NCT04334252</nct_id>
  </id_info>
  <brief_title>Descriptive Study Regarding Ambulant Screening During COVID-19 Pandemia</brief_title>
  <official_title>Descriptive Study Regarding the Ambulant Screening Protocol for COVID-19 in Times of High SARS CoV-2 Prevalence</official_title>
  <sponsors>
    <lead_sponsor>
      <agency>Jessa Hospital</agency>
      <agency_class>Other</agency_class>
    </lead_sponsor>
  </sponsors>
  <source>Jessa Hospital</source>
  <oversight_info>
    <has_dmc>No</has_dmc>
    <is_fda_regulated_drug>No</is_fda_regulated_drug>
    <is_fda_regulated_device>No</is_fda_regulated_device>
  </oversight_info>
  <brief_summary>
    <textblock>
      Descriptive prospective study to investigate the prevalence of COVID 19 during ambulant&#xD;
      screening&#xD;
    </textblock>
  </brief_summary>
  <detailed_description>
    <textblock>
      The exact prevalence of COVID-19 is unknown. Due to the relatively high number of diagnosed,&#xD;
      symptomatic infections despite a strict policy, we expect a high prevalence of COVID 19&#xD;
      throughout the entire population. The risk that an asymptomatic carrier who is admitted to&#xD;
      the hospital for a (semi)urgent surgery, treatment of investigation transfers the virus to&#xD;
      the hospital staff is very high, and vice versa. This risk is even higher during surgery,&#xD;
      where intubation is necessary. Therefore we would like to pre-screen all patients ambulantly&#xD;
      on the presence of COVID 19 since there is no consensus for screening at the moment. The&#xD;
      golden standard is the SARS CoV-2 PCR on the nasopharyngeal sample together with a CT scan of&#xD;
      the lungs. Patients in which a bloodsample is taken as standard of care procedure in this&#xD;
      ambulant screening will be asked to give more blood for further investigation.&#xD;
&#xD;
      On top of this standard of care screening, we will perform a questionnaire at the&#xD;
      pre-operative visit which evaluates the possible occurence of certain symptoms in the last 2&#xD;
      weeks. These symptoms are fever, anorexia, cough, diarrhea, sneezing, vomiting, dyspnea,&#xD;
      headache, rhinorrhea, loss of smell, muscle pain, sputum, sore throat and fatigue. Patients&#xD;
      were also asked if one of their housemates are affected by these symptoms. Furthermore, 2&#xD;
      weeks after surgery, patient will be contacted to phone in order to fill the same&#xD;
      questionnaire.&#xD;
    </textblock>
  </detailed_description>
  <overall_status>Completed</overall_status>
  <start_date type="Actual">April 17, 2020</start_date>
  <completion_date type="Actual">December 20, 2020</completion_date>
  <primary_completion_date type="Actual">December 20, 2020</primary_completion_date>
  <study_type>Observational</study_type>
  <has_expanded_access>No</has_expanded_access>
  <study_design_info>
    <observational_model>Cohort</observational_model>
    <time_perspective>Prospective</time_perspective>
  </study_design_info>
  <primary_outcome>
    <measure>Prevalence of symptoms</measure>
    <time_frame>at the ambulant screening</time_frame>
    <description>Prevalence of fever, cough, anorexia, fatigue, diarrhea, vomiting, dyspnee, sore throat and sputum</description>
  </primary_outcome>
  <primary_outcome>
    <measure>Prevalence of positive Sars CoV-2 PCR</measure>
    <time_frame>at the ambulant screening</time_frame>
    <description>Prevalence of positive COVID 19 tests in patients planned for surgery, treatment or investigation in the hospital</description>
  </primary_outcome>
  <primary_outcome>
    <measure>Prevalence of positive radiological findings</measure>
    <time_frame>at the ambulant screening</time_frame>
    <description>Prevalence of positive radiological findings in CT scans of the lungs of planned for surgery, treatment or investigation in the hospital</description>
  </primary_outcome>
  <secondary_outcome>
    <measure>Prediction of symptoms</measure>
    <time_frame>2 weeks after surgery or treatment</time_frame>
    <description>Prediction of symptoms of COVID 19, based on evaluated baseline questionnaire</description>
  </secondary_outcome>
  <secondary_outcome>
    <measure>Prediction of symptoms</measure>
    <time_frame>2 weeks after surgery or treatment</time_frame>
    <description>Prediction of symptoms of COVID 19, based on radiological findings of CT scans</description>
  </secondary_outcome>
  <secondary_outcome>
    <measure>Prediction of symptoms</measure>
    <time_frame>2 weeks after surgery or treatment</time_frame>
    <description>Prediction of symptoms of COVID 19, based on COVID 19 PCR results</description>
  </secondary_outcome>
  <enrollment type="Actual">528</enrollment>
  <condition>COVID 19</condition>
  <intervention>
    <intervention_type>Other</intervention_type>
    <intervention_name>Questionnaire</intervention_name>
    <description>Questionnaire</description>
  </intervention>
  <eligibility>
    <study_pop>
      <textblock>
        All adult patients scheduled for a (semi) urgent surgery, hematological or oncological&#xD;
        treatment or elektrophysiciological investigations in the Jessa hospital and seen at the&#xD;
        pre-operative consultation will be asked to participate and to fullfill the questionnaire&#xD;
      </textblock>
    </study_pop>
    <sampling_method>Non-Probability Sample</sampling_method>
    <criteria>
      <textblock>
        Inclusion Criteria:&#xD;
&#xD;
          -  All adult patients &gt; 18 years scheduled for a (semi) urgent surgery, hematological or&#xD;
             oncological treatment or elektrophysiciological investigations in the Jessa hospital&#xD;
&#xD;
        Exclusion Criteria:&#xD;
&#xD;
          -  Patients &lt; 18 years&#xD;
&#xD;
          -  Adult patients who are unable the give informed consent&#xD;
&#xD;
          -  Language barrier&#xD;
      </textblock>
    </criteria>
    <gender>All</gender>
    <minimum_age>18 Years</minimum_age>
    <maximum_age>N/A</maximum_age>
    <healthy_volunteers>Accepts Healthy Volunteers</healthy_volunteers>
  </eligibility>
  <location>
    <facility>
      <name>Jessa hospital</name>
      <address>
        <city>Hasselt</city>
        <zip>3500</zip>
        <country>Belgium</country>
      </address>
    </facility>
  </location>
  <location_countries>
    <country>Belgium</country>
  </location_countries>
  <verification_date>January 2021</verification_date>
  <study_first_submitted>April 2, 2020</study_first_submitted>
  <study_first_submitted_qc>April 3, 2020</study_first_submitted_qc>
  <study_first_posted type="Actual">April 6, 2020</study_first_posted>
  <last_update_submitted>January 5, 2021</last_update_submitted>
  <last_update_submitted_qc>January 5, 2021</last_update_submitted_qc>
  <last_update_posted type="Actual">January 6, 2021</last_update_posted>
  <responsible_party>
    <responsible_party_type>Principal Investigator</responsible_party_type>
    <investigator_affiliation>Jessa Hospital</investigator_affiliation>
    <investigator_full_name>Ina Callebaut</investigator_full_name>
    <investigator_title>dr</investigator_title>
  </responsible_party>
  <patient_data>
    <sharing_ipd>No</sharing_ipd>
  </patient_data>
  <!-- Results have not yet been posted for this study                                          -->
</clinical_study>

