<?xml version="1.0" encoding="UTF-8"?>
<clinical_study rank="4316">
  <!-- This xml conforms to an XML Schema at:
    https://clinicaltrials.gov/ct2/html/images/info/public.xsd -->
  <required_header>
    <download_date>ClinicalTrials.gov processed this data on February 08, 2021</download_date>
    <link_text>Link to the current ClinicalTrials.gov record.</link_text>
    <url>https://clinicaltrials.gov/show/NCT04295551</url>
  </required_header>
  <id_info>
    <org_study_id>QF-XYP1990-1</org_study_id>
    <nct_id>NCT04295551</nct_id>
  </id_info>
  <brief_title>Multicenter Clinical Study on the Efficacy and Safety of Xiyanping Injection in the Treatment of New Coronavirus Infection Pneumonia (General and Severe)</brief_title>
  <official_title>Multicenter Clinical Study on the Efficacy and Safety of Xiyanping Injection in the Treatment of New Coronavirus Infection Pneumonia (General and Severe)</official_title>
  <sponsors>
    <lead_sponsor>
      <agency>Jiangxi Qingfeng Pharmaceutical Co. Ltd.</agency>
      <agency_class>Industry</agency_class>
    </lead_sponsor>
  </sponsors>
  <source>Jiangxi Qingfeng Pharmaceutical Co. Ltd.</source>
  <oversight_info>
    <has_dmc>No</has_dmc>
    <is_fda_regulated_drug>No</is_fda_regulated_drug>
    <is_fda_regulated_device>No</is_fda_regulated_device>
  </oversight_info>
  <brief_summary>
    <textblock>
      In December 2019, Wuhan, in Hubei province, China, became the center of an outbreak of&#xD;
      pneumonia of unknown cause. In a short time, Chinese scientists had shared the genome&#xD;
      information of a novel coronavirus (2019-nCoV) from these pneumonia patients and developed a&#xD;
      real-time reverse transcription PCR (real time RT-PCR) diagnostic assay.&#xD;
&#xD;
      In view of the fact that there is currently no effective antiviral therapy, the prevention or&#xD;
      treatment of lung injury caused by COVID-19 can be an alternative target for current&#xD;
      treatment. Xiyanping injection has anti-inflammatory and immune regulation effects. This&#xD;
      study is a Randomized, Parallel Controlled Clinical Study to treat patients with COVID-19&#xD;
      infection.&#xD;
    </textblock>
  </brief_summary>
  <detailed_description>
    <textblock>
      The new coronavirus (COVID-19) [1] belongs to the new beta coronavirus. Current research&#xD;
      shows that it has 85% homology with bat SARS-like coronavirus (bat-SL-CoVZC45), but its&#xD;
      genetic characteristics are similar to SARSr-CoV. There is a clear difference from MERSr-COV.&#xD;
      Since December 2019, Wuhan City, Hubei Province has successively found multiple cases of&#xD;
      patients with pneumonia infected by a new type of coronavirus. With the spread of the&#xD;
      epidemic, as of 12:00 on February 12, 2020, a total of 44726 confirmed cases nationwide&#xD;
      (Hubei Province) 33,366 cases, accounting for 74.6%), with 1,114 deaths (1068 cases in Hubei&#xD;
      Province), and a mortality rate of 2.49% (3.20% in Hubei Province).&#xD;
&#xD;
      In view of the fact that there is currently no effective antiviral therapy, the prevention or&#xD;
      treatment of lung injury caused by COVID-19 can be an alternative target for current&#xD;
      treatment. Xiyanping injection has anti-inflammatory and immune regulation effects. In the&#xD;
      early clinical practice of treating severe H1N1, it was clinically concerned, and combined&#xD;
      with conventional treatment, and achieved good results.&#xD;
    </textblock>
  </detailed_description>
  <overall_status>Not yet recruiting</overall_status>
  <start_date type="Anticipated">March 14, 2020</start_date>
  <completion_date type="Anticipated">April 14, 2021</completion_date>
  <primary_completion_date type="Anticipated">July 14, 2020</primary_completion_date>
  <phase>N/A</phase>
  <study_type>Interventional</study_type>
  <has_expanded_access>No</has_expanded_access>
  <study_design_info>
    <allocation>Randomized</allocation>
    <intervention_model>Parallel Assignment</intervention_model>
    <primary_purpose>Treatment</primary_purpose>
    <masking>None (Open Label)</masking>
  </study_design_info>
  <primary_outcome>
    <measure>Clinical recovery time</measure>
    <time_frame>Up to Day 28</time_frame>
    <description>The time from study drug use to complete fever reduction and cough recovery is measured in hours.</description>
  </primary_outcome>
  <number_of_arms>3</number_of_arms>
  <enrollment type="Anticipated">80</enrollment>
  <condition>COVID-19</condition>
  <arm_group>
    <arm_group_label>Experimental group of ordinary COVID-19</arm_group_label>
    <arm_group_type>Experimental</arm_group_type>
    <description>Lopinavir / ritonavir tablets combined with Xiyanping injection</description>
  </arm_group>
  <arm_group>
    <arm_group_label>Control group of ordinary COVID-19</arm_group_label>
    <arm_group_type>Active Comparator</arm_group_type>
    <description>ritonavir/ritonavir treatment</description>
  </arm_group>
  <arm_group>
    <arm_group_label>Experimental group of severe COVID-19</arm_group_label>
    <arm_group_type>Experimental</arm_group_type>
    <description>Lopinavir / ritonavir tablets combined with Xiyanping injection</description>
  </arm_group>
  <intervention>
    <intervention_type>Drug</intervention_type>
    <intervention_name>Lopinavir / ritonavir tablets combined with Xiyanping injection</intervention_name>
    <description>Xiyanping injection, 10-20ml daily, Qd, the maximum daily does not exceed 500mg (20mL) + Lopinavir tablet or Ritonavir tablet+Alpha-interferon nebulization, for 7-14 days,</description>
    <arm_group_label>Experimental group of ordinary COVID-19</arm_group_label>
    <arm_group_label>Experimental group of severe COVID-19</arm_group_label>
  </intervention>
  <intervention>
    <intervention_type>Drug</intervention_type>
    <intervention_name>Lopinavir/ritonavir treatment</intervention_name>
    <description>Lopinavir / ritonavir tablets, 2 times a day, 2 tablets at a time; alpha-interferon nebulization</description>
    <arm_group_label>Control group of ordinary COVID-19</arm_group_label>
  </intervention>
  <eligibility>
    <criteria>
      <textblock>
        Inclusion Criteria:&#xD;
&#xD;
          1. Aged &gt;=18 years;&#xD;
&#xD;
          2. Novel coronavirus pneumonia patients diagnosed by pathogenic testing;&#xD;
&#xD;
          3. The patient himself participated in the study voluntarily, agreed and signed the&#xD;
             informed consent.&#xD;
&#xD;
        Exclusion Criteria:&#xD;
&#xD;
          1. Meet the diagnostic criteria for severe new-type coronavirus infection pneumonia;&#xD;
&#xD;
          2. Severe primary diseases that affect survival, including: uncontrolled malignant&#xD;
             tumors, hematological diseases, and HIV that have not been metastasized in multiple&#xD;
             places;&#xD;
&#xD;
          3. Obstructive pneumonia, pulmonary interstitial fibrosis, alveolar proteinosis, and&#xD;
             allergic alveolitis caused by lung tumors;&#xD;
&#xD;
          4. Women who are breastfeeding or pregnant;&#xD;
&#xD;
          5. Those who are known to be allergic to the ingredients contained in the research&#xD;
             medication, or patients with allergies;&#xD;
&#xD;
          6. Those who have continued to use immunosuppressive agents or organ transplants in the&#xD;
             past 6 months;&#xD;
&#xD;
          7. Patients who have participated in other drug clinical trials within 3 months before&#xD;
             the screening test;&#xD;
&#xD;
          8. The investigator judges that he or she cannot complete or should not participate in&#xD;
             the study (expected death within 48 hours, and the patient refuses active treatment)&#xD;
      </textblock>
    </criteria>
    <gender>All</gender>
    <minimum_age>18 Years</minimum_age>
    <maximum_age>100 Years</maximum_age>
    <healthy_volunteers>No</healthy_volunteers>
  </eligibility>
  <verification_date>March 2020</verification_date>
  <study_first_submitted>March 3, 2020</study_first_submitted>
  <study_first_submitted_qc>March 3, 2020</study_first_submitted_qc>
  <study_first_posted type="Actual">March 4, 2020</study_first_posted>
  <last_update_submitted>March 3, 2020</last_update_submitted>
  <last_update_submitted_qc>March 3, 2020</last_update_submitted_qc>
  <last_update_posted type="Actual">March 4, 2020</last_update_posted>
  <responsible_party>
    <responsible_party_type>Sponsor</responsible_party_type>
  </responsible_party>
  <condition_browse>
    <!-- CAUTION:  The following MeSH terms are assigned with an imperfect algorithm            -->
    <mesh_term>Coronavirus Infections</mesh_term>
    <mesh_term>Severe Acute Respiratory Syndrome</mesh_term>
    <mesh_term>Pneumonia</mesh_term>
  </condition_browse>
  <intervention_browse>
    <!-- CAUTION:  The following MeSH terms are assigned with an imperfect algorithm            -->
    <mesh_term>Ritonavir</mesh_term>
    <mesh_term>Lopinavir</mesh_term>
  </intervention_browse>
  <!-- Results have not yet been posted for this study                                          -->
</clinical_study>

