<?xml version="1.0" encoding="UTF-8"?>
<clinical_study rank="898">
  <!-- This xml conforms to an XML Schema at:
    https://clinicaltrials.gov/ct2/html/images/info/public.xsd -->
  <required_header>
    <download_date>ClinicalTrials.gov processed this data on February 08, 2021</download_date>
    <link_text>Link to the current ClinicalTrials.gov record.</link_text>
    <url>https://clinicaltrials.gov/show/NCT04313023</url>
  </required_header>
  <id_info>
    <org_study_id>PUL-042-501</org_study_id>
    <nct_id>NCT04313023</nct_id>
  </id_info>
  <brief_title>The Use PUL-042 to Reduce the Infection Rate and Progression to COVID-19 in Adults Exposed to SARS-CoV-2</brief_title>
  <official_title>A Phase 2 Multiple Dose Study to Evaluate the Efficacy and Safety of PUL-042 Inhalation Solution in Reducing the Infection Rate and Progression to COVID-19 in Adults Exposed to SARS-CoV-2</official_title>
  <sponsors>
    <lead_sponsor>
      <agency>Pulmotect, Inc.</agency>
      <agency_class>Industry</agency_class>
    </lead_sponsor>
  </sponsors>
  <source>Pulmotect, Inc.</source>
  <oversight_info>
    <has_dmc>Yes</has_dmc>
    <is_fda_regulated_drug>Yes</is_fda_regulated_drug>
    <is_fda_regulated_device>No</is_fda_regulated_device>
  </oversight_info>
  <brief_summary>
    <textblock>
      Subjects who have documented exposure to SARS-CoV-2 (COVID-19) will receive 4 doses of&#xD;
      PUL-042 Inhalation Solution or 4 doses of a placebo solution by inhalation over 10 days.&#xD;
      Subjects will be followed for the incidence and severity of COVID-19 over 28 days. Subjects&#xD;
      will be tested for infection with SARS-CoV-2 at the beginning, middle and end of the study.&#xD;
    </textblock>
  </brief_summary>
  <overall_status>Recruiting</overall_status>
  <start_date type="Actual">June 9, 2020</start_date>
  <completion_date type="Anticipated">May 2021</completion_date>
  <primary_completion_date type="Anticipated">April 2021</primary_completion_date>
  <phase>Phase 2</phase>
  <study_type>Interventional</study_type>
  <has_expanded_access>No</has_expanded_access>
  <study_design_info>
    <allocation>Randomized</allocation>
    <intervention_model>Parallel Assignment</intervention_model>
    <primary_purpose>Prevention</primary_purpose>
    <masking>Quadruple (Participant, Care Provider, Investigator, Outcomes Assessor)</masking>
  </study_design_info>
  <primary_outcome>
    <measure>Severity of COVID-19</measure>
    <time_frame>28 days</time_frame>
    <description>To determine the efficacy of PUL-042 Inhalation Solution in the prevention of viral infection with SARS-CoV-2 and progression to COVID-19 in subjects: 1) who have repeated exposure to individuals with SARS-CoV-2 infection and, 2) are asymptomatic at enrollment.&#xD;
The primary endpoint is the severity of COVID-19 as measured by the maximum difference from the baseline value in the Ordinal Scale for Symptom Improvement within 28 days from the start of experimental therapy.</description>
  </primary_outcome>
  <secondary_outcome>
    <measure>Incidence of SARS-CoV-2 infection</measure>
    <time_frame>28 days</time_frame>
    <description>Positive test for SARS-CoV-2 infection 28 days from the start of experimental therapy in subjects who test negative for SARS-CoV-2 at the pre-treatment visit</description>
  </secondary_outcome>
  <secondary_outcome>
    <measure>Incidence of SARS-CoV-2 infection</measure>
    <time_frame>14 days</time_frame>
    <description>Positive test for SARS-CoV-2 infection 14 days from the start of experimental therapy in subjects who test negative for SARS-CoV-2 at the pre-treatment visit</description>
  </secondary_outcome>
  <secondary_outcome>
    <measure>Severity of COVID-19</measure>
    <time_frame>14 days</time_frame>
    <description>The severity of COVID-19 as measured by the maximum difference from the baseline value in the Ordinal Scale for Symptom Improvement within 14 days from the start of experimental therapy.</description>
  </secondary_outcome>
  <secondary_outcome>
    <measure>ICU admission</measure>
    <time_frame>28 days</time_frame>
    <description>The requirement for ICU admission within 28 days from the start of experimental therapy.</description>
  </secondary_outcome>
  <secondary_outcome>
    <measure>Mechanical ventilation</measure>
    <time_frame>28 days</time_frame>
    <description>The requirement for mechanical ventilation within 28 days from the start of experimental therapy.</description>
  </secondary_outcome>
  <secondary_outcome>
    <measure>Mortality</measure>
    <time_frame>28 days</time_frame>
    <description>All cause mortality at 28 days from the start of experimental therapy.</description>
  </secondary_outcome>
  <number_of_arms>2</number_of_arms>
  <enrollment type="Anticipated">200</enrollment>
  <condition>COVID-19</condition>
  <arm_group>
    <arm_group_label>PUL-042 Inhalation Solution</arm_group_label>
    <arm_group_type>Experimental</arm_group_type>
    <description>PUL-042 Inhalation Solution given by nebulization on Study Days 1, 3, 6, and 10</description>
  </arm_group>
  <arm_group>
    <arm_group_label>Sterile saline for inhalation</arm_group_label>
    <arm_group_type>Placebo Comparator</arm_group_type>
    <description>Sterile saline for inhalation given by nebulization on Study Days 1, 3, 6, and 10</description>
  </arm_group>
  <intervention>
    <intervention_type>Drug</intervention_type>
    <intervention_name>PUL-042 Inhalation Solution</intervention_name>
    <description>20.3 µg Pam2 : 29.8 µg ODN/mL (50 µg PUL-042) PUL-042 Inhalation Solution</description>
    <arm_group_label>PUL-042 Inhalation Solution</arm_group_label>
  </intervention>
  <intervention>
    <intervention_type>Drug</intervention_type>
    <intervention_name>Placebo</intervention_name>
    <description>Sterile saline for inhalation</description>
    <arm_group_label>Sterile saline for inhalation</arm_group_label>
  </intervention>
  <eligibility>
    <criteria>
      <textblock>
        Inclusion Criteria:&#xD;
&#xD;
          1. Subjects must have documented exposure to SARS-CoV-2 (defined as repeated daily&#xD;
             exposure to an infected individual(s) [such as cohabiting with a SARS-CoV-2 positive&#xD;
             individual] or involved in the assessment or care of COVID-19 patients without&#xD;
             adequate PPE (such as non availability of a N95 mask).&#xD;
&#xD;
          2. Subjects must be 50 years or older if the exposure is due to cohabitation.&#xD;
&#xD;
          3. Subjects must be free of clinical signs or symptoms of a potential COVID-19 diagnosis&#xD;
             (Ordinal Scale of Clinical Improvement score of 0) with a SARS-CoV-2 infection symptom&#xD;
             score (fever, cough, shortness of breath, and fatigue) of 0 in each category.&#xD;
&#xD;
          4. Spirometry (forced expiratory volume in one second FEV1 and forced vital capacity&#xD;
             [FVC]) ≥70% of predicted value.&#xD;
&#xD;
          5. If female, the subject must be surgically sterile or ≥ 1 year postmenopausal. If of&#xD;
             child-bearing potential (including being &lt; 1years postmenopausal) and, if&#xD;
             participating in sexual activity that may lead to pregnancy, the subject agrees to use&#xD;
             an effective dual method of birth control (acceptable methods include intrauterine&#xD;
             device, spermicide, barrier, male partner surgical sterilization, and hormonal&#xD;
             contraception) during the study and through 30 days after completion of the study.&#xD;
&#xD;
          6. If female, must not be pregnant, plan to become pregnant, or nurse a child during the&#xD;
             study and through 30 days after completion of the study. A pregnancy test must be&#xD;
             negative at the Screening Visit, prior to dosing on Day 1.&#xD;
&#xD;
          7. If male, must be surgically sterile or, if not surgically sterile and if participating&#xD;
             in sexual activities that may lead to pregnancy, be willing to practice two effective&#xD;
             methods of birth control (acceptable methods include barrier, spermicide, or female&#xD;
             partner surgical sterilization) during the study and through 30 days after completion&#xD;
             of the study.&#xD;
&#xD;
          8. Ability to understand and give informed consent.&#xD;
&#xD;
        Exclusion Criteria:&#xD;
&#xD;
          1. Previous infection with SARS-CoV-2.&#xD;
&#xD;
          2. A SARS-CoV-2 infection symptom score greater than 0 in any of the 4 catergories&#xD;
             (fever, cough, shortness of breath or fatigue) at the time of screening (Ordinal Scale&#xD;
             for Clinical Improvement score of 0).&#xD;
&#xD;
          3. Known history of chronic pulmonary disease (e.g., asthma [including atopic asthma,&#xD;
             exercise-induced asthma, or asthma triggered by respiratory infection], chronic&#xD;
             pulmonary disease, pulmonary fibrosis, COPD), pulmonary hypertension, or heart&#xD;
             failure.&#xD;
&#xD;
          4. Any condition which, in the opinion of the Principal Investigator, would prevent full&#xD;
             participation&#xD;
      </textblock>
    </criteria>
    <gender>All</gender>
    <minimum_age>18 Years</minimum_age>
    <maximum_age>N/A</maximum_age>
    <healthy_volunteers>No</healthy_volunteers>
  </eligibility>
  <overall_official>
    <last_name>Colin Broom, MD</last_name>
    <role>Study Director</role>
    <affiliation>Pulmotect, Inc.</affiliation>
  </overall_official>
  <overall_contact>
    <last_name>Colin Broom, MD</last_name>
    <phone>713-579-9226</phone>
    <email>clinicaltrials@pulmotect.com</email>
  </overall_contact>
  <overall_contact_backup>
    <last_name>Brenton Scott, Ph D</last_name>
    <phone>713-579-9226</phone>
    <email>clincaltrials@pulmotect.com</email>
  </overall_contact_backup>
  <location>
    <facility>
      <name>University of California Irvine</name>
      <address>
        <city>Orange</city>
        <state>California</state>
        <zip>92868</zip>
        <country>United States</country>
      </address>
    </facility>
    <status>Recruiting</status>
    <investigator>
      <last_name>Alpesh Amin, MD</last_name>
      <role>Principal Investigator</role>
    </investigator>
  </location>
  <location>
    <facility>
      <name>Premier Urgent Care of California</name>
      <address>
        <city>San Bernardino</city>
        <state>California</state>
        <zip>92404</zip>
        <country>United States</country>
      </address>
    </facility>
    <status>Recruiting</status>
    <investigator>
      <last_name>David Johnson, MD</last_name>
      <role>Principal Investigator</role>
    </investigator>
  </location>
  <location>
    <facility>
      <name>Clinical Research of South Florida Alliance for Multispecialty Research</name>
      <address>
        <city>Coral Gables</city>
        <state>Florida</state>
        <zip>33134</zip>
        <country>United States</country>
      </address>
    </facility>
    <status>Recruiting</status>
    <investigator>
      <last_name>Jeffrey B Rosen, MD</last_name>
      <role>Principal Investigator</role>
    </investigator>
  </location>
  <location>
    <facility>
      <name>Invesclinic US LLC</name>
      <address>
        <city>Fort Lauderdale</city>
        <state>Florida</state>
        <zip>33308</zip>
        <country>United States</country>
      </address>
    </facility>
    <status>Recruiting</status>
    <investigator>
      <last_name>Bernard Garcia, MD</last_name>
      <role>Principal Investigator</role>
    </investigator>
  </location>
  <location>
    <facility>
      <name>Clinical Research Atlanta</name>
      <address>
        <city>Stockbridge</city>
        <state>Georgia</state>
        <zip>30281</zip>
        <country>United States</country>
      </address>
    </facility>
    <status>Recruiting</status>
    <investigator>
      <last_name>Nathan Segall, MD</last_name>
      <role>Principal Investigator</role>
    </investigator>
  </location>
  <location>
    <facility>
      <name>Willis-Knighton Physcian Network</name>
      <address>
        <city>Bossier City</city>
        <state>Louisiana</state>
        <zip>71111</zip>
        <country>United States</country>
      </address>
    </facility>
    <status>Recruiting</status>
    <investigator>
      <last_name>Clint Wilson, MD</last_name>
      <role>Principal Investigator</role>
    </investigator>
  </location>
  <location>
    <facility>
      <name>Englewood Health</name>
      <address>
        <city>Englewood</city>
        <state>New Jersey</state>
        <zip>07631</zip>
        <country>United States</country>
      </address>
    </facility>
    <status>Recruiting</status>
    <investigator>
      <last_name>Srikant Kondapaneni, MD</last_name>
      <role>Principal Investigator</role>
    </investigator>
  </location>
  <location>
    <facility>
      <name>Ascension St John</name>
      <address>
        <city>Bartlesville</city>
        <state>Oklahoma</state>
        <zip>74006</zip>
        <country>United States</country>
      </address>
    </facility>
    <status>Recruiting</status>
    <investigator>
      <last_name>Anuj Malik, MD</last_name>
      <role>Principal Investigator</role>
    </investigator>
  </location>
  <location>
    <facility>
      <name>Ascension St. John</name>
      <address>
        <city>Tulsa</city>
        <state>Oklahoma</state>
        <zip>74104</zip>
        <country>United States</country>
      </address>
    </facility>
    <status>Recruiting</status>
    <investigator>
      <last_name>Anuj Malik, MD</last_name>
      <role>Principal Investigator</role>
    </investigator>
  </location>
  <location>
    <facility>
      <name>MD Anderson Cancer Center</name>
      <address>
        <city>Houston</city>
        <state>Texas</state>
        <zip>77030</zip>
        <country>United States</country>
      </address>
    </facility>
    <status>Recruiting</status>
    <investigator>
      <last_name>Tapan Kadia, MD</last_name>
      <role>Principal Investigator</role>
    </investigator>
  </location>
  <location>
    <facility>
      <name>Next Level Urgent Care</name>
      <address>
        <city>Houston</city>
        <state>Texas</state>
        <zip>77057</zip>
        <country>United States</country>
      </address>
    </facility>
    <status>Recruiting</status>
    <investigator>
      <last_name>Terrance M Chang, MD</last_name>
      <role>Principal Investigator</role>
    </investigator>
  </location>
  <location_countries>
    <country>United States</country>
  </location_countries>
  <verification_date>January 2021</verification_date>
  <study_first_submitted>March 16, 2020</study_first_submitted>
  <study_first_submitted_qc>March 16, 2020</study_first_submitted_qc>
  <study_first_posted type="Actual">March 18, 2020</study_first_posted>
  <last_update_submitted>January 12, 2021</last_update_submitted>
  <last_update_submitted_qc>January 12, 2021</last_update_submitted_qc>
  <last_update_posted type="Actual">January 13, 2021</last_update_posted>
  <responsible_party>
    <responsible_party_type>Sponsor</responsible_party_type>
  </responsible_party>
  <condition_browse>
    <!-- CAUTION:  The following MeSH terms are assigned with an imperfect algorithm            -->
    <mesh_term>Infection</mesh_term>
    <mesh_term>Disease Progression</mesh_term>
  </condition_browse>
  <intervention_browse>
    <!-- CAUTION:  The following MeSH terms are assigned with an imperfect algorithm            -->
    <mesh_term>PUL-042</mesh_term>
  </intervention_browse>
  <patient_data>
    <sharing_ipd>No</sharing_ipd>
  </patient_data>
  <!-- Results have not yet been posted for this study                                          -->
</clinical_study>

