<?xml version="1.0" encoding="UTF-8"?>
<clinical_study rank="3687">
  <!-- This xml conforms to an XML Schema at:
    https://clinicaltrials.gov/ct2/html/images/info/public.xsd -->
  <required_header>
    <download_date>ClinicalTrials.gov processed this data on February 08, 2021</download_date>
    <link_text>Link to the current ClinicalTrials.gov record.</link_text>
    <url>https://clinicaltrials.gov/show/NCT04312009</url>
  </required_header>
  <id_info>
    <org_study_id>SURG-2020-28675</org_study_id>
    <secondary_id>INV-017069</secondary_id>
    <nct_id>NCT04312009</nct_id>
  </id_info>
  <brief_title>Losartan for Patients With COVID-19 Requiring Hospitalization</brief_title>
  <official_title>Randomized Controlled Trial of Losartan for Patients With COVID-19 Requiring Hospitalization</official_title>
  <sponsors>
    <lead_sponsor>
      <agency>University of Minnesota</agency>
      <agency_class>Other</agency_class>
    </lead_sponsor>
    <collaborator>
      <agency>Bill and Melinda Gates Foundation</agency>
      <agency_class>Other</agency_class>
    </collaborator>
  </sponsors>
  <source>University of Minnesota</source>
  <oversight_info>
    <has_dmc>Yes</has_dmc>
    <is_fda_regulated_drug>Yes</is_fda_regulated_drug>
    <is_fda_regulated_device>No</is_fda_regulated_device>
    <is_us_export>No</is_us_export>
  </oversight_info>
  <brief_summary>
    <textblock>
      This is a multi-center, double-blinded study of COVID-19 infected patients requiring&#xD;
      inpatient hospital admission randomized 1:1 to daily Losartan or placebo for 7 days or&#xD;
      hospital discharge.&#xD;
    </textblock>
  </brief_summary>
  <overall_status>Recruiting</overall_status>
  <start_date type="Actual">April 13, 2020</start_date>
  <completion_date type="Anticipated">April 1, 2021</completion_date>
  <primary_completion_date type="Anticipated">April 1, 2021</primary_completion_date>
  <phase>Phase 2</phase>
  <study_type>Interventional</study_type>
  <has_expanded_access>No</has_expanded_access>
  <study_design_info>
    <allocation>Randomized</allocation>
    <intervention_model>Parallel Assignment</intervention_model>
    <primary_purpose>Treatment</primary_purpose>
    <masking>Quadruple (Participant, Care Provider, Investigator, Outcomes Assessor)</masking>
  </study_design_info>
  <primary_outcome>
    <measure>Difference in Estimated (PEEP adjusted) P/F Ratio at 7 days</measure>
    <time_frame>7 days</time_frame>
    <description>Outcome calculated from the partial pressure of oxygen or peripheral saturation of oxygen by pulse oximetry divided by the fraction of inspired oxygen (PaO2 or SaO2 : FiO2 ratio). PaO2 is preferentially used if available. A correction is applied for endotracheal intubation and/or positive end-expiratory pressure. Patients discharged prior to day 7 will have a home pulse oximeter send home for measurement of the day 7 value, and will be adjusted for home O2 use, if applicable. Patients who died will be applied a penalty with a P/F ratio of 0.</description>
  </primary_outcome>
  <secondary_outcome>
    <measure>Daily Hypotensive Episodes</measure>
    <time_frame>10 days</time_frame>
    <description>Outcome reported as the mean number of daily hypotensive episodes (MAP &lt; 65 mmHg) prompting intervention (indicated by a fluid bolus &gt;=500 mL) per participant in each arm.</description>
  </secondary_outcome>
  <secondary_outcome>
    <measure>Hypotension Requiring Vasopressors</measure>
    <time_frame>10 days</time_frame>
    <description>Outcome reported as the number of participants in each arm requiring the use of vasopressors for hypotension.</description>
  </secondary_outcome>
  <secondary_outcome>
    <measure>Acute Kidney Injury</measure>
    <time_frame>10 days</time_frame>
    <description>Outcome reported as the number of participants in each arm who experience acute kidney injury as defined by the Kidney Disease Improving Global Outcomes (KDIGO) guidelines:&#xD;
Increase in serum creatinine by 0.3mg/dL or more within 48 hours OR Increase in serum creatinine to 1.5 times baseline or more within the last 7 days OR Urine output less than 0.5 mL/kg/h for 6 hours.</description>
  </secondary_outcome>
  <secondary_outcome>
    <measure>Sequential Organ Failure Assessment (SOFA) Total Score</measure>
    <time_frame>10 days</time_frame>
    <description>The SOFA assessment is used to track a person's risk status during stay in the Intensive Care Unit (ICU). The score is based on six different scores, one each for the respiratory, cardiovascular, hepatic, coagulation, renal, and neurological systems. Each organ system is assigned a point value from 0 (normal) to 4 (high degree of dysfunction/failure). Total score is calculated by entering patient data into a SOFA calculator, a widely-available software. Total scores range from 0-24, with higher scores indicating greater chance of mortality.</description>
  </secondary_outcome>
  <secondary_outcome>
    <measure>Oxygen Saturation / Fractional Inhaled Oxygen (F/S)</measure>
    <time_frame>10 days</time_frame>
    <description>Oxygen saturation (percent) is measured by pulse oximeter. Fraction of inspired oxygen (FiO2) (unitless) is the volumetric fraction of oxygen to other gases in respiratory support. The F/S ratio is unitless.</description>
  </secondary_outcome>
  <secondary_outcome>
    <measure>28-Day Mortality</measure>
    <time_frame>28 days</time_frame>
    <description>Outcome reported as the number of participants who have expired at 28 days post enrollment.</description>
  </secondary_outcome>
  <secondary_outcome>
    <measure>90-Day Mortality</measure>
    <time_frame>90 days</time_frame>
    <description>Outcome reported as the number of participants who have expired at 90 days post enrollment.</description>
  </secondary_outcome>
  <secondary_outcome>
    <measure>ICU Admission</measure>
    <time_frame>10 days</time_frame>
    <description>Outcome reported as the number of participants in each arm who require admission to the Intensive Care Unit (ICU).</description>
  </secondary_outcome>
  <secondary_outcome>
    <measure>Number of Ventilator-Free Days</measure>
    <time_frame>10 days</time_frame>
    <description>Outcome reported as the mean number of days participants in each arm did not require mechanical ventilation during an in-patient hospital admission.</description>
  </secondary_outcome>
  <secondary_outcome>
    <measure>Number of Therapeutic Oxygen-Free Days</measure>
    <time_frame>10 days</time_frame>
    <description>Outcome reported as the mean number of days participants in each arm did not require therapeutic oxygen usage during an in-patient hospital admission.</description>
  </secondary_outcome>
  <secondary_outcome>
    <measure>Number of Vasopressor-Free Days</measure>
    <time_frame>10 days</time_frame>
    <description>Outcome reported as the mean number of days participants in each arm did not require vasopressor usage during an in-patient hospital admission.</description>
  </secondary_outcome>
  <secondary_outcome>
    <measure>Length of ICU Stay</measure>
    <time_frame>10 days</time_frame>
    <description>Outcome reported as the mean length of stay (in days) in the Intensive Care Unit (ICU) for participants in each arm.</description>
  </secondary_outcome>
  <secondary_outcome>
    <measure>Length of Hospital Stay</measure>
    <time_frame>10 days</time_frame>
    <description>Outcome reported as the mean length of in-patient hospital stay (in days) for participants in each arm.</description>
  </secondary_outcome>
  <secondary_outcome>
    <measure>Incidence of Respiratory Failure</measure>
    <time_frame>10 days</time_frame>
    <description>Outcome reported as the number of participants requiring BiPAP OR high flow nasal cannula OR mechanical ventilation OR extracorporeal membranous oxygenation (ECMO) utilization during in-patient hospital care in each arm.</description>
  </secondary_outcome>
  <secondary_outcome>
    <measure>Change in PROMIS Dyspnea scale</measure>
    <time_frame>10 days</time_frame>
    <description>The PROMIS Dyspnea (shortness of breath) item banks and pools assess self-reported shortness of breath in general, intensity, frequency and duration on a 0-10 scale, with 0 being no symptoms and 10 being the most severe. Finally, the patient answers the question &quot;I've been short of breath&quot; using a 0-4 scale, 0 being none and the most severe. There is no validated, unified single score and each item is evaluated individually.</description>
  </secondary_outcome>
  <secondary_outcome>
    <measure>Change in SF-12 Physical Composite Score</measure>
    <time_frame>10 days</time_frame>
    <description>The SF-12 is a self-reported validated outcome measure assessing the impact of health on an individual's everyday life. Patients fill out a 12 question survey which is then scored by a clinician or researcher. Physical score is computed using the scores of twelve questions and range from 0 to 100, where a zero score indicates the lowest level of health measured by the scales and 100 indicates the highest level of health.</description>
  </secondary_outcome>
  <secondary_outcome>
    <measure>Change in SF-12 Mental Composite Score</measure>
    <time_frame>10 days</time_frame>
    <description>The SF-12 is a self-reported validated outcome measure assessing the impact of health on an individual's everyday life. Patients fill out a 12 question survey which is then scored by a clinician or researcher. Mental composite score is computed using the scores of twelve questions and range from 0 to 100, where a zero score indicates the lowest level of health measured by the scales and 100 indicates the highest level of health.</description>
  </secondary_outcome>
  <secondary_outcome>
    <measure>Disease Severity Rating</measure>
    <time_frame>10 days</time_frame>
    <description>Outcome reported as the number of participants in each arm who fall into each of 7 categories. Lower scores indicate greater condition severity. The ordinal scale is an assessment of the clinical status at the first assessment of a given study day. The scale is as follows: 1) Death; 2) Hospitalized, on invasive mechanical ventilation or extracorporeal membrane oxygenation (ECMO); 3) Hospitalized, on non-invasive ventilation or high flow oxygen devices; 4) Hospitalized, requiring supplemental oxygen; 5) Hospitalized, not requiring supplemental oxygen; 6) Not hospitalized, limitation on activities; 7) Not hospitalized, no limitations on activities.</description>
  </secondary_outcome>
  <secondary_outcome>
    <measure>Viral Load by Nasopharyngeal Swab Day 9</measure>
    <time_frame>9 days</time_frame>
    <description>Nasopharyngeal swabs will be collected every third day for the duration of study participation. Viral load is measured as number of viral genetic copies per mL.</description>
  </secondary_outcome>
  <secondary_outcome>
    <measure>Viral Load by Nasopharyngeal Swab Day 15</measure>
    <time_frame>15 days</time_frame>
    <description>Nasopharyngeal swabs will be collected every third day for the duration of study participation. Viral load is measured as number of viral genetic copies per mL.</description>
  </secondary_outcome>
  <secondary_outcome>
    <measure>Viral Load by Blood Day 9</measure>
    <time_frame>9 days</time_frame>
    <description>Blood will be collected every third day for viral load assessment for the duration of study participation. Viral load is measured as number of viral genetic copies per mL.</description>
  </secondary_outcome>
  <secondary_outcome>
    <measure>Viral Load by Blood Day 15</measure>
    <time_frame>15 days</time_frame>
    <description>Blood will be collected every third day for viral load assessment for the duration of study participation. Viral load is measured as number of viral genetic copies per mL.</description>
  </secondary_outcome>
  <number_of_arms>2</number_of_arms>
  <enrollment type="Anticipated">200</enrollment>
  <condition>Corona Virus Infection</condition>
  <condition>Acute Respiratory Distress Syndrome</condition>
  <condition>SARS-CoV Infection</condition>
  <arm_group>
    <arm_group_label>Losartan</arm_group_label>
    <arm_group_type>Experimental</arm_group_type>
    <description>Participants in this arm will receive the study drug, Losartan.</description>
  </arm_group>
  <arm_group>
    <arm_group_label>Placebo</arm_group_label>
    <arm_group_type>Placebo Comparator</arm_group_type>
    <description>Participants in this arm will receive a placebo treatment.</description>
  </arm_group>
  <intervention>
    <intervention_type>Drug</intervention_type>
    <intervention_name>Losartan</intervention_name>
    <description>Losartan; 50 mg daily; oral administration</description>
    <arm_group_label>Losartan</arm_group_label>
    <other_name>Cozaar</other_name>
  </intervention>
  <intervention>
    <intervention_type>Other</intervention_type>
    <intervention_name>Placebo</intervention_name>
    <description>Placebo (microcrystalline methylcellulose, gelatin capsule); oral administration</description>
    <arm_group_label>Placebo</arm_group_label>
  </intervention>
  <eligibility>
    <criteria>
      <textblock>
        Inclusion Criteria:&#xD;
&#xD;
          -  Presumptive positive laboratory test for Covid-19 based on local laboratory standard&#xD;
&#xD;
          -  Age greater than or equal to 18 years of age&#xD;
&#xD;
          -  Admission to the hospital with a respiratory SOFA &gt;=1 and increased oxygen requirement&#xD;
             compared to baseline among those on home O2&#xD;
&#xD;
          -  Randomization within 48 hours of presentation of hospital admission or within 48 hours&#xD;
             of a positive test result, whichever is later&#xD;
&#xD;
        Exclusion Criteria:&#xD;
&#xD;
          -  Randomization &gt; 48 hours of admission order or positive test result, whichever is&#xD;
             later&#xD;
&#xD;
          -  Currently taking an angiotensin converting enzyme inhibitor (ACEi) or Angiotensin&#xD;
             receptor blocker (ARB)&#xD;
&#xD;
          -  Prior reaction or intolerance to an ARB or ACE inhibitor, including but not limited to&#xD;
             angioedema&#xD;
&#xD;
          -  Pregnant or breastfeeding&#xD;
&#xD;
          -  Lack of negative urine or serum pregnancy test&#xD;
&#xD;
          -  Not currently taking a protocol allowed version of contraception: intrauterine device,&#xD;
             Depo-formulation of hormonal contraception (e.g. medroxyprogesterone acetate /&#xD;
             Depo-Provera), subcutaneous contraceptive (e.g. Nexplanon), daily oral contraceptives&#xD;
             with verbalized commitment to taking daily throughout the study period; use of condoms&#xD;
             or agree to abstain from sexual intercourse during the study. All women of child&#xD;
             bearing age enrolled in this fashion will be informed of the teratogenic risks. If&#xD;
             enrolled under LAR, they will be informed of the risks after regaining capacity.&#xD;
&#xD;
          -  Patient reported history or electronic medical record history of kidney disease,&#xD;
             defined as:&#xD;
&#xD;
               1. Any history of dialysis&#xD;
&#xD;
               2. History of chronic kidney disease stage IV&#xD;
&#xD;
               3. Estimated Glomerular Filtration Rate (eGFR) of &lt; 30ml/min/1.73 m2 at the time of&#xD;
                  randomization&#xD;
&#xD;
          -  Severe dehydration at the time of enrollment in the opinion of the investigator or&#xD;
             bedside clinician&#xD;
&#xD;
          -  Most recent mean arterial blood pressure prior to enrollment &lt;65 mmHg&#xD;
&#xD;
          -  Patient reported history or electronic medical record history of severe liver disease,&#xD;
             defined as:&#xD;
&#xD;
               1. Cirrhosis&#xD;
&#xD;
               2. History of hepatitis B or C&#xD;
&#xD;
               3. Documented AST or ALT &gt; 3 times the upper limit of normal measured within 24&#xD;
                  hours prior to randomization&#xD;
&#xD;
          -  Potassium &gt;5.0 within 24 hours prior to randomization unless a repeat value was &lt;=5.0&#xD;
&#xD;
          -  Treatment with aliskiren&#xD;
&#xD;
          -  Inability to obtain informed consent from participant or legally authorized&#xD;
             representative&#xD;
&#xD;
          -  Enrollment in another blinded randomized clinical trial for COVID&#xD;
      </textblock>
    </criteria>
    <gender>All</gender>
    <minimum_age>18 Years</minimum_age>
    <maximum_age>N/A</maximum_age>
    <healthy_volunteers>No</healthy_volunteers>
  </eligibility>
  <overall_official>
    <last_name>Christopher Tignanelli, MD</last_name>
    <role>Principal Investigator</role>
    <affiliation>University of Minnesota</affiliation>
  </overall_official>
  <overall_official>
    <last_name>Michael Puskarich, MD, MS</last_name>
    <role>Principal Investigator</role>
    <affiliation>University of Minnesota</affiliation>
  </overall_official>
  <overall_contact>
    <last_name>Christopher Tignanelli, MD</last_name>
    <phone>612-624-4373</phone>
    <email>Covid19trial@umn.edu</email>
  </overall_contact>
  <overall_contact_backup>
    <last_name>Michael Puskarich, MD, MS</last_name>
    <phone>612-624-4373</phone>
    <email>Covid19trial@umn.edu</email>
  </overall_contact_backup>
  <location>
    <facility>
      <name>University of Florida Health Gainesville</name>
      <address>
        <city>Gainesville</city>
        <state>Florida</state>
        <zip>32611</zip>
        <country>United States</country>
      </address>
    </facility>
    <status>Recruiting</status>
    <investigator>
      <last_name>Lisa Merck, MD, MPH</last_name>
      <role>Principal Investigator</role>
    </investigator>
  </location>
  <location>
    <facility>
      <name>University of Florida Health Jacksonville</name>
      <address>
        <city>Jacksonville</city>
        <state>Florida</state>
        <zip>32209</zip>
        <country>United States</country>
      </address>
    </facility>
    <status>Recruiting</status>
    <contact>
      <last_name>Lauren Black, MD</last_name>
    </contact>
  </location>
  <location>
    <facility>
      <name>Grady Memorial Hospital</name>
      <address>
        <city>Atlanta</city>
        <state>Georgia</state>
        <zip>30303</zip>
        <country>United States</country>
      </address>
    </facility>
    <status>Recruiting</status>
  </location>
  <location>
    <facility>
      <name>Henry Ford Hospital</name>
      <address>
        <city>Detroit</city>
        <state>Michigan</state>
        <zip>48202</zip>
        <country>United States</country>
      </address>
    </facility>
    <status>Recruiting</status>
    <contact>
      <last_name>Christopher Lewandowski, MD</last_name>
    </contact>
  </location>
  <location>
    <facility>
      <name>M Health Fairview Ridges Hospital</name>
      <address>
        <city>Burnsville</city>
        <state>Minnesota</state>
        <zip>55337</zip>
        <country>United States</country>
      </address>
    </facility>
    <status>Recruiting</status>
  </location>
  <location>
    <facility>
      <name>M Health Fairview Southdale Hospital</name>
      <address>
        <city>Edina</city>
        <state>Minnesota</state>
        <zip>55435</zip>
        <country>United States</country>
      </address>
    </facility>
    <status>Recruiting</status>
  </location>
  <location>
    <facility>
      <name>Hennepin County Medical Center</name>
      <address>
        <city>Minneapolis</city>
        <state>Minnesota</state>
        <zip>55415</zip>
        <country>United States</country>
      </address>
    </facility>
    <status>Recruiting</status>
    <contact>
      <last_name>Michael Puskarich, MD</last_name>
    </contact>
  </location>
  <location>
    <facility>
      <name>M Health Fairview University of Minnesota Medical Center</name>
      <address>
        <city>Minneapolis</city>
        <state>Minnesota</state>
        <zip>55455</zip>
        <country>United States</country>
      </address>
    </facility>
    <status>Recruiting</status>
    <investigator>
      <last_name>Jeffrey Chipman, MD</last_name>
      <role>Sub-Investigator</role>
    </investigator>
    <investigator>
      <last_name>Ron Reikoff, MD</last_name>
      <role>Sub-Investigator</role>
    </investigator>
  </location>
  <location>
    <facility>
      <name>University of Minnesota</name>
      <address>
        <city>Minneapolis</city>
        <state>Minnesota</state>
        <zip>55455</zip>
        <country>United States</country>
      </address>
    </facility>
    <status>Recruiting</status>
    <investigator>
      <last_name>Timothy Schacker, MD</last_name>
      <role>Sub-Investigator</role>
    </investigator>
    <investigator>
      <last_name>Nicholas Ingraham, MD</last_name>
      <role>Sub-Investigator</role>
    </investigator>
    <investigator>
      <last_name>David Wacker, MD</last_name>
      <role>Sub-Investigator</role>
    </investigator>
    <investigator>
      <last_name>Michelle Biros, MD, MS</last_name>
      <role>Sub-Investigator</role>
    </investigator>
  </location>
  <location>
    <facility>
      <name>North Memorial Health Hospital</name>
      <address>
        <city>Robbinsdale</city>
        <state>Minnesota</state>
        <zip>55422</zip>
        <country>United States</country>
      </address>
    </facility>
    <status>Recruiting</status>
    <contact>
      <last_name>Joseph Farhat, MD</last_name>
    </contact>
  </location>
  <location>
    <facility>
      <name>University of Mississippi Medical Center</name>
      <address>
        <city>Jackson</city>
        <state>Mississippi</state>
        <zip>39216</zip>
        <country>United States</country>
      </address>
    </facility>
    <status>Recruiting</status>
    <contact>
      <last_name>Alan Jones, MD</last_name>
    </contact>
  </location>
  <location>
    <facility>
      <name>Cooper University Hospital</name>
      <address>
        <city>Camden</city>
        <state>New Jersey</state>
        <zip>08103</zip>
        <country>United States</country>
      </address>
    </facility>
    <status>Recruiting</status>
    <contact>
      <last_name>Dana Byrne, MD, MSCE</last_name>
    </contact>
  </location>
  <location>
    <facility>
      <name>University of Cincinnati Medical Center</name>
      <address>
        <city>Cincinnati</city>
        <state>Ohio</state>
        <zip>45267</zip>
        <country>United States</country>
      </address>
    </facility>
    <status>Recruiting</status>
    <contact>
      <last_name>Justine Benoit, MD, MS, FAEMS</last_name>
    </contact>
  </location>
  <location_countries>
    <country>United States</country>
  </location_countries>
  <verification_date>December 2020</verification_date>
  <study_first_submitted>March 13, 2020</study_first_submitted>
  <study_first_submitted_qc>March 13, 2020</study_first_submitted_qc>
  <study_first_posted type="Actual">March 17, 2020</study_first_posted>
  <last_update_submitted>December 17, 2020</last_update_submitted>
  <last_update_submitted_qc>December 17, 2020</last_update_submitted_qc>
  <last_update_posted type="Actual">December 21, 2020</last_update_posted>
  <responsible_party>
    <responsible_party_type>Sponsor</responsible_party_type>
  </responsible_party>
  <keyword>COVID-19</keyword>
  <keyword>Corona Virus</keyword>
  <keyword>SARS-COV-2</keyword>
  <condition_browse>
    <!-- CAUTION:  The following MeSH terms are assigned with an imperfect algorithm            -->
    <mesh_term>Infection</mesh_term>
    <mesh_term>Communicable Diseases</mesh_term>
    <mesh_term>Coronavirus Infections</mesh_term>
    <mesh_term>Severe Acute Respiratory Syndrome</mesh_term>
    <mesh_term>Respiratory Distress Syndrome, Newborn</mesh_term>
    <mesh_term>Respiratory Distress Syndrome, Adult</mesh_term>
    <mesh_term>Acute Lung Injury</mesh_term>
  </condition_browse>
  <intervention_browse>
    <!-- CAUTION:  The following MeSH terms are assigned with an imperfect algorithm            -->
    <mesh_term>Losartan</mesh_term>
  </intervention_browse>
  <patient_data>
    <sharing_ipd>No</sharing_ipd>
  </patient_data>
  <!-- Results have not yet been posted for this study                                          -->
</clinical_study>

