<?xml version="1.0" encoding="UTF-8"?>
<clinical_study rank="3566">
  <!-- This xml conforms to an XML Schema at:
    https://clinicaltrials.gov/ct2/html/images/info/public.xsd -->
  <required_header>
    <download_date>ClinicalTrials.gov processed this data on February 08, 2021</download_date>
    <link_text>Link to the current ClinicalTrials.gov record.</link_text>
    <url>https://clinicaltrials.gov/show/NCT04288713</url>
  </required_header>
  <id_info>
    <org_study_id>COVID19</org_study_id>
    <nct_id>NCT04288713</nct_id>
  </id_info>
  <brief_title>Eculizumab (Soliris) in Covid-19 Infected Patients</brief_title>
  <acronym>SOLID-C19</acronym>
  <official_title>Soliris to Stop Immune Mediated Death In Covid 19 Infected Patients. A Trial of Distal Complement Inhibition.</official_title>
  <sponsors>
    <lead_sponsor>
      <agency>Hudson Medical</agency>
      <agency_class>Other</agency_class>
    </lead_sponsor>
  </sponsors>
  <source>Hudson Medical</source>
  <brief_summary>
    <textblock>
      Covid-19 has spread rapidly throughout the world causing widespread panic, death, and injury.&#xD;
      While this virus is the provocateur, it is often the patient's own disproportionate immune&#xD;
      response which deals the most devastating (and often fatal) damage. A specific part of the&#xD;
      immune system, known as the complement, has been shown to cause such damage in other types of&#xD;
      coronaviruses. In the SOLID-C19 study, Soliris (Eculizumab) will be used to modulate the&#xD;
      activity of the distal complement preventing the formation of the membrane attack complex. By&#xD;
      modulating this portion of the immune response, mortality can be halted while the patient has&#xD;
      time to recover from the virus with supportive medical care.&#xD;
    </textblock>
  </brief_summary>
  <detailed_description>
    <textblock>
      Recorded Endpoints:&#xD;
&#xD;
        -  Mortality&#xD;
&#xD;
        -  Time in the ICU&#xD;
&#xD;
        -  Time on a ventilator&#xD;
&#xD;
      Administrative:&#xD;
&#xD;
      An Emergency FDA IND must be submitted (FDA form 3926) for each patient.&#xD;
&#xD;
      Subsequent to approval the primary investigator will obtain an authorization letter from&#xD;
      Alexion Pharmaceuticals.&#xD;
&#xD;
      Implementation:&#xD;
&#xD;
      Prior to dosing the patient must receive ceftriaxone IV and this must be continued during the&#xD;
      entire duration of therapy (vaccination will be mentioned shortly and is the only exception&#xD;
      to prophylactic antibiotic coverage). If there is a clinical reason why the patient cannot&#xD;
      receive Ceftriaxone (allergy, supply, etc) then an alternative prophylactic antibiotic&#xD;
      covering Neisseria meningitis must be given for the duration of therapy. The SeroB and&#xD;
      Quadrivalent meningococcal vaccines can be given if the duration of antibiotic therapy&#xD;
      becomes unsafe or unfeasible. In that case, antibiotic therapy should be withdrawn no sooner&#xD;
      than 2 weeks after vaccination with both meningococcal vaccines (see ACIP guidelines in&#xD;
      complement deficient patients). It is preferred that vaccination is avoided while the patient&#xD;
      is acutely ill and that prophylactic antibiotics are used as meningococcal vaccination can&#xD;
      upregulate the immune system possibly worsening the patient's condition.&#xD;
&#xD;
      Standard dosing protocol - Eculizumab 900mg IV every 7 days. Eculizumab is given IV over 30&#xD;
      minutes without the need of a pump (although one can be used if available).&#xD;
&#xD;
      Supplemental doses of eculizumab can be given if clinically warranted at the discretion of&#xD;
      the investigator and clinical team.&#xD;
&#xD;
      The team should perform Murray scores daily for the first 72 hours THEN every other day&#xD;
      unless a change is deemed necessary by the attending physician. (table 2)&#xD;
&#xD;
      Complement blood levels should be drawn every 72 hours. They may be drawn sooner if there is&#xD;
      clinical inquiry which would affect clinical decision making and/or after a dose of&#xD;
      Eculizumab is given.&#xD;
&#xD;
      The duration of therapy is at the discretion of the clinical team and investigator.&#xD;
&#xD;
      Follow up at day 7, 14, and 28 after discharge.&#xD;
    </textblock>
  </detailed_description>
  <overall_status>Available</overall_status>
  <study_type>Expanded Access</study_type>
  <has_expanded_access>No</has_expanded_access>
  <expanded_access_info>
    <expanded_access_type_individual>Yes</expanded_access_type_individual>
    <expanded_access_type_treatment>Yes</expanded_access_type_treatment>
  </expanded_access_info>
  <condition>Coronavirus</condition>
  <intervention>
    <intervention_type>Drug</intervention_type>
    <intervention_name>Eculizumab</intervention_name>
    <description>A distal complement inhibitor.</description>
  </intervention>
  <eligibility>
    <criteria>
      <textblock>
        Inclusion Criteria:&#xD;
&#xD;
          -  Age 18 or older.&#xD;
&#xD;
          -  Confirmed Covid-19 infection&#xD;
&#xD;
          -  ARDS&#xD;
&#xD;
          -  ICU patient&#xD;
&#xD;
        Exclusion Criteria:&#xD;
&#xD;
          -  Active Neisseria infection.&#xD;
&#xD;
          -  Concomitant enrollment in another experimental/off-label immunosuppressive therapy&#xD;
             trial.&#xD;
      </textblock>
    </criteria>
    <gender>All</gender>
    <minimum_age>18 Years</minimum_age>
    <maximum_age>N/A</maximum_age>
  </eligibility>
  <overall_contact>
    <last_name>Thomas C Pitts, M.D.</last_name>
    <phone>6465967386</phone>
    <email>Drpitts@hudsonmedical.com</email>
  </overall_contact>
  <reference>
    <citation>Gralinski LE, Sheahan TP, Morrison TE, Menachery VD, Jensen K, Leist SR, Whitmore A, Heise MT, Baric RS. Complement Activation Contributes to Severe Acute Respiratory Syndrome Coronavirus Pathogenesis. mBio. 2018 Oct 9;9(5). pii: e01753-18. doi: 10.1128/mBio.01753-18.</citation>
    <PMID>30301856</PMID>
  </reference>
  <verification_date>March 2020</verification_date>
  <study_first_submitted>February 27, 2020</study_first_submitted>
  <study_first_submitted_qc>February 27, 2020</study_first_submitted_qc>
  <study_first_posted type="Actual">February 28, 2020</study_first_posted>
  <last_update_submitted>March 26, 2020</last_update_submitted>
  <last_update_submitted_qc>March 26, 2020</last_update_submitted_qc>
  <last_update_posted type="Actual">March 30, 2020</last_update_posted>
  <responsible_party>
    <responsible_party_type>Principal Investigator</responsible_party_type>
    <investigator_affiliation>Hudson Medical</investigator_affiliation>
    <investigator_full_name>Thomas Pitts, M.D.</investigator_full_name>
    <investigator_title>Thomas C Pitts, M.D.</investigator_title>
  </responsible_party>
  <keyword>Covid19</keyword>
  <keyword>Soliris</keyword>
  <keyword>Eculizumab</keyword>
  <keyword>Covid-19</keyword>
  <keyword>Complement</keyword>
  <keyword>Immunomodulation</keyword>
  <keyword>ARDS</keyword>
  <keyword>Adult respiratory distress syndrome</keyword>
  <keyword>Coronavirus</keyword>
  <keyword>Corona Virus</keyword>
  <condition_browse>
    <!-- CAUTION:  The following MeSH terms are assigned with an imperfect algorithm            -->
    <mesh_term>Coronavirus Infections</mesh_term>
  </condition_browse>
  <!-- Results have not yet been posted for this study                                          -->
</clinical_study>

