<?xml version="1.0" encoding="UTF-8"?>
<clinical_study rank="4586">
  <!-- This xml conforms to an XML Schema at:
    https://clinicaltrials.gov/ct2/html/images/info/public.xsd -->
  <required_header>
    <download_date>ClinicalTrials.gov processed this data on February 08, 2021</download_date>
    <link_text>Link to the current ClinicalTrials.gov record.</link_text>
    <url>https://clinicaltrials.gov/show/NCT04310228</url>
  </required_header>
  <id_info>
    <org_study_id>2020YFC0844100</org_study_id>
    <nct_id>NCT04310228</nct_id>
  </id_info>
  <brief_title>Favipiravir Combined With Tocilizumab in the Treatment of Corona Virus Disease 2019</brief_title>
  <official_title>Favipiravir Combined With Tocilizumab in the Treatment of Corona Virus Disease 2019-A Multicenter, Randomized and Controlled Clinical Trial Study</official_title>
  <sponsors>
    <lead_sponsor>
      <agency>Peking University First Hospital</agency>
      <agency_class>Other</agency_class>
    </lead_sponsor>
  </sponsors>
  <source>Peking University First Hospital</source>
  <oversight_info>
    <is_fda_regulated_drug>No</is_fda_regulated_drug>
    <is_fda_regulated_device>No</is_fda_regulated_device>
  </oversight_info>
  <brief_summary>
    <textblock>
      The purpose of this study is to evaluate the efficacy and safety of favipiravir combined with&#xD;
      tocilizumab in the treatment of corona virus disease 2019.&#xD;
    </textblock>
  </brief_summary>
  <detailed_description>
    <textblock>
      In clinical institutions that enroll patients with corona virus disease 2019, three arms,&#xD;
      multi-center, randomized and controlled methods are adopted. Patients are divided into three&#xD;
      groups, favipiravir combined with tocilizumab group, favipiravir group and tocilizumab group.&#xD;
      150 patients are expected to be enrolled and the cases are allocated according to the ratio&#xD;
      of 3( favipiravir combined with tocilizumab group): 1(favipiravir group): 1(tocilizumab&#xD;
      group).&#xD;
    </textblock>
  </detailed_description>
  <overall_status>Recruiting</overall_status>
  <start_date type="Actual">March 8, 2020</start_date>
  <completion_date type="Anticipated">May 2020</completion_date>
  <primary_completion_date type="Anticipated">May 2020</primary_completion_date>
  <phase>N/A</phase>
  <study_type>Interventional</study_type>
  <has_expanded_access>No</has_expanded_access>
  <study_design_info>
    <allocation>Randomized</allocation>
    <intervention_model>Parallel Assignment</intervention_model>
    <primary_purpose>Treatment</primary_purpose>
    <masking>None (Open Label)</masking>
  </study_design_info>
  <primary_outcome>
    <measure>Clinical cure rate</measure>
    <time_frame>3 months</time_frame>
    <description>Definition of clinical cure: The viral load of the respiratory specimen was negative for two consecutive times (the interval between the two tests was greater than or equal to one day), the lung image improved, and the body temperature returned to normal for more than 3 days, and the clinical manifestation improved.</description>
  </primary_outcome>
  <secondary_outcome>
    <measure>Viral nucleic acid test negative conversion rate and days from positive to negative</measure>
    <time_frame>14 days after taking medicine</time_frame>
  </secondary_outcome>
  <secondary_outcome>
    <measure>Duration of fever</measure>
    <time_frame>14 days after taking medicine</time_frame>
  </secondary_outcome>
  <secondary_outcome>
    <measure>Lung imaging improvement time</measure>
    <time_frame>14 days after taking medicine</time_frame>
  </secondary_outcome>
  <secondary_outcome>
    <measure>Mortality rate because of Corona Virus Disease 2019</measure>
    <time_frame>3 months</time_frame>
  </secondary_outcome>
  <secondary_outcome>
    <measure>Rate of non-invasive or invasive mechanical ventilation when respiratory failure occurs</measure>
    <time_frame>3 months</time_frame>
  </secondary_outcome>
  <secondary_outcome>
    <measure>Mean in-hospital time</measure>
    <time_frame>3 months</time_frame>
  </secondary_outcome>
  <number_of_arms>3</number_of_arms>
  <enrollment type="Anticipated">150</enrollment>
  <condition>COVID-19</condition>
  <arm_group>
    <arm_group_label>Favipiravir Combined With Tocilizumab group</arm_group_label>
    <arm_group_type>Experimental</arm_group_type>
    <description>Favipiravir: On the 1st day, 1600mg each time, twice a day; from the 2nd to the 7th day, 600mg each time, twice a day. Oral administration, the maximum number of days taken is not more than 7 days.&#xD;
Tocilizumab:The first dose is 4 ~ 8mg/kg and the recommended dose is 400mg. For fever patients, an additional application (the same dose as before) is given if there is still fever within 24 hours after the first dose and the interval between two medications ≥ 12 hours.Intravenous infusion, The maximum of cumulative number is two, and the maximum single dose does not exceed 800mg.</description>
  </arm_group>
  <arm_group>
    <arm_group_label>Favipiravir group</arm_group_label>
    <arm_group_type>Active Comparator</arm_group_type>
    <description>On the 1st day, 1600mg each time, twice a day; from the 2nd to the 7th day, 600mg each time, twice a day. Oral administration, the maximum number of days taken is not more than 7 days.</description>
  </arm_group>
  <arm_group>
    <arm_group_label>Tocilizumab group</arm_group_label>
    <arm_group_type>Active Comparator</arm_group_type>
    <description>The first dose is 4 ~ 8mg/kg and the recommended dose is 400mg. For fever patients, an additional application (the same dose as before) is given if there is still fever within 24 hours after the first dose and the interval between two medications ≥ 12 hours.Intravenous infusion, The maximum of cumulative number is two, and the maximum single dose does not exceed 800mg.</description>
  </arm_group>
  <intervention>
    <intervention_type>Drug</intervention_type>
    <intervention_name>Favipiravir Combined With Tocilizumab</intervention_name>
    <description>Favipiravir: On the 1st day, 1600mg each time, twice a day; from the 2nd to the 7th day, 600mg each time, twice a day. Oral administration, the maximum number of days taken is not more than 7 days.&#xD;
Tocilizumab:The first dose is 4 ~ 8mg/kg and the recommended dose is 400mg. For fever patients, an additional application (the same dose as before) is given if there is still fever within 24 hours after the first dose and the interval between two medications ≥ 12 hours.Intravenous infusion, The maximum of cumulative number is two, and the maximum single dose does not exceed 800mg.</description>
    <arm_group_label>Favipiravir Combined With Tocilizumab group</arm_group_label>
  </intervention>
  <intervention>
    <intervention_type>Drug</intervention_type>
    <intervention_name>Favipiravir</intervention_name>
    <description>On the 1st day, 1600mg each time, twice a day; from the 2nd to the 7th day, 600mg each time, twice a day. Oral administration, the maximum number of days taken is not more than 7 days.</description>
    <arm_group_label>Favipiravir group</arm_group_label>
  </intervention>
  <intervention>
    <intervention_type>Drug</intervention_type>
    <intervention_name>Tocilizumab</intervention_name>
    <description>The first dose is 4 ~ 8mg/kg and the recommended dose is 400mg. For fever patients, an additional application (the same dose as before) is given if there is still fever within 24 hours after the first dose and the interval between two medications ≥ 12 hours.Intravenous infusion, The maximum of cumulative number is two, and the maximum single dose does not exceed 800mg.</description>
    <arm_group_label>Tocilizumab group</arm_group_label>
  </intervention>
  <eligibility>
    <criteria>
      <textblock>
        Inclusion Criteria:&#xD;
&#xD;
          1. Clinically diagnosed with Corona Virus Disease 2019&#xD;
&#xD;
          2. Increased interleukin-6&#xD;
&#xD;
          3. Sign the informed consent&#xD;
&#xD;
          4. Subjects who can take medicine orally&#xD;
&#xD;
          5. Agree to collect clinical samples&#xD;
&#xD;
          6. Female subjects of childbearing age are not pregnant and agree to take effective&#xD;
             contraception within 7 days of the last oral medication to ensure that they are not&#xD;
             pregnant within 3-6 months&#xD;
&#xD;
          7. Male patients agree to effective contraception within 7 days of last oral medication.&#xD;
&#xD;
        Exclusion Criteria:&#xD;
&#xD;
          1. Cases of severe vomiting that make it difficult to take the drug orally&#xD;
&#xD;
          2. Allergic to Favipiravir or tocilizumab&#xD;
&#xD;
          3. Pregnant and lactating women&#xD;
&#xD;
          4. Subjects received specific antiviral drugs such as lopinavir / ritonavir, ribavirin,&#xD;
             arbidol, chloroquine phosphate, hydroxychloroquine, and monoclonal antibodies within&#xD;
             one week before admission.&#xD;
&#xD;
          5. Cases of respiratory failure and requiring mechanical ventilation&#xD;
&#xD;
          6. Cases of shock&#xD;
&#xD;
          7. Combined organ failure requires ICU monitoring and treatment&#xD;
&#xD;
          8. Predicted clinically that there is no hope of survival, or cases of deep coma that do&#xD;
             not respond to supportive treatment measures within three hours of admission&#xD;
&#xD;
          9. Alanine aminotransferase / Aspartate aminotransferase&gt; 5 times of upper limit of&#xD;
             normal&#xD;
&#xD;
         10. Neutrophils &lt;0.5 × 10^9 / L, platelets less than 50 × 10^9 / L&#xD;
&#xD;
         11. Clear diagnosis of rheumatoid immunity, malignant tumors and other related diseases&#xD;
&#xD;
         12. Long-term oral anti-rejection drugs or immunomodulatory drugs&#xD;
&#xD;
         13. Allergic reactions to tocilizumab or any excipients&#xD;
&#xD;
         14. Patients with active hepatitis, tuberculosis, and definite bacterial and fungal&#xD;
             infections&#xD;
&#xD;
         15. Organ transplant patients&#xD;
&#xD;
         16. Patients with mental disorders&#xD;
      </textblock>
    </criteria>
    <gender>All</gender>
    <minimum_age>18 Years</minimum_age>
    <maximum_age>65 Years</maximum_age>
    <healthy_volunteers>No</healthy_volunteers>
  </eligibility>
  <overall_official>
    <last_name>Guiqiang Wang</last_name>
    <role>Principal Investigator</role>
    <affiliation>Peking University First Hospital</affiliation>
  </overall_official>
  <overall_contact>
    <last_name>Guiqiang Wang</last_name>
    <phone>13911405123</phone>
    <email>john131212@sina.com</email>
  </overall_contact>
  <overall_contact_backup>
    <last_name>Hong Zhao</last_name>
    <phone>13810765943</phone>
    <email>zhaohong_pufh@bjmu.edu.cn</email>
  </overall_contact_backup>
  <location>
    <facility>
      <name>Guiqiang Wang</name>
      <address>
        <city>Beijing</city>
        <state>Beijing</state>
        <zip>100034</zip>
        <country>China</country>
      </address>
    </facility>
    <status>Recruiting</status>
    <contact>
      <last_name>Guiqiang Wang</last_name>
      <phone>13911405123</phone>
      <email>john131212@sina.com</email>
    </contact>
  </location>
  <location>
    <facility>
      <name>Peking University First Hospital</name>
      <address>
        <city>Beijing</city>
        <state>Beijing</state>
        <zip>100034</zip>
        <country>China</country>
      </address>
    </facility>
    <status>Recruiting</status>
    <contact>
      <last_name>Haichao Li</last_name>
      <phone>18511129044</phone>
    </contact>
  </location>
  <location>
    <facility>
      <name>Ezhou Central Hospital</name>
      <address>
        <city>Wuhan</city>
        <state>Hubei</state>
        <zip>430000</zip>
        <country>China</country>
      </address>
    </facility>
    <status>Recruiting</status>
    <contact>
      <last_name>Yuhong Qin</last_name>
      <phone>13810634388</phone>
    </contact>
  </location>
  <location>
    <facility>
      <name>Huoshenshan Hospital of Wuhan</name>
      <address>
        <city>Wuhan</city>
        <state>Hubei</state>
        <zip>430000</zip>
        <country>China</country>
      </address>
    </facility>
    <status>Recruiting</status>
    <contact>
      <last_name>Qing Mao</last_name>
    </contact>
  </location>
  <location>
    <facility>
      <name>Jinyintan Hospital of Wuhan</name>
      <address>
        <city>Wuhan</city>
        <state>Hubei</state>
        <zip>430000</zip>
        <country>China</country>
      </address>
    </facility>
    <status>Recruiting</status>
    <contact>
      <last_name>Dingyu Zhang</last_name>
      <phone>13507117929</phone>
    </contact>
  </location>
  <location>
    <facility>
      <name>Wuhan Pulmonary Hospital</name>
      <address>
        <city>Wuhan</city>
        <state>Hubei</state>
        <zip>430000</zip>
        <country>China</country>
      </address>
    </facility>
    <status>Recruiting</status>
    <contact>
      <last_name>Xianxiang Chen</last_name>
      <phone>18971570937</phone>
    </contact>
  </location>
  <location_countries>
    <country>China</country>
  </location_countries>
  <verification_date>April 2020</verification_date>
  <study_first_submitted>March 9, 2020</study_first_submitted>
  <study_first_submitted_qc>March 14, 2020</study_first_submitted_qc>
  <study_first_posted type="Actual">March 17, 2020</study_first_posted>
  <last_update_submitted>April 8, 2020</last_update_submitted>
  <last_update_submitted_qc>April 8, 2020</last_update_submitted_qc>
  <last_update_posted type="Actual">April 10, 2020</last_update_posted>
  <responsible_party>
    <responsible_party_type>Principal Investigator</responsible_party_type>
    <investigator_affiliation>Peking University First Hospital</investigator_affiliation>
    <investigator_full_name>Guiqiang Wang</investigator_full_name>
    <investigator_title>Principal Investigator</investigator_title>
  </responsible_party>
  <keyword>Novel coronavirus pneumonia</keyword>
  <keyword>Favipiravir</keyword>
  <keyword>Tocilizumab</keyword>
  <condition_browse>
    <!-- CAUTION:  The following MeSH terms are assigned with an imperfect algorithm            -->
    <mesh_term>Virus Diseases</mesh_term>
    <mesh_term>Coronavirus Infections</mesh_term>
  </condition_browse>
  <!-- Results have not yet been posted for this study                                          -->
</clinical_study>

