<?xml version="1.0" encoding="UTF-8"?>
<clinical_study rank="4622">
  <!-- This xml conforms to an XML Schema at:
    https://clinicaltrials.gov/ct2/html/images/info/public.xsd -->
  <required_header>
    <download_date>ClinicalTrials.gov processed this data on February 08, 2021</download_date>
    <link_text>Link to the current ClinicalTrials.gov record.</link_text>
    <url>https://clinicaltrials.gov/show/NCT03990662</url>
  </required_header>
  <id_info>
    <org_study_id>PredictorsOutcomeTMD2019GA</org_study_id>
    <nct_id>NCT03990662</nct_id>
  </id_info>
  <brief_title>What Are the Clinical Factors Associated With a Significant Pain Reduction Following Physiotherapy in Patients With Temporomandibular Disorders?</brief_title>
  <official_title>Predictors of Pain Reduction Following Manual Therapy in Patients With Temporomandibular Disorders: a Prospective Observational Study</official_title>
  <sponsors>
    <lead_sponsor>
      <agency>Istituto Stomatologico Italiano</agency>
      <agency_class>Other</agency_class>
    </lead_sponsor>
    <collaborator>
      <agency>University of Birmingham</agency>
      <agency_class>Other</agency_class>
    </collaborator>
  </sponsors>
  <source>Istituto Stomatologico Italiano</source>
  <oversight_info>
    <has_dmc>No</has_dmc>
    <is_fda_regulated_drug>No</is_fda_regulated_drug>
    <is_fda_regulated_device>No</is_fda_regulated_device>
  </oversight_info>
  <brief_summary>
    <textblock>
      RATIONALE OF THE OBSERVATION STUDY:&#xD;
&#xD;
      This study aims to observe which patients with temporomandibular disorder improve more&#xD;
      following a physiotherapy program of four sessions. Knowing the characteristics of patients&#xD;
      who have the most significant improvements could help clinician advise or advise against&#xD;
      physiotherapy for the treatment of temporomandibular disorders.&#xD;
&#xD;
      STUDY PROCEDURES The study will be conducted at the Istituto Stomatologico Italiano. Patients&#xD;
      diagnosed with Temporomandibular Disorder will be recruited in the gnathological and&#xD;
      neuromuscular gnathological departments. The physiotherapists of the Craniomandibular&#xD;
      Physiotherapy Service will perform physiotherapy therapy, which consists of four&#xD;
      physiotherapy sessions [lasting 30 minutes, about once a week] over a month. Before starting&#xD;
      the treatment, participants will be asked to answer some questions and questionnaires&#xD;
      concerning their state of health (e.g. quality of sleep) with particular reference to&#xD;
      Temporomandibular Disorder (e.g. location and duration of pain). The intensity of pain at the&#xD;
      beginning of the study and the end of the observed therapy (one month) will then be&#xD;
      monitored.&#xD;
&#xD;
      EXPECTED BENEFITS FROM THE STUDY AND EXPECTED BENEFITS FOR THE PATIENT The benefits are the&#xD;
      discovery of new knowledge in the field of therapeutic choice for patients with&#xD;
      temporomandibular disorder.&#xD;
    </textblock>
  </brief_summary>
  <overall_status>Recruiting</overall_status>
  <start_date type="Actual">June 14, 2019</start_date>
  <completion_date type="Anticipated">December 31, 2020</completion_date>
  <primary_completion_date type="Anticipated">December 31, 2020</primary_completion_date>
  <study_type>Observational</study_type>
  <has_expanded_access>No</has_expanded_access>
  <study_design_info>
    <observational_model>Cohort</observational_model>
    <time_perspective>Prospective</time_perspective>
  </study_design_info>
  <primary_outcome>
    <measure>Pain Intensity: Visual Analogue Scale [VAS]</measure>
    <time_frame>one month, three months</time_frame>
    <description>Pain intensity will be calculated by averaging the ratings of current pain, average pain in the past week, and worst pain in the past week using the Visual Analogue Scale (VAS), consisting of a horizontal line measuring 10 cm (without marks), with &quot;no pain&quot; written at the left extremity, and &quot;worst pain imaginable&quot; at the right extremity. Patients will be educated to trace a perpendicular line on the horizontal line to intend the pain intensity. The distance from the 0 points will be after measured in millimetres. The VAS is a reliable and valid scale to assess pain intensity as an outcome measure in intervention studies. Based on the Initiative on Methods, Measurement, and Pain Assessment in Clinical Trials (IMMPACT) recommendations about TMD , a reduction of at least 30% of the VAS score for pain intensity is considered clinically significant. Consequently, a reduction in the total VAS score [≥ 30%] will be defined as a good outcome</description>
  </primary_outcome>
  <secondary_outcome>
    <measure>COVID-19 Related Distress</measure>
    <time_frame>three months</time_frame>
    <description>COVID Stress Scales (CSS):&#xD;
The CSS are a 36-items scales composed of five domains: danger and contamination fears, fears about economic consequences, xenophobia, compulsive checking and reassurance-seeking, and traumatic stress symptoms about COVID-19. All items are scored on a 5-point scale ranging from 0 to 4, with elevated values indicating high COVID-related impact. Current evidence revealed that CSS worked with acceptable values of reliability and validity.</description>
  </secondary_outcome>
  <other_outcome>
    <measure>General health variables</measure>
    <time_frame>three months</time_frame>
    <description>Health-related quality of life was evaluated through a visual analogue scale (range 0-100) representing 'worst' to 'best' possible health.</description>
  </other_outcome>
  <other_outcome>
    <measure>Sleep Quality</measure>
    <time_frame>three months</time_frame>
    <description>An 11-point Numerical Rating Scale [NRS] was adopted to estimate sleep quality, where 0 is 'best possible sleep' and 10 is 'worst possible sleep'. This scale was used to assess the average sleep quality related to the preceding 6-months at baseline and related to the preceding 3-months at the follow-up.</description>
  </other_outcome>
  <other_outcome>
    <measure>Depression and anxiety</measure>
    <time_frame>three months</time_frame>
    <description>The Hospital Anxiety and Depression Scales (HADS):&#xD;
Depression and anxiety were measured with the Italian version of the HADS at baseline and at the follow-up assessment. HADS is made up of two 7 items subscales [anxiety: HADS-A; depression: HADS-D]. The score ranges from 0 to 21 with higher values indicating greater levels of anxiety and depression. HADS has excellent concurrent validity in comparison to other depression/anxiety scales, and adequate to excellent internal consistency (HADS-A [0.68-0.93]; HADS-D [0.67-0.90]).</description>
  </other_outcome>
  <other_outcome>
    <measure>Coping Strategies</measure>
    <time_frame>three months</time_frame>
    <description>Coping Strategies Questionnaire 27 (CSQ-27):&#xD;
The Italian version of the CSQ-27 was applied to assess strategies for coping with pain at baseline and at the follow-up. 40 This questionnaire includes six domains: Distraction, Catastrophizing, Ignoring pain sensations, Distancing from pain, Coping self-statements, and Praying. Participants were asked to score the specific strategies utilising a seven-point Likert scale for each domain. Possible scores range from 0 &quot;never do that&quot; to 6 &quot;aways do that&quot;.</description>
  </other_outcome>
  <other_outcome>
    <measure>Central Sensitization</measure>
    <time_frame>three months</time_frame>
    <description>Central Sensitization Inventory (CSI):&#xD;
Participants completed the part A of the Italian version of the CSI at baseline and follow-up. This questionnaire is composed of 25 items with five possible answers ranging from 'never' (0) to 'always' (4) concerning current health symptoms. Significant test-retest reliability and internal consistency were found for CSI in people with and without pain.</description>
  </other_outcome>
  <other_outcome>
    <measure>Characteristic pain intensity and disability</measure>
    <time_frame>three months</time_frame>
    <description>The Italian version of the Research Diagnostic Criteria for TMD (RDC/TMD) questionnaire Axis II Graded Chronic Pain Scale (GCPS) version -2.0 [www.rdc-tmdinternational.org] was administered by following the DC/TMD protocol recommendations. In this study, the GCPS was used to appraise facial pain severity related to the preceding 6-months at baseline and related to the last 3 months at follow-up. This scale unifies pain intensity and pain-related disability into one of the five ordinal categories of chronic facial pain severity. 67 Pain intensity is measured through the characteristic pain intensity (CPI) score (range: 0-100). A disability score (range: 0-6) is obtained from a combination of the number of disability days and the disability level.</description>
  </other_outcome>
  <other_outcome>
    <measure>Oral Behaviour</measure>
    <time_frame>three months</time_frame>
    <description>The Italian version of the RDC/TMD questionnaire Axis II Oral Behaviours Checklist (OBC) [www.rdc-tmdinternational.org] was administered at baseline and at the follow-up by following the DC/TMD protocol recommendations. The OBC is a 21 item questionnaire with five possible answers ranging from 'none of the time' (0) to 'all of the time' (4), referring to activities related to the preceding month involving the jaw such as clenching or grinding the teeth.</description>
  </other_outcome>
  <number_of_groups>1</number_of_groups>
  <enrollment type="Anticipated">100</enrollment>
  <condition>Temporomandibular Disorders</condition>
  <arm_group>
    <arm_group_label>TMD</arm_group_label>
    <description>Patients (aged ≥18 years) with a diagnosis of Temporomandibular Disorders</description>
  </arm_group>
  <intervention>
    <intervention_type>Other</intervention_type>
    <intervention_name>Physiotherapy - Manual Therapy</intervention_name>
    <description>Participants will receive four sessions of manual therapy applied to craniomandibular structures over four weeks. The application of manual therapy aims to decrease pain by treating masticatory muscle trigger points, muscle tightness, and restricted temporomandibular joint movements. Several techniques will be considered, including ventral and caudal anterior glide temporomandibular joint mobilisation, soft tissue interventions for the management of trigger points in masticatory muscles and myofascial induction therapy applied to craniomandibular structures. The structures targeted in the treatment sessions will be the temporomandibular joint, temporal muscles, masseter muscles, medial and lateral pterygoid muscles and suprahyoid muscles.</description>
    <arm_group_label>TMD</arm_group_label>
  </intervention>
  <eligibility>
    <study_pop>
      <textblock>
        Patients will be recruited in a Dental Hospital [TMJ Unit].&#xD;
      </textblock>
    </study_pop>
    <sampling_method>Non-Probability Sample</sampling_method>
    <criteria>
      <textblock>
        Inclusion Criteria:&#xD;
&#xD;
          -  (1) adults aged ≥18 years;&#xD;
&#xD;
          -  (2) TMD diagnosis according to the Axis I of the Diagnostic Criteria for TMDs (DC/TMD)&#xD;
             (Shiffman et al., 2014);&#xD;
&#xD;
          -  (3) no therapeutic interventions reported (for their TMD) in the past six months&#xD;
             (Wahlund et al., 2015);&#xD;
&#xD;
          -  (4) capacity to use and understand written and verbal Italian language;&#xD;
&#xD;
          -  (5) mental capacity to provide informed consent.&#xD;
&#xD;
        Exclusion Criteria:&#xD;
&#xD;
          -  (1) TMD pain related to rheumatoid/inflammatory arthritis;&#xD;
&#xD;
          -  (2) any physical or mental condition that could potentially influence the study;&#xD;
&#xD;
          -  (3) they commence another treatment for their TMD (pharmacology, oral appliance,&#xD;
             others) throughout the duration of the study.&#xD;
      </textblock>
    </criteria>
    <gender>All</gender>
    <minimum_age>18 Years</minimum_age>
    <maximum_age>N/A</maximum_age>
    <healthy_volunteers>No</healthy_volunteers>
  </eligibility>
  <overall_official>
    <last_name>Giacomo Asquini</last_name>
    <role>Principal Investigator</role>
    <affiliation>Istituto Stomatologico Italiano</affiliation>
  </overall_official>
  <overall_contact>
    <last_name>Giacomo Asquini</last_name>
    <phone>+393483224183</phone>
    <email>info@giacomoasquini.it</email>
  </overall_contact>
  <location>
    <facility>
      <name>Istituto Stomatologico Italiano</name>
      <address>
        <city>Miano</city>
        <state>Milano</state>
        <zip>20122</zip>
        <country>Italy</country>
      </address>
    </facility>
    <status>Recruiting</status>
    <contact>
      <last_name>Giacomo Asquini</last_name>
      <email>info@giacomoasquini.it</email>
    </contact>
  </location>
  <location_countries>
    <country>Italy</country>
  </location_countries>
  <verification_date>July 2020</verification_date>
  <study_first_submitted>June 17, 2019</study_first_submitted>
  <study_first_submitted_qc>June 18, 2019</study_first_submitted_qc>
  <study_first_posted type="Actual">June 19, 2019</study_first_posted>
  <last_update_submitted>July 24, 2020</last_update_submitted>
  <last_update_submitted_qc>July 24, 2020</last_update_submitted_qc>
  <last_update_posted type="Actual">July 28, 2020</last_update_posted>
  <responsible_party>
    <responsible_party_type>Principal Investigator</responsible_party_type>
    <investigator_affiliation>Istituto Stomatologico Italiano</investigator_affiliation>
    <investigator_full_name>Giacomo Asquini</investigator_full_name>
    <investigator_title>Physiotherapist at the Italian Stomatologic Institute - Craniomandibular Physiotherapy Service</investigator_title>
  </responsible_party>
  <keyword>Temporomandibular Joint Dysfunction Syndrome</keyword>
  <keyword>Manual Therapy</keyword>
  <keyword>Prediction</keyword>
  <keyword>Pain</keyword>
  <condition_browse>
    <!-- CAUTION:  The following MeSH terms are assigned with an imperfect algorithm            -->
    <mesh_term>Temporomandibular Joint Disorders</mesh_term>
    <mesh_term>Temporomandibular Joint Dysfunction Syndrome</mesh_term>
  </condition_browse>
  <patient_data>
    <sharing_ipd>No</sharing_ipd>
  </patient_data>
  <!-- Results have not yet been posted for this study                                          -->
</clinical_study>

