<?xml version="1.0" encoding="UTF-8"?>
<clinical_study rank="4193">
  <!-- This xml conforms to an XML Schema at:
    https://clinicaltrials.gov/ct2/html/images/info/public.xsd -->
  <required_header>
    <download_date>ClinicalTrials.gov processed this data on February 08, 2021</download_date>
    <link_text>Link to the current ClinicalTrials.gov record.</link_text>
    <url>https://clinicaltrials.gov/show/NCT04261426</url>
  </required_header>
  <id_info>
    <org_study_id>IVIG-001</org_study_id>
    <nct_id>NCT04261426</nct_id>
  </id_info>
  <brief_title>The Efficacy of Intravenous Immunoglobulin Therapy for Severe 2019-nCoV Infected Pneumonia</brief_title>
  <official_title>A Randomized, Open-label, Controlled, Single-center Study to Evaluate the Efficacy of Intravenous Immunoglobulin Therapy in Patients With Severe 2019- nCoV Pneumonia</official_title>
  <sponsors>
    <lead_sponsor>
      <agency>Peking Union Medical College Hospital</agency>
      <agency_class>Other</agency_class>
    </lead_sponsor>
    <collaborator>
      <agency>Tongji Hospital of Tongji Medical College, Huazhong University of Science and Technology</agency>
      <agency_class>Other</agency_class>
    </collaborator>
  </sponsors>
  <source>Peking Union Medical College Hospital</source>
  <oversight_info>
    <is_fda_regulated_drug>No</is_fda_regulated_drug>
    <is_fda_regulated_device>No</is_fda_regulated_device>
  </oversight_info>
  <brief_summary>
    <textblock>
      In this single-center, randomized, open-label, controlled study, the investigators will&#xD;
      evaluate the efficacy and safety of Intravenous Immunoglobulin (IVIG) in combination with&#xD;
      standard care for severe 2019 novel coronavirus (2019-nCoV) pneumonia.&#xD;
    </textblock>
  </brief_summary>
  <detailed_description>
    <textblock>
      In December 2019, viral pneumonia caused by a novel beta-coronavirus (2019-nCoV) outbroke in&#xD;
      Wuhan, China. Part of patients rapidly progress severe acute respiratory failure with&#xD;
      substantial mortality, making it imperative to develop an efficient treatment for severe&#xD;
      2019-nCoV pneumonia besides the supportive care.&#xD;
&#xD;
      Intravenous immunoglobulin (IVIG) has been shown to improve the treatment effect and&#xD;
      prognosis of severe infection over the past decades with its capacity of proving passive&#xD;
      immunity and anti-inflammatory, immunomodulatory effect. We hypothesized that IVIG therapy&#xD;
      would improve the prognosis of severe and critically ill patients with 2019-nCoV.&#xD;
&#xD;
      This single-center, randomized, open-label, controlled trial will evaluate the efficacy and&#xD;
      safety of IVIG therapy in patients with severe or critically ill 2019-nCoV respiratory&#xD;
      disease.&#xD;
    </textblock>
  </detailed_description>
  <overall_status>Not yet recruiting</overall_status>
  <start_date type="Anticipated">February 10, 2020</start_date>
  <completion_date type="Anticipated">June 30, 2020</completion_date>
  <primary_completion_date type="Anticipated">April 30, 2020</primary_completion_date>
  <phase>Phase 2/Phase 3</phase>
  <study_type>Interventional</study_type>
  <has_expanded_access>No</has_expanded_access>
  <study_design_info>
    <allocation>Randomized</allocation>
    <intervention_model>Parallel Assignment</intervention_model>
    <primary_purpose>Treatment</primary_purpose>
    <masking>None (Open Label)</masking>
  </study_design_info>
  <primary_outcome>
    <measure>Clinical improvement based on the 7-point scale</measure>
    <time_frame>28 days after randomization</time_frame>
    <description>A decline of 2 points on the 7-point scale from admission means better outcome. The 7-category ordinal scale that ranges from 1 (discharged with normal activity) to 7 (death).</description>
  </primary_outcome>
  <primary_outcome>
    <measure>Lower Murray lung injury score</measure>
    <time_frame>7 days after randomization</time_frame>
    <description>Murray lung injury score decrease more than one point means better outcome. The Murray scoring system range from 0 to 4 according to the severity of the condition.</description>
  </primary_outcome>
  <primary_outcome>
    <measure>Lower Murray lung injury score</measure>
    <time_frame>14 days after randomization</time_frame>
    <description>Murray lung injury score decrease more than one point means better outcome. The Murray scoring system range from 0 to 4 according to the severity of the condition.</description>
  </primary_outcome>
  <secondary_outcome>
    <measure>28-day mortality</measure>
    <time_frame>Measured from Day 0 through Day 28</time_frame>
    <description>Number of deaths during study follow-up</description>
  </secondary_outcome>
  <secondary_outcome>
    <measure>Duration of mechanical ventilation</measure>
    <time_frame>Measured from Day 0 through Day 28</time_frame>
    <description>Duration of mechanical ventilation use in days. Multiple mechanical ventilation durations are summed up.</description>
  </secondary_outcome>
  <secondary_outcome>
    <measure>Duration of hospitalization</measure>
    <time_frame>Measured from Day 0 through Day 28</time_frame>
    <description>Days that a participant spent at the hospital. Multiple hospitalizations are summed up.</description>
  </secondary_outcome>
  <secondary_outcome>
    <measure>Proportion of patients with negative RT-PCR results</measure>
    <time_frame>7 and 14 days after randomization</time_frame>
    <description>Proportion of patients with negative RT-PCR results of virus in upper and/or lower respiratory tract samples.</description>
  </secondary_outcome>
  <secondary_outcome>
    <measure>Proportion of patients in each category of the 7-point scale</measure>
    <time_frame>7,14 and 28 days after randomization</time_frame>
    <description>Proportion of patients in each category of the 7-point scale, the 7-category ordinal scale that ranges from 1 (discharged with normal activity) to 7 (death).</description>
  </secondary_outcome>
  <secondary_outcome>
    <measure>Proportion of patients with normalized inflammation factors</measure>
    <time_frame>7 and 14 days after randomization</time_frame>
    <description>Proportion of patients with different inflammation factors in normalization range.</description>
  </secondary_outcome>
  <secondary_outcome>
    <measure>Frequency of Adverse Drug Events</measure>
    <time_frame>Measured from Day 0 through Day 28</time_frame>
    <description>Frequency of Adverse Drug Events</description>
  </secondary_outcome>
  <secondary_outcome>
    <measure>Frequency of Serious Adverse Drug Events</measure>
    <time_frame>Measured from Day 0 through Day 28</time_frame>
    <description>Frequency of Serious Adverse Drug Events</description>
  </secondary_outcome>
  <number_of_arms>2</number_of_arms>
  <enrollment type="Anticipated">80</enrollment>
  <condition>2019-nCoV</condition>
  <arm_group>
    <arm_group_label>IVIG therapy+ standard care</arm_group_label>
    <arm_group_type>Experimental</arm_group_type>
  </arm_group>
  <arm_group>
    <arm_group_label>Standard care</arm_group_label>
    <arm_group_type>Placebo Comparator</arm_group_type>
  </arm_group>
  <intervention>
    <intervention_type>Drug</intervention_type>
    <intervention_name>Intravenous Immunoglobulin</intervention_name>
    <description>IVIG 0.5g/kg/d for 5 days</description>
    <arm_group_label>IVIG therapy+ standard care</arm_group_label>
    <other_name>Human Immunoglobulin (pH4) for Intravenous Injection</other_name>
  </intervention>
  <intervention>
    <intervention_type>Other</intervention_type>
    <intervention_name>Standard care</intervention_name>
    <description>Standard care</description>
    <arm_group_label>IVIG therapy+ standard care</arm_group_label>
    <arm_group_label>Standard care</arm_group_label>
  </intervention>
  <eligibility>
    <criteria>
      <textblock>
        Inclusion Criteria:&#xD;
&#xD;
          -  Adult aged &gt;=18years old;&#xD;
&#xD;
          -  Laboratory (RT-PCR) confirmed 2019-nCoV infection in throat swab and/or sputum and/or&#xD;
             lower respiratory tract samples;&#xD;
&#xD;
          -  The interval between the onset of symptoms and randomized is within 7 days. The onset&#xD;
             of symptoms is mainly based on fever. If there is no fever, cough or other related&#xD;
             symptoms can be used;&#xD;
&#xD;
          -  Meet any of the following criteria for severe or critical ill conditions:&#xD;
&#xD;
               1. Respiratory rate &gt;=30/min; or&#xD;
&#xD;
               2. Rest SPO2&lt;=90%; or&#xD;
&#xD;
               3. PaO2/FiO2&lt;=300mmHg; or&#xD;
&#xD;
               4. Respiratory failure and needs mechanical ventilation; or&#xD;
&#xD;
               5. Shock occurs; or&#xD;
&#xD;
               6. Multiple organ failure and needs ICU monitoring;&#xD;
&#xD;
          -  Sign the Informed Consent Form on a voluntary basis.&#xD;
&#xD;
        Exclusion Criteria:&#xD;
&#xD;
          -  Exist of other evidences that can explain pneumonia including but not limited to:&#xD;
&#xD;
        influenza A virus, influenza B virus, bacterial pneumonia, fungal pneumonia, noninfectious&#xD;
        causes, etc.;&#xD;
&#xD;
          -  Allergy to Intravenous Immunoglobulin or its preparation components;&#xD;
&#xD;
          -  Patients with selective IgA deficiency&#xD;
&#xD;
          -  Women who are pregnant or breast-feeding;&#xD;
&#xD;
          -  Researchers consider unsuitable.&#xD;
      </textblock>
    </criteria>
    <gender>All</gender>
    <minimum_age>18 Years</minimum_age>
    <maximum_age>N/A</maximum_age>
    <healthy_volunteers>No</healthy_volunteers>
  </eligibility>
  <overall_contact>
    <last_name>Taisheng Li</last_name>
    <phone>010-69155086</phone>
    <email>litsh@263.net</email>
  </overall_contact>
  <overall_contact_backup>
    <last_name>Wei Cao</last_name>
    <email>wcao_pumch@163.com</email>
  </overall_contact_backup>
  <verification_date>February 2020</verification_date>
  <study_first_submitted>February 6, 2020</study_first_submitted>
  <study_first_submitted_qc>February 6, 2020</study_first_submitted_qc>
  <study_first_posted type="Actual">February 7, 2020</study_first_posted>
  <last_update_submitted>February 6, 2020</last_update_submitted>
  <last_update_submitted_qc>February 6, 2020</last_update_submitted_qc>
  <last_update_posted type="Actual">February 7, 2020</last_update_posted>
  <responsible_party>
    <responsible_party_type>Principal Investigator</responsible_party_type>
    <investigator_affiliation>Peking Union Medical College Hospital</investigator_affiliation>
    <investigator_full_name>LI Taisheng</investigator_full_name>
    <investigator_title>Director of Infectious Disease, Principal Investigator</investigator_title>
  </responsible_party>
  <condition_browse>
    <!-- CAUTION:  The following MeSH terms are assigned with an imperfect algorithm            -->
    <mesh_term>Pneumonia</mesh_term>
  </condition_browse>
  <intervention_browse>
    <!-- CAUTION:  The following MeSH terms are assigned with an imperfect algorithm            -->
    <mesh_term>Immunoglobulins</mesh_term>
    <mesh_term>Immunoglobulins, Intravenous</mesh_term>
    <mesh_term>Antibodies</mesh_term>
    <mesh_term>gamma-Globulins</mesh_term>
    <mesh_term>Rho(D) Immune Globulin</mesh_term>
  </intervention_browse>
  <patient_data>
    <sharing_ipd>Undecided</sharing_ipd>
  </patient_data>
  <!-- Results have not yet been posted for this study                                          -->
</clinical_study>

