<?xml version="1.0" encoding="UTF-8"?>
<clinical_study rank="3559">
  <!-- This xml conforms to an XML Schema at:
    https://clinicaltrials.gov/ct2/html/images/info/public.xsd -->
  <required_header>
    <download_date>ClinicalTrials.gov processed this data on February 08, 2021</download_date>
    <link_text>Link to the current ClinicalTrials.gov record.</link_text>
    <url>https://clinicaltrials.gov/show/NCT04324047</url>
  </required_header>
  <id_info>
    <org_study_id>APHP200375</org_study_id>
    <secondary_id>2020-001246-18</secondary_id>
    <nct_id>NCT04324047</nct_id>
  </id_info>
  <brief_title>Cohort Multiple Randomized Controlled Trials Open-label of Immune Modulatory Drugs and Other Treatments in COVID-19 Patients</brief_title>
  <acronym>CORIMUNO-19</acronym>
  <official_title>Cohort Multiple Randomized Controlled Trials Open-label of Immune Modulatory Drugs and Other Treatments in COVID-19 Patients</official_title>
  <sponsors>
    <lead_sponsor>
      <agency>Assistance Publique - Hôpitaux de Paris</agency>
      <agency_class>Other</agency_class>
    </lead_sponsor>
  </sponsors>
  <source>Assistance Publique - Hôpitaux de Paris</source>
  <oversight_info>
    <is_fda_regulated_drug>No</is_fda_regulated_drug>
    <is_fda_regulated_device>No</is_fda_regulated_device>
  </oversight_info>
  <brief_summary>
    <textblock>
      The overall objective of the study is to determine which treatments (e.g. immune modulator&#xD;
      drugs) have the most favorable benefit-risk in adult patients hospitalized with COVID-19&#xD;
      either diagnosed with moderate or severe pneumonia requiring no mechanical ventilation or&#xD;
      critical pneumonia requiring mechanical ventilation.&#xD;
&#xD;
      The specific aims of this Covid19 cohort are to collect observational data at regular&#xD;
      intervals on an ongoing basis in order to embed a series of randomized controlled trials&#xD;
      evaluating a various set of interventions for patients with COVID-19 pneumonia. The study has&#xD;
      a cohort multiple Randomized Controlled Trials (cmRCT) design.&#xD;
    </textblock>
  </brief_summary>
  <overall_status>Recruiting</overall_status>
  <start_date type="Actual">March 27, 2020</start_date>
  <completion_date type="Anticipated">December 31, 2021</completion_date>
  <primary_completion_date type="Anticipated">March 27, 2021</primary_completion_date>
  <study_type>Observational</study_type>
  <has_expanded_access>No</has_expanded_access>
  <study_design_info>
    <observational_model>Cohort</observational_model>
    <time_perspective>Prospective</time_perspective>
  </study_design_info>
  <primary_outcome>
    <measure>Survival</measure>
    <time_frame>14 days</time_frame>
    <description>Overall Survival</description>
  </primary_outcome>
  <primary_outcome>
    <measure>WHO progression scale COVID 19</measure>
    <time_frame>14 days</time_frame>
    <description>Uninfected; non viral RNA detected: 0 Asymptomatic; viral RNA detected: 1 Symptomatic; Independent: 2 Symptomatic; Assistance needed: 3 Hospitalized; No oxygen therapy: 4 Hospitalized; oxygen by mask or nasal prongs: 5 Hospitalized; oxygen by NIV or High flow: 6 Intubation and Mechanical ventilation, pO2/FIO2&gt;=150 OR SpO2/FIO2&gt;=200: 7 Mechanical ventilation, (pO2/FIO2&lt;150 OR SpO2/FIO2&lt;200) OR vasopressors (norepinephrine &gt;0.3 microg/kg/min): 8 Mechanical ventilation, pO2/FIO2&lt;150 AND vasopressors (norepinephrine &gt;0.3 microg/kg/min), OR Dialysis OR ECMO: 9 Dead: 10</description>
  </primary_outcome>
  <enrollment type="Anticipated">1000</enrollment>
  <condition>Corona Virus Infection</condition>
  <eligibility>
    <study_pop>
      <textblock>
        All adult patients with laboratory-confirmed SARS-CoV-2 infection&#xD;
      </textblock>
    </study_pop>
    <sampling_method>Probability Sample</sampling_method>
    <criteria>
      <textblock>
        Inclusion Criteria:&#xD;
&#xD;
          -  Laboratory-confirmed SARS-CoV-2 infection as determined by PCR, or other commercial or&#xD;
             public health assay in any specimen &lt; 72 hours and/or CT Scan prior to randomization&#xD;
             (Following typical radiological findings (ground glass abnormalities, and absence of&#xD;
             lymphadenopathy, pleural effusion, pulmonary nodules, lung cavitation)&#xD;
&#xD;
          -  Hospitalized patients&#xD;
&#xD;
          -  Illness of any duration and severity (mild, moderate, severe, critical, see annexe 1),&#xD;
             with symptoms (fever, cough, respiratory difficulties, shortness of breath), and at&#xD;
             least one of the following:&#xD;
&#xD;
          -  Radiographic infiltrates by imaging (CT scan)&#xD;
&#xD;
          -  Clinical assessment (evidence of rales/crackles on exam or respiratory rate &gt;25/min)&#xD;
             AND SpO2≤94% on room air&#xD;
&#xD;
          -  SpO2≤97 % with O2 &gt; 5L/min or Respiratory rate&gt;=30/min&#xD;
&#xD;
          -  Requiring mechanical ventilation&#xD;
&#xD;
          -  With any comorbidities (TBD such as acute kidney injury, cardiovascular condition,&#xD;
             pulmonary disease, obesity, high blood pressure, diabetes, chronic kidney diseases,&#xD;
             haematological diseases, sickle cell diseases, autoimmune and auto-inflammatory,&#xD;
             pregnant women, HIV infected, etc)&#xD;
&#xD;
          -  Male or female adult ≥ 18 years of age at time of enrolment&#xD;
&#xD;
          -  Patients must be able and willing to comply with study visits and procedures.&#xD;
&#xD;
          -  Patient agrees to the collection of oropharyngeal and nasal swabs and venous blood per&#xD;
             protocol Written informed consent provided by the patient or alternatively by&#xD;
             next-of-kin prior to any protocol-specific procedures.&#xD;
&#xD;
        Exclusion Criteria:&#xD;
&#xD;
          -  Patients with any condition that the physician judges could be detrimental to the&#xD;
             patient participating in this study; including any clinically important deviations&#xD;
             from normal clinical laboratory values or concurrent medical conditions (active&#xD;
             infection diseases such as severe bacterial infections, aspergillosis, tuberculosis,&#xD;
             depending on the tested medication).&#xD;
&#xD;
          -  Absence of Health Insurance&#xD;
&#xD;
          -  Subject protected by law under guardianship or curatorship&#xD;
      </textblock>
    </criteria>
    <gender>All</gender>
    <minimum_age>18 Years</minimum_age>
    <maximum_age>N/A</maximum_age>
  </eligibility>
  <overall_contact>
    <last_name>Olivier HERMINE, MD-PhD</last_name>
    <phone>603707920</phone>
    <phone_ext>+33</phone_ext>
    <email>ohermine@gmail.com</email>
  </overall_contact>
  <overall_contact_backup>
    <last_name>Matthieu RESCHE-RIGON, MD PhD</last_name>
    <phone>685740240</phone>
    <phone_ext>+33</phone_ext>
    <email>matthieu.resche-rigon@u-paris.fr</email>
  </overall_contact_backup>
  <location>
    <facility>
      <name>Kremlin Bictre APHP</name>
      <address>
        <city>Le Kremlin-Bicêtre</city>
        <state>Ile De France</state>
        <country>France</country>
      </address>
    </facility>
    <status>Recruiting</status>
  </location>
  <location>
    <facility>
      <name>Cochin Aphp</name>
      <address>
        <city>Paris</city>
        <state>Ile De France</state>
        <country>France</country>
      </address>
    </facility>
    <status>Recruiting</status>
  </location>
  <location>
    <facility>
      <name>Hegp Aphp</name>
      <address>
        <city>Paris</city>
        <state>Ile De France</state>
        <country>France</country>
      </address>
    </facility>
    <status>Recruiting</status>
  </location>
  <location_countries>
    <country>France</country>
  </location_countries>
  <verification_date>March 2020</verification_date>
  <study_first_submitted>March 25, 2020</study_first_submitted>
  <study_first_submitted_qc>March 25, 2020</study_first_submitted_qc>
  <study_first_posted type="Actual">March 27, 2020</study_first_posted>
  <last_update_submitted>March 31, 2020</last_update_submitted>
  <last_update_submitted_qc>March 31, 2020</last_update_submitted_qc>
  <last_update_posted type="Actual">April 1, 2020</last_update_posted>
  <responsible_party>
    <responsible_party_type>Sponsor</responsible_party_type>
  </responsible_party>
  <condition_browse>
    <!-- CAUTION:  The following MeSH terms are assigned with an imperfect algorithm            -->
    <mesh_term>Coronavirus Infections</mesh_term>
    <mesh_term>Severe Acute Respiratory Syndrome</mesh_term>
  </condition_browse>
  <patient_data>
    <sharing_ipd>Yes</sharing_ipd>
  </patient_data>
  <!-- Results have not yet been posted for this study                                          -->
</clinical_study>

