<?xml version="1.0" encoding="UTF-8"?>
<clinical_study rank="769">
  <!-- This xml conforms to an XML Schema at:
    https://clinicaltrials.gov/ct2/html/images/info/public.xsd -->
  <required_header>
    <download_date>ClinicalTrials.gov processed this data on February 08, 2021</download_date>
    <link_text>Link to the current ClinicalTrials.gov record.</link_text>
    <url>https://clinicaltrials.gov/show/NCT04312464</url>
  </required_header>
  <id_info>
    <org_study_id>MD-COVID-19</org_study_id>
    <nct_id>NCT04312464</nct_id>
  </id_info>
  <brief_title>Myocardial Damage in COVID-19</brief_title>
  <official_title>Retrospective Study of Myocardial Damage in COVID-19</official_title>
  <sponsors>
    <lead_sponsor>
      <agency>Wuhan Union Hospital, China</agency>
      <agency_class>Other</agency_class>
    </lead_sponsor>
  </sponsors>
  <source>Wuhan Union Hospital, China</source>
  <oversight_info>
    <is_fda_regulated_drug>No</is_fda_regulated_drug>
    <is_fda_regulated_device>No</is_fda_regulated_device>
  </oversight_info>
  <brief_summary>
    <textblock>
      This study aims to investigate the clinical characteristics, the incidence of myocardial&#xD;
      injury, and the influence of myocardial injury on the prognosis in COVID-19 patients. There&#xD;
      is no additional examination and treatment for this project.&#xD;
    </textblock>
  </brief_summary>
  <detailed_description>
    <textblock>
      The epidemic of the COVID-19 has expanded from Wuhan through out China, and is being exported&#xD;
      to a growing number of countries. Recently, investigators have revealed that acute myocardial&#xD;
      injury is existed in 7.2% patients with COVID-19, and this proportion in patients admitted to&#xD;
      the ICU (22.2%) is higher than patients not treated in the ICU (2.0%). Thus, cardiac troponin&#xD;
      I (cTNI), the biomarker of cardiac injury, might be a clinical predictor of COVID-19 patient&#xD;
      outcomes. This study aims to investigate the clinical characteristics, the incidence of&#xD;
      myocardial injury, and the influence of myocardial injury on the prognosis in COVID-19&#xD;
      patients.&#xD;
    </textblock>
  </detailed_description>
  <overall_status>Enrolling by invitation</overall_status>
  <start_date type="Actual">January 1, 2020</start_date>
  <completion_date type="Anticipated">March 18, 2020</completion_date>
  <primary_completion_date type="Anticipated">March 15, 2020</primary_completion_date>
  <study_type>Observational</study_type>
  <has_expanded_access>No</has_expanded_access>
  <study_design_info>
    <observational_model>Case-Control</observational_model>
    <time_perspective>Retrospective</time_perspective>
  </study_design_info>
  <primary_outcome>
    <measure>The myocardial injury incidence</measure>
    <time_frame>75 days</time_frame>
    <description>The myocardial injury incidence of COVID-19 patients</description>
  </primary_outcome>
  <primary_outcome>
    <measure>The risk factors analysis for the death</measure>
    <time_frame>75 days</time_frame>
    <description>The risk factors analysis for the death of COVID-19 patients</description>
  </primary_outcome>
  <secondary_outcome>
    <measure>Clinical characteristics</measure>
    <time_frame>75 days</time_frame>
    <description>The clinical characteristics description of COVID-19 patients</description>
  </secondary_outcome>
  <secondary_outcome>
    <measure>Clinical course</measure>
    <time_frame>75 days</time_frame>
    <description>The clinical course description of COVID-19 patients</description>
  </secondary_outcome>
  <secondary_outcome>
    <measure>Cardiovascular comorbidity</measure>
    <time_frame>75 days</time_frame>
    <description>The clinical characteristics and prognosis analysis in different cardiovascular comorbidity of COVID-19 patients</description>
  </secondary_outcome>
  <secondary_outcome>
    <measure>Analysis of causes of death</measure>
    <time_frame>75 days</time_frame>
    <description>Analysis of causes of death in COVID-19 patients</description>
  </secondary_outcome>
  <number_of_groups>2</number_of_groups>
  <enrollment type="Anticipated">500</enrollment>
  <condition>COVID-19</condition>
  <condition>Cardiovascular Diseases</condition>
  <arm_group>
    <arm_group_label>Discharged group</arm_group_label>
    <description>The individual which is defined as patient discharged from hospital</description>
  </arm_group>
  <arm_group>
    <arm_group_label>Dead group</arm_group_label>
    <description>The individual which is defined as patient with all-cause death</description>
  </arm_group>
  <intervention>
    <intervention_type>Other</intervention_type>
    <intervention_name>non</intervention_name>
    <description>no intervention</description>
    <arm_group_label>Dead group</arm_group_label>
    <arm_group_label>Discharged group</arm_group_label>
  </intervention>
  <eligibility>
    <study_pop>
      <textblock>
        The laboratory-confirmed patients with confirmed COVID-19 admitted to headquarters, west&#xD;
        campus and cancer center of Union Hospital, Tongji Medical College, Huazhong University of&#xD;
        science and technology, from January 1st to March 15th, 2020&#xD;
      </textblock>
    </study_pop>
    <sampling_method>Probability Sample</sampling_method>
    <criteria>
      <textblock>
        Inclusion Criteria:&#xD;
&#xD;
          -  (1) Age ≥18 years. (2) Laboratory (RT-PCR) confirmed infection with SARS-CoV-2. (3)&#xD;
             Lung involvement confirmed with chest imaging.&#xD;
&#xD;
        Exclusion Criteria:&#xD;
&#xD;
          -  No cTnI test on admission&#xD;
      </textblock>
    </criteria>
    <gender>All</gender>
    <minimum_age>18 Years</minimum_age>
    <maximum_age>N/A</maximum_age>
    <healthy_volunteers>No</healthy_volunteers>
  </eligibility>
  <location>
    <facility>
      <name>Department of Cardiology, Union Hospital, Tongji Medical College, Huazhong University of Science and Technology</name>
      <address>
        <city>Wuhan</city>
        <state>Hubei</state>
        <zip>430022</zip>
        <country>China</country>
      </address>
    </facility>
  </location>
  <location_countries>
    <country>China</country>
  </location_countries>
  <verification_date>March 2020</verification_date>
  <study_first_submitted>March 4, 2020</study_first_submitted>
  <study_first_submitted_qc>March 13, 2020</study_first_submitted_qc>
  <study_first_posted type="Actual">March 18, 2020</study_first_posted>
  <last_update_submitted>March 13, 2020</last_update_submitted>
  <last_update_submitted_qc>March 13, 2020</last_update_submitted_qc>
  <last_update_posted type="Actual">March 18, 2020</last_update_posted>
  <responsible_party>
    <responsible_party_type>Principal Investigator</responsible_party_type>
    <investigator_affiliation>Wuhan Union Hospital, China</investigator_affiliation>
    <investigator_full_name>Xiang Cheng</investigator_full_name>
    <investigator_title>Professor</investigator_title>
  </responsible_party>
  <keyword>COVID-19</keyword>
  <keyword>myocardial injury</keyword>
  <condition_browse>
    <!-- CAUTION:  The following MeSH terms are assigned with an imperfect algorithm            -->
    <mesh_term>Cardiovascular Diseases</mesh_term>
  </condition_browse>
  <!-- Results have not yet been posted for this study                                          -->
</clinical_study>

