<?xml version="1.0" encoding="UTF-8"?>
<clinical_study rank="4415">
  <!-- This xml conforms to an XML Schema at:
    https://clinicaltrials.gov/ct2/html/images/info/public.xsd -->
  <required_header>
    <download_date>ClinicalTrials.gov processed this data on February 08, 2021</download_date>
    <link_text>Link to the current ClinicalTrials.gov record.</link_text>
    <url>https://clinicaltrials.gov/show/NCT04308187</url>
  </required_header>
  <id_info>
    <org_study_id>2020 COVISTRESS</org_study_id>
    <nct_id>NCT04308187</nct_id>
  </id_info>
  <brief_title>Influence of the COvid-19 Epidemic on STRESS</brief_title>
  <acronym>COVISTRESS</acronym>
  <official_title>The COVISTRESS Study: Influence of the COvid-19 Epidemic on STRESS</official_title>
  <sponsors>
    <lead_sponsor>
      <agency>University Hospital, Clermont-Ferrand</agency>
      <agency_class>Other</agency_class>
    </lead_sponsor>
    <collaborator>
      <agency>Faculty of Medicine, Clermont-Ferrand, France</agency>
      <agency_class>Other</agency_class>
    </collaborator>
    <collaborator>
      <agency>UMR CNRS 6024 LaPSCo, Clermont-Ferrand, France</agency>
      <agency_class>Other</agency_class>
    </collaborator>
    <collaborator>
      <agency>Wittyfit, Paris, France</agency>
      <agency_class>Other</agency_class>
    </collaborator>
  </sponsors>
  <source>University Hospital, Clermont-Ferrand</source>
  <oversight_info>
    <has_dmc>No</has_dmc>
    <is_fda_regulated_drug>No</is_fda_regulated_drug>
    <is_fda_regulated_device>No</is_fda_regulated_device>
  </oversight_info>
  <brief_summary>
    <textblock>
      The Coronavirus has a major influence on stress for the general population. However, data are&#xD;
      currently non-existent concerning the perception and knowledge of the epidemic, the feeling&#xD;
      of information from companies / establishments / governments, the means of protection used,&#xD;
      the feelings of fear generated and their impact on feelings of stigmatization towards certain&#xD;
      ethnic groups or categories of patients (those who cough ...), or relationships with&#xD;
      socio-demographic factors or lifestyle.&#xD;
    </textblock>
  </brief_summary>
  <detailed_description>
    <textblock>
      This is an observational study using a REDCap® questionnaire via an internet link, which will&#xD;
      be distributed by any means (Facebook, Twitter, institution mailing lists via a referent,&#xD;
      flash codes distributed to patients and the public, etc.).&#xD;
&#xD;
      The self-questionnaire will assess stress, perception and knowledge of the epidemic, the&#xD;
      feeling of information on the part of businesses / establishments / governments, the means of&#xD;
      protection used the feelings of fear generated and their impact on feelings of stigmatization&#xD;
      towards certain ethnic groups or categories of patients (those who cough ...), or&#xD;
      relationships with socio-demographic factors or lifestyle.&#xD;
    </textblock>
  </detailed_description>
  <overall_status>Not yet recruiting</overall_status>
  <start_date type="Anticipated">March 11, 2020</start_date>
  <completion_date type="Anticipated">March 2022</completion_date>
  <primary_completion_date type="Anticipated">March 2022</primary_completion_date>
  <study_type>Observational [Patient Registry]</study_type>
  <has_expanded_access>No</has_expanded_access>
  <study_design_info>
    <observational_model>Cohort</observational_model>
    <time_perspective>Cross-Sectional</time_perspective>
  </study_design_info>
  <target_duration>1 Day</target_duration>
  <primary_outcome>
    <measure>Stress</measure>
    <time_frame>Day 1</time_frame>
    <description>Stress level will be assessed by questionnaire</description>
  </primary_outcome>
  <secondary_outcome>
    <measure>Perception and knowledge of the epidemic</measure>
    <time_frame>Day 1</time_frame>
    <description>Perception and knowledge of the epidemic will be assessed by questionnaire</description>
  </secondary_outcome>
  <secondary_outcome>
    <measure>Feeling of information on the part of companies / establishments / governments</measure>
    <time_frame>Day 1</time_frame>
    <description>The feeling of information will be assessed by questionnaire</description>
  </secondary_outcome>
  <secondary_outcome>
    <measure>Means of protection</measure>
    <time_frame>Day 1</time_frame>
    <description>the means of protection used will be assessed by questionnaire</description>
  </secondary_outcome>
  <secondary_outcome>
    <measure>Feelings of fear generated and its impact on feelings of stigmatization towards ethnic groups or categories of patients</measure>
    <time_frame>Day 1</time_frame>
    <description>The feeling of fear and the impact on stigmatization will be assessed by questionnaire</description>
  </secondary_outcome>
  <secondary_outcome>
    <measure>Sociodemographic factors and lifestyle habits</measure>
    <time_frame>Day 1</time_frame>
    <description>Sociodemographic factors and lifestyle habits will be assessed by questionnaire</description>
  </secondary_outcome>
  <enrollment type="Anticipated">50000</enrollment>
  <condition>Stress, Psychological</condition>
  <eligibility>
    <study_pop>
      <textblock>
        General population&#xD;
      </textblock>
    </study_pop>
    <sampling_method>Non-Probability Sample</sampling_method>
    <criteria>
      <textblock>
        Inclusion Criteria:&#xD;
&#xD;
          -  Anyone volunteer to participate&#xD;
&#xD;
        Exclusion Criteria:&#xD;
&#xD;
          -  Anyone non-voluntary to participate&#xD;
      </textblock>
    </criteria>
    <gender>All</gender>
    <minimum_age>N/A</minimum_age>
    <maximum_age>N/A</maximum_age>
    <healthy_volunteers>Accepts Healthy Volunteers</healthy_volunteers>
  </eligibility>
  <overall_official>
    <last_name>Fréderic DUTHEIL</last_name>
    <role>Principal Investigator</role>
    <affiliation>University Hospital, Clermont-Ferrand</affiliation>
  </overall_official>
  <overall_contact>
    <last_name>Lise Laclautre</last_name>
    <phone>0473754963</phone>
    <email>promo_interne_drci@chu-clermontferrand.fr</email>
  </overall_contact>
  <location>
    <facility>
      <name>University Hospital, Clermont-Ferrand</name>
      <address>
        <city>Clermont-Ferrand</city>
        <zip>63000</zip>
        <country>France</country>
      </address>
    </facility>
    <contact>
      <last_name>Lise Laclautre</last_name>
      <phone>0473754963</phone>
    </contact>
    <investigator>
      <last_name>Frederic DUTHEIL</last_name>
      <role>Principal Investigator</role>
    </investigator>
  </location>
  <location_countries>
    <country>France</country>
  </location_countries>
  <verification_date>March 2020</verification_date>
  <study_first_submitted>March 12, 2020</study_first_submitted>
  <study_first_submitted_qc>March 12, 2020</study_first_submitted_qc>
  <study_first_posted type="Actual">March 13, 2020</study_first_posted>
  <last_update_submitted>March 12, 2020</last_update_submitted>
  <last_update_submitted_qc>March 12, 2020</last_update_submitted_qc>
  <last_update_posted type="Actual">March 13, 2020</last_update_posted>
  <responsible_party>
    <responsible_party_type>Sponsor</responsible_party_type>
  </responsible_party>
  <keyword>Stress, Psychological</keyword>
  <keyword>Coronavirus</keyword>
  <keyword>Epidemics</keyword>
  <condition_browse>
    <!-- CAUTION:  The following MeSH terms are assigned with an imperfect algorithm            -->
    <mesh_term>Stress, Psychological</mesh_term>
  </condition_browse>
  <!-- Results have not yet been posted for this study                                          -->
</clinical_study>

