<?xml version="1.0" encoding="UTF-8"?>
<clinical_study rank="3284">
  <!-- This xml conforms to an XML Schema at:
    https://clinicaltrials.gov/ct2/html/images/info/public.xsd -->
  <required_header>
    <download_date>ClinicalTrials.gov processed this data on February 08, 2021</download_date>
    <link_text>Link to the current ClinicalTrials.gov record.</link_text>
    <url>https://clinicaltrials.gov/show/NCT04335019</url>
  </required_header>
  <id_info>
    <org_study_id>APHP200390</org_study_id>
    <secondary_id>2020-A00768-31</secondary_id>
    <nct_id>NCT04335019</nct_id>
  </id_info>
  <brief_title>Interest of the Use of Pulmonary Ultrasound in the Referral of Patients With or Suspected COVID-19 +</brief_title>
  <acronym>eChoVid</acronym>
  <official_title>Interest of the Use of Pulmonary Ultrasound in the Referral of Patients With or Suspected COVID-19 +</official_title>
  <sponsors>
    <lead_sponsor>
      <agency>Assistance Publique - Hôpitaux de Paris</agency>
      <agency_class>Other</agency_class>
    </lead_sponsor>
  </sponsors>
  <source>Assistance Publique - Hôpitaux de Paris</source>
  <oversight_info>
    <has_dmc>Yes</has_dmc>
    <is_fda_regulated_drug>No</is_fda_regulated_drug>
    <is_fda_regulated_device>No</is_fda_regulated_device>
  </oversight_info>
  <brief_summary>
    <textblock>
      The recent pandemic due to the SARS-CoV2 results in a pulmonary infection in major&#xD;
      symptomatic patients. Because of the large number of patients and the risk of acute&#xD;
      respiratory distress syndrome (which seems to occur in almost 5% of patients), there is a&#xD;
      real challenge to improve physician ability to screen between patients those who will require&#xD;
      specific surveillance and those who can be sent back home. The recent French official&#xD;
      recommendation of the French radiology society prescribe that chest X-ray do not have any&#xD;
      place in the COVID-19+ management whereas the WHO stipulate that ultrasound machines may be&#xD;
      useful for these patients [1-2]. Moreover, scattered recent publications tend to stress the&#xD;
      interest of quick ultrasound imaging for COVID-19 suspected patients for screening purpose&#xD;
      [2-5].&#xD;
&#xD;
      The aim of this observational historico-prospective study is to assess the risk of severe&#xD;
      clinical outcomes (admission in continuous care unit (USC), invasive respiratory assistance,&#xD;
      death) in patients suspected or diagnosed COVID-19+ as a function of initial pulmonary&#xD;
      ultrasound abnormalities. These clinical outcomes are assessed through phone calls at D5,&#xD;
      D15, M1.&#xD;
&#xD;
      The secondary objectives are:&#xD;
&#xD;
        -  Assessing the concordance between the severity of pulmonary lesions as detected by&#xD;
           pulmonary ultrasound devices and the ones detected by CT-scanner, for patients who will&#xD;
           undergo these two examinations.&#xD;
&#xD;
        -  Assessing the compared performances in detecting ultrasound pulmonary lesions for&#xD;
           patients suspected or diagnosed COVID-19+, between an experimented operator and a newly&#xD;
           trained operator.&#xD;
    </textblock>
  </brief_summary>
  <detailed_description>
    <textblock>
      The practitioners involved at each site are&#xD;
&#xD;
        -  either emergency physicians who are experts in pulmonary ultrasound&#xD;
&#xD;
        -  either newly trained doctors who have received 30 minutes quick training in the&#xD;
           fundamentals of pulmonary ultrasound.&#xD;
&#xD;
      The data collected under this protocol consists in:&#xD;
&#xD;
        -  data from clinical examination: blood pressure, heart rate, respiratory rate,&#xD;
           saturation, signs of confusion, body temperature, calculation of the CRB65 and qSOFA&#xD;
           score, date of onset of symptoms&#xD;
&#xD;
        -  Former patient journey: home, hospital, nursing home, others&#xD;
&#xD;
        -  Medical background&#xD;
&#xD;
        -  Recent use in the context of NSAID symptomatology&#xD;
&#xD;
        -  Long-term use of nonsteroidal anti-inflammatory drugs (NSAIDs) in the context of a known&#xD;
           pathology&#xD;
&#xD;
        -  Results and date of PCR-Covid-19 test&#xD;
&#xD;
        -  Pulmonary ultrasound results: quotation in 8 fields (right antero-superior, left&#xD;
           antero-superior, right antero-inferior, left antero-inferior, right postero-superior,&#xD;
           left postero-superior, right postero-inferior and postero-upper left).&#xD;
&#xD;
        -  The operator's identity and level of expertise will be indicated.&#xD;
&#xD;
      Patients follow-up happens at D5, D15 and D28 through phone call. After verifying their&#xD;
      identity using the initials entered and their date of birth, the patient or the referring&#xD;
      person in the medical file is asked where the patient is currently (home, non ICU department,&#xD;
      ICU department) and whether the patient is in respiratory assistance (invasive or not). In&#xD;
      the event of notification of death, the date of occurrence will be indicated.&#xD;
&#xD;
      Patients are informed orally (in the event of altered state of consciousness, their close&#xD;
      relative present will benefit from this information) that they will be contacted remotely (at&#xD;
      D5, D15 and D28) to inquire about their development.&#xD;
&#xD;
      Patients are also informed:&#xD;
&#xD;
        -  that any new information arising during the participation to the study, which could&#xD;
           possibly modify his non opposition to this very participation, will be given&#xD;
&#xD;
        -  of the right to have communication of information, held by the investigators, concerning&#xD;
           their health, during or at the end of the research.&#xD;
&#xD;
        -  Results of the chest scanner: typical COVID-19 and extent of the damage (minimal,&#xD;
           moderate, severe)&#xD;
&#xD;
        -  Initial patient orientation: return home, simple hospitalization or continuous care unit&#xD;
           (USC), with or without respiratory assistance (and of what type: invasive or&#xD;
           non-invasive), death (date of death)&#xD;
&#xD;
        -  Whether or not to take chloroquine (on D0, D5, D15 or D28)&#xD;
&#xD;
        -  Patient follow-up: same data as during the initial orientation on day 0, day 5, day 15&#xD;
           and D28.&#xD;
    </textblock>
  </detailed_description>
  <overall_status>Not yet recruiting</overall_status>
  <start_date type="Anticipated">April 2020</start_date>
  <completion_date type="Anticipated">May 2020</completion_date>
  <primary_completion_date type="Anticipated">April 2020</primary_completion_date>
  <study_type>Observational</study_type>
  <has_expanded_access>No</has_expanded_access>
  <study_design_info>
    <observational_model>Other</observational_model>
    <time_perspective>Prospective</time_perspective>
  </study_design_info>
  <primary_outcome>
    <measure>Association of pulmonary lesions on ultrasound on D0 classified according to three stages of severity</measure>
    <time_frame>at day0</time_frame>
    <description>Association of pulmonary lesions on ultrasound on D0 classified according to three stages of severity&#xD;
There are few B lines at the lung bases&#xD;
Bi-lateralization of B lines, numerous diffuse and / or curtain sign&#xD;
Presence of signs of pulmonary consolidation, hepatization of the lung and air bronchogram)</description>
  </primary_outcome>
  <secondary_outcome>
    <measure>Assessment of the agreement between a newly trained operator and an experienced operator of classification in one of the three stages of ultrasound gravity, by Cohen's kappa coefficient.</measure>
    <time_frame>at day0</time_frame>
  </secondary_outcome>
  <secondary_outcome>
    <measure>Estimate in patients who had a CT-scan on D0, the agreement in the evaluation of the severity of lung lesions via ultrasound vs. CT-scan, by Cohen's kappa coefficient</measure>
    <time_frame>at day0</time_frame>
  </secondary_outcome>
  <secondary_outcome>
    <measure>Measurement of the cumulative incidence of invasive mechanical ventilation and measurement of survival</measure>
    <time_frame>at day5</time_frame>
  </secondary_outcome>
  <secondary_outcome>
    <measure>Measurement of the cumulative incidence of invasive mechanical ventilation and measurement of survival</measure>
    <time_frame>at day15</time_frame>
  </secondary_outcome>
  <secondary_outcome>
    <measure>Measurement of the cumulative incidence of invasive mechanical ventilation and measurement of survival</measure>
    <time_frame>at day28</time_frame>
  </secondary_outcome>
  <enrollment type="Anticipated">300</enrollment>
  <condition>2019-nCoV (COVID-19)</condition>
  <condition>Interstitial Pneumonia</condition>
  <intervention>
    <intervention_type>Other</intervention_type>
    <intervention_name>Pulmonary ultrasound</intervention_name>
    <description>Pulmonary ultrasound results: quotation in 8 fields (right antero-superior, left antero-superior, right antero-inferior, left antero-inferior, right postero-superior, left postero-superior, right postero-inferior and postero-upper left).</description>
  </intervention>
  <eligibility>
    <study_pop>
      <textblock>
        Suspected of COVID-19 infection or having a systematic COVID-19 screening&#xD;
      </textblock>
    </study_pop>
    <sampling_method>Non-Probability Sample</sampling_method>
    <criteria>
      <textblock>
        Inclusion criteria :&#xD;
&#xD;
          -  &gt; 18 years old&#xD;
&#xD;
          -  Suspected of COVID-19 infection or having a systematic COVID-19 screening&#xD;
&#xD;
        Exclusion criteria :&#xD;
&#xD;
          -  Patients on whom the ultrasonographic examination is not feasible for technical&#xD;
             reasons (morbid obesity, thoracic extensive subcutaneous emphysema, absorbent&#xD;
             subcutaneous infiltrations, ...)&#xD;
&#xD;
          -  Patients with comorbidities justifying priority intensive care, not linked to the&#xD;
             COVID-19 condition&#xD;
      </textblock>
    </criteria>
    <gender>All</gender>
    <minimum_age>18 Years</minimum_age>
    <maximum_age>N/A</maximum_age>
    <healthy_volunteers>No</healthy_volunteers>
  </eligibility>
  <overall_official>
    <last_name>Mehdi BENCHOUFI, MD</last_name>
    <role>Principal Investigator</role>
    <affiliation>Assistance Publique - Hôpitaux de Paris</affiliation>
  </overall_official>
  <overall_contact>
    <last_name>Mehdi BENCHOUFI, MD</last_name>
    <phone>+33(0) 6 30 37 11 00</phone>
    <email>mehdi.benchoufi@aphp.fr</email>
  </overall_contact>
  <reference>
    <citation>The recommendations of the French Radiology Society in the context of COVID-19 [Internet]. [cited 2020 Apr 1]. Available from: http://www.thema-radiologie.fr/actualites/2618/les-recommandations-de-la-societe-francaise-de-radiologie-dans-un-contexte-de-covid-19.html</citation>
  </reference>
  <reference>
    <citation>WHO | Disease Commodity Packages [Internet]. [cited 2020 Apr 1]. Available from: https://www.who.int/emergencies/what-we-do/prevention-readiness/disease-commodity-packages/en/</citation>
  </reference>
  <reference>
    <citation>Peng QY, Wang XT, Zhang LN; Chinese Critical Care Ultrasound Study Group (CCUSG). Findings of lung ultrasonography of novel corona virus pneumonia during the 2019-2020 epidemic. Intensive Care Med. 2020 May;46(5):849-850. doi: 10.1007/s00134-020-05996-6. Epub 2020 Mar 12.</citation>
    <PMID>32166346</PMID>
  </reference>
  <reference>
    <citation>Poggiali E, Dacrema A, Bastoni D, Tinelli V, Demichele E, Mateo Ramos P, Marcianò T, Silva M, Vercelli A, Magnacavallo A. Can Lung US Help Critical Care Clinicians in the Early Diagnosis of Novel Coronavirus (COVID-19) Pneumonia? Radiology. 2020 Jun;295(3):E6. doi: 10.1148/radiol.2020200847. Epub 2020 Mar 13.</citation>
    <PMID>32167853</PMID>
  </reference>
  <reference>
    <citation>Buonsenso D, Pata D, Chiaretti A. COVID-19 outbreak: less stethoscope, more ultrasound. Lancet Respir Med. 2020 May;8(5):e27. doi: 10.1016/S2213-2600(20)30120-X. Epub 2020 Mar 20.</citation>
    <PMID>32203708</PMID>
  </reference>
  <verification_date>April 2020</verification_date>
  <study_first_submitted>April 2, 2020</study_first_submitted>
  <study_first_submitted_qc>April 2, 2020</study_first_submitted_qc>
  <study_first_posted type="Actual">April 6, 2020</study_first_posted>
  <last_update_submitted>April 2, 2020</last_update_submitted>
  <last_update_submitted_qc>April 2, 2020</last_update_submitted_qc>
  <last_update_posted type="Actual">April 6, 2020</last_update_posted>
  <responsible_party>
    <responsible_party_type>Sponsor</responsible_party_type>
  </responsible_party>
  <keyword>Pulmonary ultrasound</keyword>
  <keyword>Diagnosis improvement</keyword>
  <keyword>Screening</keyword>
  <keyword>2019-nCoV (COVID-19)</keyword>
  <keyword>Chest CT</keyword>
  <condition_browse>
    <!-- CAUTION:  The following MeSH terms are assigned with an imperfect algorithm            -->
    <mesh_term>Pneumonia</mesh_term>
    <mesh_term>Lung Diseases, Interstitial</mesh_term>
  </condition_browse>
  <!-- Results have not yet been posted for this study                                          -->
</clinical_study>

