<?xml version="1.0" encoding="UTF-8"?>
<clinical_study rank="160">
  <!-- This xml conforms to an XML Schema at:
    https://clinicaltrials.gov/ct2/html/images/info/public.xsd -->
  <required_header>
    <download_date>ClinicalTrials.gov processed this data on February 08, 2021</download_date>
    <link_text>Link to the current ClinicalTrials.gov record.</link_text>
    <url>https://clinicaltrials.gov/show/NCT04318301</url>
  </required_header>
  <id_info>
    <org_study_id>HT-COVID19</org_study_id>
    <nct_id>NCT04318301</nct_id>
  </id_info>
  <brief_title>Hypertension in Patients Hospitalized With COVID-19</brief_title>
  <acronym>HT-COVID19</acronym>
  <official_title>Hypertension in Patients Hospitalized With COVID-19 in Wuhan, China: A Single-center Retrospective Observational Study</official_title>
  <sponsors>
    <lead_sponsor>
      <agency>Zhenhua Zen</agency>
      <agency_class>Other</agency_class>
    </lead_sponsor>
  </sponsors>
  <source>Nanfang Hospital of Southern Medical University</source>
  <oversight_info>
    <is_fda_regulated_drug>No</is_fda_regulated_drug>
    <is_fda_regulated_device>No</is_fda_regulated_device>
  </oversight_info>
  <brief_summary>
    <textblock>
      Some studies have shown that the main pathogenesis of patients with covid19 is related to&#xD;
      ACE2 receptor. Lung is one of the main organs, and there are many ACE2 receptors in&#xD;
      cardiovascular system. ACEI / ARB is the main target of antihypertensive drugs. Previous&#xD;
      reports suggested that there were large number of patients with covid19 also suffered from&#xD;
      hypertension, suggesting that patients with hypertension may be the susceptible to covid19.&#xD;
      Therefore, we try to follow up the patients admitted to Hankou hospital to explore the impact&#xD;
      of hypertension and hypertension treatment on the severity and prognosis of patients with&#xD;
      covid19, so as to provide new methods for the treatment of patients with covid19 in the&#xD;
      future.&#xD;
    </textblock>
  </brief_summary>
  <detailed_description>
    <textblock>
      In December, 2019, a cluster of severe pneumonia cases of unknown cause emerged in Wuhan,&#xD;
      China, with clinical presentations greatly resembling viral pneumonia1. Deep sequencing&#xD;
      analysis from lower respiratory tract samples indicated a novel coronavirus, which was named&#xD;
      2019 novel coronavirus (2019-nCoV, then named COVID-19). Up to Mar 16, 2020, the total number&#xD;
      of patients had risen sharply to 153,546 confirmed cases worldwide&#xD;
      (http://2019ncov.chinacdc.cn/2019-nCoV/global.html). The data extracted from 1099 patients&#xD;
      with laboratory-confirmed COVID-19 in China from January 29, 2020 showed that hypertension is&#xD;
      the most common coexisting illness of COVID-19 patients, ranging from 13.4% in nonsevere&#xD;
      patient vs. 23.4% in severe patients, and the total incidence is as high as 15%2.&#xD;
      Interestingly, ACE2 is involved in the pathogenesis of both hypertension and SARS-COV-2&#xD;
      pneumonia. The above reasons prompted us to speculate that the organs attacked by SARS-COV-2&#xD;
      might not only be lungs, but also include other ACE2 expression organs, especially&#xD;
      cardiovascular system. In addition, patients with comorbid hypertension, especially those&#xD;
      with long-term oral ACEI/ARB medication for hypertension, might have different susceptibility&#xD;
      and severity levels of pneumonia upon SARS-COV-2 attack. Therefore, we investigated and&#xD;
      compared the demographic characteristics, coexisting disease, severity of pneumonia, and the&#xD;
      effect of antihypertensive drugs (ACEI/ARB versus non-ACEI/ARB) in patients with COVID-19&#xD;
      coexisting hypertension, thereby, hopefully, to reduce the mortality and morbidity associated&#xD;
      with hypertension in patients with COVID-19.&#xD;
    </textblock>
  </detailed_description>
  <overall_status>Completed</overall_status>
  <start_date type="Actual">March 21, 2020</start_date>
  <completion_date type="Actual">March 30, 2020</completion_date>
  <primary_completion_date type="Actual">March 28, 2020</primary_completion_date>
  <study_type>Observational</study_type>
  <has_expanded_access>No</has_expanded_access>
  <study_design_info>
    <observational_model>Case-Control</observational_model>
    <time_perspective>Retrospective</time_perspective>
  </study_design_info>
  <primary_outcome>
    <measure>Rate of Death</measure>
    <time_frame>From date of admission until the date of death from any cause, up to 60 days</time_frame>
    <description>mortality in 28-day</description>
  </primary_outcome>
  <secondary_outcome>
    <measure>the severity of pneumonia</measure>
    <time_frame>From date of admission until the date of discharge or death from any cause, up to 60 days</time_frame>
    <description>evaluate the severity of pneumonia according to CT scans and clinical manifestation</description>
  </secondary_outcome>
  <other_outcome>
    <measure>the length of hospital stay</measure>
    <time_frame>From date of admission until the date of discharge or death from any cause, up to 60 days</time_frame>
    <description>days from admission to discharge or death</description>
  </other_outcome>
  <number_of_groups>2</number_of_groups>
  <enrollment type="Actual">275</enrollment>
  <condition>COVID-19</condition>
  <condition>Hypertension</condition>
  <arm_group>
    <arm_group_label>ACEI/ARB</arm_group_label>
    <description>COVID-19 patients with hypertension who had previously taken ACEI/ARB for antihypertensive treatment</description>
  </arm_group>
  <arm_group>
    <arm_group_label>non ACEI/ARB</arm_group_label>
    <description>COVID-19 patients with hypertension who had not previously taken ACEI/ARB for antihypertensive treatment</description>
  </arm_group>
  <biospec_retention>None Retained</biospec_retention>
  <biospec_descr>
    <textblock>
      Blood&#xD;
    </textblock>
  </biospec_descr>
  <eligibility>
    <study_pop>
      <textblock>
        Patients with clinically confirmed COVID-19 admitted to Hankou Hospital, Wuhan, China from&#xD;
        January 5 to March 8, 2020.&#xD;
      </textblock>
    </study_pop>
    <sampling_method>Probability Sample</sampling_method>
    <criteria>
      <textblock>
        Inclusion Criteria:&#xD;
&#xD;
          -  COVID-19 pneumonia patients diagnosed by WHO criteria&#xD;
&#xD;
        Exclusion Criteria:&#xD;
&#xD;
          -  Patients who were younger than 18 years.&#xD;
&#xD;
          -  Patients whose entire stay lasted for less than 48 hours.&#xD;
      </textblock>
    </criteria>
    <gender>All</gender>
    <minimum_age>18 Years</minimum_age>
    <maximum_age>100 Years</maximum_age>
    <healthy_volunteers>No</healthy_volunteers>
  </eligibility>
  <location>
    <facility>
      <name>Hankou Hospital</name>
      <address>
        <city>Hankou</city>
        <state>Hubei</state>
        <zip>430000</zip>
        <country>China</country>
      </address>
    </facility>
  </location>
  <location_countries>
    <country>China</country>
  </location_countries>
  <link>
    <url>https://pubmed.ncbi.nlm.nih.gov/31978945/?from_single_result=31978945</url>
    <description>A Novel Coronavirus From Patients With Pneumonia in China, 2019</description>
  </link>
  <reference>
    <citation>Zhu N, Zhang D, Wang W, Li X, Yang B, Song J, Zhao X, Huang B, Shi W, Lu R, Niu P, Zhan F, Ma X, Wang D, Xu W, Wu G, Gao GF, Tan W; China Novel Coronavirus Investigating and Research Team. A Novel Coronavirus from Patients with Pneumonia in China, 2019. N Engl J Med. 2020 Feb 20;382(8):727-733. doi: 10.1056/NEJMoa2001017. Epub 2020 Jan 24.</citation>
    <PMID>31978945</PMID>
  </reference>
  <reference>
    <citation>Li W, Moore MJ, Vasilieva N, Sui J, Wong SK, Berne MA, Somasundaran M, Sullivan JL, Luzuriaga K, Greenough TC, Choe H, Farzan M. Angiotensin-converting enzyme 2 is a functional receptor for the SARS coronavirus. Nature. 2003 Nov 27;426(6965):450-4.</citation>
    <PMID>14647384</PMID>
  </reference>
  <reference>
    <citation>Huang C, Wang Y, Li X, Ren L, Zhao J, Hu Y, Zhang L, Fan G, Xu J, Gu X, Cheng Z, Yu T, Xia J, Wei Y, Wu W, Xie X, Yin W, Li H, Liu M, Xiao Y, Gao H, Guo L, Xie J, Wang G, Jiang R, Gao Z, Jin Q, Wang J, Cao B. Clinical features of patients infected with 2019 novel coronavirus in Wuhan, China. Lancet. 2020 Feb 15;395(10223):497-506. doi: 10.1016/S0140-6736(20)30183-5. Epub 2020 Jan 24. Erratum in: Lancet. 2020 Jan 30;:.</citation>
    <PMID>31986264</PMID>
  </reference>
  <reference>
    <citation>Wang Z, Chen Z, Zhang L, Wang X, Hao G, Zhang Z, Shao L, Tian Y, Dong Y, Zheng C, Wang J, Zhu M, Weintraub WS, Gao R; China Hypertension Survey Investigators. Status of Hypertension in China: Results From the China Hypertension Survey, 2012-2015. Circulation. 2018 May 29;137(22):2344-2356. doi: 10.1161/CIRCULATIONAHA.117.032380. Epub 2018 Feb 15.</citation>
    <PMID>29449338</PMID>
  </reference>
  <reference>
    <citation>Ferrario CM, Jessup J, Chappell MC, Averill DB, Brosnihan KB, Tallant EA, Diz DI, Gallagher PE. Effect of angiotensin-converting enzyme inhibition and angiotensin II receptor blockers on cardiac angiotensin-converting enzyme 2. Circulation. 2005 May 24;111(20):2605-10. Epub 2005 May 16.</citation>
    <PMID>15897343</PMID>
  </reference>
  <reference>
    <citation>Turner AJ, Hiscox JA, Hooper NM. ACE2: from vasopeptidase to SARS virus receptor. Trends Pharmacol Sci. 2004 Jun;25(6):291-4. Review.</citation>
    <PMID>15165741</PMID>
  </reference>
  <verification_date>April 2020</verification_date>
  <study_first_submitted>March 20, 2020</study_first_submitted>
  <study_first_submitted_qc>March 20, 2020</study_first_submitted_qc>
  <study_first_posted type="Actual">March 23, 2020</study_first_posted>
  <last_update_submitted>April 28, 2020</last_update_submitted>
  <last_update_submitted_qc>April 28, 2020</last_update_submitted_qc>
  <last_update_posted type="Actual">April 29, 2020</last_update_posted>
  <responsible_party>
    <responsible_party_type>Sponsor-Investigator</responsible_party_type>
    <investigator_affiliation>Nanfang Hospital of Southern Medical University</investigator_affiliation>
    <investigator_full_name>Zhenhua Zen</investigator_full_name>
    <investigator_title>Associate Professor</investigator_title>
  </responsible_party>
  <keyword>COVID-19</keyword>
  <keyword>Hypertension</keyword>
  <keyword>ACE2</keyword>
  <condition_browse>
    <!-- CAUTION:  The following MeSH terms are assigned with an imperfect algorithm            -->
    <mesh_term>Hypertension</mesh_term>
  </condition_browse>
  <patient_data>
    <sharing_ipd>Undecided</sharing_ipd>
  </patient_data>
  <!-- Results have not yet been posted for this study                                          -->
</clinical_study>

