<?xml version="1.0" encoding="UTF-8"?>
<clinical_study rank="1483">
  <!-- This xml conforms to an XML Schema at:
    https://clinicaltrials.gov/ct2/html/images/info/public.xsd -->
  <required_header>
    <download_date>ClinicalTrials.gov processed this data on February 08, 2021</download_date>
    <link_text>Link to the current ClinicalTrials.gov record.</link_text>
    <url>https://clinicaltrials.gov/show/NCT04330599</url>
  </required_header>
  <id_info>
    <org_study_id>COVIDENCE UK</org_study_id>
    <nct_id>NCT04330599</nct_id>
  </id_info>
  <brief_title>Longitudinal Population-based Observational Study of COVID-19 in the UK Population</brief_title>
  <acronym>COVIDENCE UK</acronym>
  <official_title>Longitudinal Population-based Observational Study of COVID-19 in the UK Population</official_title>
  <sponsors>
    <lead_sponsor>
      <agency>Queen Mary University of London</agency>
      <agency_class>Other</agency_class>
    </lead_sponsor>
    <collaborator>
      <agency>King's College London</agency>
      <agency_class>Other</agency_class>
    </collaborator>
    <collaborator>
      <agency>London School of Hygiene and Tropical Medicine</agency>
      <agency_class>Other</agency_class>
    </collaborator>
    <collaborator>
      <agency>University of Edinburgh</agency>
      <agency_class>Other</agency_class>
    </collaborator>
    <collaborator>
      <agency>Swansea University</agency>
      <agency_class>Other</agency_class>
    </collaborator>
    <collaborator>
      <agency>Queen's University, Belfast</agency>
      <agency_class>Other</agency_class>
    </collaborator>
    <collaborator>
      <agency>Barts Charity</agency>
      <agency_class>Other</agency_class>
    </collaborator>
  </sponsors>
  <source>Queen Mary University of London</source>
  <oversight_info>
    <has_dmc>No</has_dmc>
    <is_fda_regulated_drug>No</is_fda_regulated_drug>
    <is_fda_regulated_device>No</is_fda_regulated_device>
  </oversight_info>
  <brief_summary>
    <textblock>
      COVIDENCE UK is a population-based observational longitudinal study that has the following&#xD;
      objectives:&#xD;
&#xD;
        1. To determine risk factors for incident COVID-19 and for adverse outcomes of COVID-19 in&#xD;
           the UK population&#xD;
&#xD;
        2. To characterise the natural history of COVID-19 in the UK population&#xD;
&#xD;
        3. To evaluate the impact of COVID-19 on the physical and mental health of the UK&#xD;
           population&#xD;
&#xD;
        4. To provide a resource from which to identify potential participants for future clinical&#xD;
           trials, and to use data collected in COVIDENCE as comparison or control data for trial&#xD;
           participants who have been randomised to receive one or more interventions.&#xD;
    </textblock>
  </brief_summary>
  <overall_status>Recruiting</overall_status>
  <start_date type="Actual">May 1, 2020</start_date>
  <completion_date type="Anticipated">April 1, 2025</completion_date>
  <primary_completion_date type="Anticipated">April 1, 2025</primary_completion_date>
  <study_type>Observational</study_type>
  <has_expanded_access>No</has_expanded_access>
  <study_design_info>
    <observational_model>Cohort</observational_model>
    <time_perspective>Prospective</time_perspective>
  </study_design_info>
  <primary_outcome>
    <measure>Incidence of confirmed COVID-19</measure>
    <time_frame>5 years</time_frame>
  </primary_outcome>
  <secondary_outcome>
    <measure>Incidence of probable or suspected COVID-19</measure>
    <time_frame>5 years</time_frame>
  </secondary_outcome>
  <secondary_outcome>
    <measure>Incidence of COVID-19 requiring hospitalisation</measure>
    <time_frame>5 years</time_frame>
  </secondary_outcome>
  <secondary_outcome>
    <measure>Incidence of COVID-19 requiring ventilatory support</measure>
    <time_frame>5 years</time_frame>
  </secondary_outcome>
  <secondary_outcome>
    <measure>Incidence of fatal COVID-19</measure>
    <time_frame>5 years</time_frame>
  </secondary_outcome>
  <secondary_outcome>
    <measure>Symptom duration per COVID-19 episode</measure>
    <time_frame>5 years</time_frame>
  </secondary_outcome>
  <secondary_outcome>
    <measure>Symptom severity per COVID-19 episode</measure>
    <time_frame>5 years</time_frame>
  </secondary_outcome>
  <secondary_outcome>
    <measure>Incidence of seroconversion to SARS-CoV-2</measure>
    <time_frame>5 years</time_frame>
  </secondary_outcome>
  <secondary_outcome>
    <measure>Incidence of recurrent COVID-19</measure>
    <time_frame>5 years</time_frame>
  </secondary_outcome>
  <secondary_outcome>
    <measure>EQ-5D-3L health-related quality of life score</measure>
    <time_frame>5 years</time_frame>
  </secondary_outcome>
  <secondary_outcome>
    <measure>Health care costs associated with incident COVID-19</measure>
    <time_frame>5 years</time_frame>
  </secondary_outcome>
  <secondary_outcome>
    <measure>Impact of the COVID-19 pandemic and the societal response on participants' financial status</measure>
    <time_frame>5 years</time_frame>
  </secondary_outcome>
  <secondary_outcome>
    <measure>Incidence of COVID-19 on participant's physical health</measure>
    <time_frame>5 years</time_frame>
  </secondary_outcome>
  <secondary_outcome>
    <measure>Impact of COVID-19 on participants' mental health</measure>
    <time_frame>5 years</time_frame>
  </secondary_outcome>
  <secondary_outcome>
    <measure>Impact of COVID-19 on physical health of offspring born to participants during follow-up</measure>
    <time_frame>5 years</time_frame>
  </secondary_outcome>
  <enrollment type="Anticipated">12000</enrollment>
  <condition>COVID-19</condition>
  <eligibility>
    <study_pop>
      <textblock>
        UK residents aged 16 years or more&#xD;
      </textblock>
    </study_pop>
    <sampling_method>Non-Probability Sample</sampling_method>
    <criteria>
      <textblock>
        Inclusion Criteria:&#xD;
&#xD;
          -  UK resident&#xD;
&#xD;
          -  Age ≥16 years&#xD;
&#xD;
        Exclusion Criteria: none&#xD;
      </textblock>
    </criteria>
    <gender>All</gender>
    <minimum_age>16 Years</minimum_age>
    <maximum_age>N/A</maximum_age>
    <healthy_volunteers>Accepts Healthy Volunteers</healthy_volunteers>
  </eligibility>
  <overall_contact>
    <last_name>Adrian Martineau, PhD</last_name>
    <phone>+442078822551</phone>
    <email>a.martineau@qmul.ac.uk</email>
  </overall_contact>
  <overall_contact_backup>
    <last_name>Hayley Holt, MSc</last_name>
    <email>h.holt@qmul.ac.uk</email>
  </overall_contact_backup>
  <location>
    <facility>
      <name>Queen Mary University of London</name>
      <address>
        <city>London</city>
        <state>County (optional)</state>
        <zip>E1 2AB</zip>
        <country>United Kingdom</country>
      </address>
    </facility>
    <status>Recruiting</status>
    <contact>
      <last_name>Adrian R Martineau, MD PhD</last_name>
      <phone>02078822551</phone>
      <email>a.martineau@qmul.ac.uk</email>
    </contact>
  </location>
  <location_countries>
    <country>United Kingdom</country>
  </location_countries>
  <verification_date>March 2020</verification_date>
  <study_first_submitted>March 31, 2020</study_first_submitted>
  <study_first_submitted_qc>March 31, 2020</study_first_submitted_qc>
  <study_first_posted type="Actual">April 1, 2020</study_first_posted>
  <last_update_submitted>October 28, 2020</last_update_submitted>
  <last_update_submitted_qc>October 28, 2020</last_update_submitted_qc>
  <last_update_posted type="Actual">October 30, 2020</last_update_posted>
  <responsible_party>
    <responsible_party_type>Sponsor</responsible_party_type>
  </responsible_party>
  <patient_data>
    <sharing_ipd>Yes</sharing_ipd>
  </patient_data>
  <!-- Results have not yet been posted for this study                                          -->
</clinical_study>

