<?xml version="1.0" encoding="UTF-8"?>
<clinical_study rank="484">
  <!-- This xml conforms to an XML Schema at:
    https://clinicaltrials.gov/ct2/html/images/info/public.xsd -->
  <required_header>
    <download_date>ClinicalTrials.gov processed this data on February 08, 2021</download_date>
    <link_text>Link to the current ClinicalTrials.gov record.</link_text>
    <url>https://clinicaltrials.gov/show/NCT04329559</url>
  </required_header>
  <id_info>
    <org_study_id>CHESS2002</org_study_id>
    <nct_id>NCT04329559</nct_id>
  </id_info>
  <brief_title>COVID-19 in Patients With Pre-existing Cirrhosis (COVID-Cirrhosis-CHESS2002): A Multicentre Observational Study</brief_title>
  <official_title>Clinical Characteristics of COVID-19 in Patients With Pre-existing Cirrhosis (COVID-Cirrhosis-CHESS2002): A Multicentre Observational Study</official_title>
  <sponsors>
    <lead_sponsor>
      <agency>Hepatopancreatobiliary Surgery Institute of Gansu Province</agency>
      <agency_class>Other</agency_class>
    </lead_sponsor>
    <collaborator>
      <agency>Renmin Hospital of Wuhan University</agency>
      <agency_class>Other</agency_class>
    </collaborator>
    <collaborator>
      <agency>LanZhou University</agency>
      <agency_class>Other</agency_class>
    </collaborator>
    <collaborator>
      <agency>Minda Hospital Affiliated to Hubei University for Nationalities</agency>
      <agency_class>Other</agency_class>
    </collaborator>
    <collaborator>
      <agency>Wuhan Union Hospital, China</agency>
      <agency_class>Other</agency_class>
    </collaborator>
    <collaborator>
      <agency>The Central Hospital of Enshi Tujia And Miao Autonomous Prefecture</agency>
      <agency_class>Other</agency_class>
    </collaborator>
    <collaborator>
      <agency>Tianjin Second People's Hospital</agency>
      <agency_class>Other</agency_class>
    </collaborator>
    <collaborator>
      <agency>Sixth People's Hospital of Shenyang</agency>
      <agency_class>Other</agency_class>
    </collaborator>
    <collaborator>
      <agency>Guangxi Zhuang Autonomous Region</agency>
      <agency_class>Other</agency_class>
    </collaborator>
    <collaborator>
      <agency>Shenzhen Third People's Hospital</agency>
      <agency_class>Other</agency_class>
    </collaborator>
    <collaborator>
      <agency>Ankang Central Hospital</agency>
      <agency_class>Other</agency_class>
    </collaborator>
    <collaborator>
      <agency>Xingtai People's Hospital</agency>
      <agency_class>Other</agency_class>
    </collaborator>
    <collaborator>
      <agency>Dalian Sixth People's Hospital</agency>
      <agency_class>Other</agency_class>
    </collaborator>
    <collaborator>
      <agency>The Central Hospital of Lishui City</agency>
      <agency_class>Other</agency_class>
    </collaborator>
    <collaborator>
      <agency>The Affiliated Third Hospital of Jiangsu University</agency>
      <agency_class>Other</agency_class>
    </collaborator>
    <collaborator>
      <agency>Suizhou Hospital, Hubei University of Medicine</agency>
      <agency_class>Other</agency_class>
    </collaborator>
  </sponsors>
  <source>Hepatopancreatobiliary Surgery Institute of Gansu Province</source>
  <oversight_info>
    <has_dmc>Yes</has_dmc>
    <is_fda_regulated_drug>No</is_fda_regulated_drug>
    <is_fda_regulated_device>No</is_fda_regulated_device>
  </oversight_info>
  <brief_summary>
    <textblock>
      COVID-19 pandemic with SARS-CoV-2 infection has become a global challenge. Though most cases&#xD;
      of COVID-19 are mild, the disease can also be fatal. Patients with liver cirrhosis are more&#xD;
      susceptible to damage from SARS-CoV-2 infection considering their immunocompromised status.&#xD;
      The spectrum of disease and factors that influence the disease course in COVID-19 cases with&#xD;
      liver cirrhosis are incompletely defined. This muilticentre observational study&#xD;
      (COVID-Cirrhosis-CHESS2002) aims to study the clinical characteristics and risk factors&#xD;
      associated with specific outcomes in COVID-19 patients with pre-existing liver cirrhosis.&#xD;
    </textblock>
  </brief_summary>
  <detailed_description>
    <textblock>
      Coronavirus disease 2019 (COVID-19) pandemic with severe acute respiratory syndrome&#xD;
      coronavirus 2 (SARS-CoV-2) infection has become a global challenge. Though most cases of&#xD;
      COVID-19 are mild, the disease can also be fatal. Patients with liver cirrhosis are more&#xD;
      susceptible to damage from SARS-CoV-2 infection considering their immunocompromised status.&#xD;
      The spectrum of disease and factors that influence the disease course in COVID-19 cases with&#xD;
      liver cirrhosis are incompletely defined. This muilticentre observational study&#xD;
      (COVID-Cirrhosis-CHESS2002) aims to study the clinical characteristics and risk factors&#xD;
      associated with specific outcomes in COVID-19 patients with pre-existing liver cirrhosis.&#xD;
    </textblock>
  </detailed_description>
  <overall_status>Recruiting</overall_status>
  <start_date type="Actual">March 30, 2020</start_date>
  <completion_date type="Anticipated">June 29, 2021</completion_date>
  <primary_completion_date type="Anticipated">June 29, 2020</primary_completion_date>
  <study_type>Observational [Patient Registry]</study_type>
  <has_expanded_access>No</has_expanded_access>
  <study_design_info>
    <observational_model>Cohort</observational_model>
    <time_perspective>Cross-Sectional</time_perspective>
  </study_design_info>
  <target_duration>1 Year</target_duration>
  <primary_outcome>
    <measure>All-cause mortality of COVID-19 patients with liver cirrhosis</measure>
    <time_frame>From illness onset of COVID-19 to death from any cause, up to 365 days</time_frame>
    <description>7-day, 28-day, 60-day, 180-day and 365-day all-cause mortality of COVID-19 patients with liver cirrhosis</description>
  </primary_outcome>
  <secondary_outcome>
    <measure>Liver-related mortality of COVID-19 patients with liver cirrhosis</measure>
    <time_frame>From illness onset of COVID-19 to death from liver-related cause, up to 365 days</time_frame>
    <description>7-day, 28-day, 60-day, 180-day and 365-day liver-related mortality of COVID-19 patients with liver cirrhosis</description>
  </secondary_outcome>
  <secondary_outcome>
    <measure>Risk factors associated with specific outcomes of COVID-19 patients with liver cirrhosis</measure>
    <time_frame>From hospital admission to death, up to 365 days</time_frame>
    <description>Risk factors (laboratory findings, imaging findings, etc.) associated with specific outcomes (death, etc.) of COVID-19 patients with liver cirrhosis</description>
  </secondary_outcome>
  <secondary_outcome>
    <measure>Baseline characteristics of COVID-19 patients with liver cirrhosis</measure>
    <time_frame>1 Day</time_frame>
    <description>Baseline characteristics (laboratory findings, imaging findings, etc.) of COVID-19 patients with liver cirrhosis</description>
  </secondary_outcome>
  <enrollment type="Anticipated">50</enrollment>
  <condition>COVID-19</condition>
  <condition>Liver Cirrhosis</condition>
  <eligibility>
    <study_pop>
      <textblock>
        Patients with COVID-19 infection with pre-existing liver cirrhosis&#xD;
      </textblock>
    </study_pop>
    <sampling_method>Non-Probability Sample</sampling_method>
    <criteria>
      <textblock>
        Inclusion Criteria:&#xD;
&#xD;
          -  1) Aged 18 or above;&#xD;
&#xD;
          -  2) Laboratory-confirmed COVID-19 infection;&#xD;
&#xD;
          -  3) Pre-existing liver cirrhosis based on liver biopsy or clinical findings.&#xD;
&#xD;
        Exclusion Criteria:&#xD;
&#xD;
          -  1) Pregnancy or unknown pregnancy status.&#xD;
      </textblock>
    </criteria>
    <gender>All</gender>
    <minimum_age>18 Years</minimum_age>
    <maximum_age>N/A</maximum_age>
    <healthy_volunteers>No</healthy_volunteers>
  </eligibility>
  <overall_official>
    <last_name>Mingkai Chen, MD</last_name>
    <role>Study Chair</role>
    <affiliation>Renmin Hospital of Wuhan University</affiliation>
  </overall_official>
  <overall_official>
    <last_name>Xiaolong Qi, MD</last_name>
    <role>Study Chair</role>
    <affiliation>LanZhou University</affiliation>
  </overall_official>
  <overall_official>
    <last_name>Fengmei Wang, MD</last_name>
    <role>Principal Investigator</role>
    <affiliation>Tianjin Second People's Hospital</affiliation>
  </overall_official>
  <overall_official>
    <last_name>Ye Gu, MD</last_name>
    <role>Principal Investigator</role>
    <affiliation>Sixth People's Hospital of Shenyang</affiliation>
  </overall_official>
  <overall_official>
    <last_name>Zicheng Jiang, MD</last_name>
    <role>Principal Investigator</role>
    <affiliation>Ankang Central Hospital</affiliation>
  </overall_official>
  <overall_official>
    <last_name>Guo Zhang, MD</last_name>
    <role>Principal Investigator</role>
    <affiliation>Guangxi Zhuang Autonomous Region</affiliation>
  </overall_official>
  <overall_official>
    <last_name>Yong Zhang, MD</last_name>
    <role>Principal Investigator</role>
    <affiliation>Dalian Sixth People's Hospital</affiliation>
  </overall_official>
  <overall_official>
    <last_name>Dengxiang Liu, MD</last_name>
    <role>Principal Investigator</role>
    <affiliation>Xingtai People's Hospital</affiliation>
  </overall_official>
  <overall_official>
    <last_name>Qing He, MD</last_name>
    <role>Principal Investigator</role>
    <affiliation>Shenzhen Third People's Hospital</affiliation>
  </overall_official>
  <overall_official>
    <last_name>Hua Yang, MD</last_name>
    <role>Principal Investigator</role>
    <affiliation>Minda Hospital Affiliated to Hubei University for Nationalities</affiliation>
  </overall_official>
  <overall_official>
    <last_name>Zhengyan Wang, MD</last_name>
    <role>Principal Investigator</role>
    <affiliation>Suizhou Hospital, Hubei University of Medicine</affiliation>
  </overall_official>
  <overall_official>
    <last_name>Bin Xiong, MD</last_name>
    <role>Principal Investigator</role>
    <affiliation>Wuhan Union Hospital, China</affiliation>
  </overall_official>
  <overall_official>
    <last_name>Xiaodan Li, MD</last_name>
    <role>Principal Investigator</role>
    <affiliation>The Central Hospital of Enshi Tujia And Miao Autonomous Prefecture</affiliation>
  </overall_official>
  <overall_official>
    <last_name>Hongguang Zhang, MD</last_name>
    <role>Principal Investigator</role>
    <affiliation>The Affiliated Third Hospital of Jiangsu University</affiliation>
  </overall_official>
  <overall_official>
    <last_name>Chuxiao Shao, MD</last_name>
    <role>Principal Investigator</role>
    <affiliation>The Central Hospital of Lishui City</affiliation>
  </overall_official>
  <overall_official>
    <last_name>Hongmei Yue, MD</last_name>
    <role>Principal Investigator</role>
    <affiliation>LanZhou University</affiliation>
  </overall_official>
  <overall_contact>
    <last_name>Xiaolong Qi, MD</last_name>
    <phone>+86-18588602600</phone>
    <phone_ext>+8618588602600</phone_ext>
    <email>qixiaolong@vip.163.com</email>
  </overall_contact>
  <overall_contact_backup>
    <last_name>Yanna Liu, MD</last_name>
    <phone>+86-15625076784</phone>
    <phone_ext>+8615625076784</phone_ext>
    <email>lauyenna@126.com</email>
  </overall_contact_backup>
  <location>
    <facility>
      <name>Dalian Sixth People's Hospital</name>
      <address>
        <city>Dalian</city>
        <country>China</country>
      </address>
    </facility>
    <status>Not yet recruiting</status>
    <contact>
      <last_name>Yong Zhang, MD</last_name>
    </contact>
  </location>
  <location>
    <facility>
      <name>Minda Hospital Affiliated to Hubei University for Nationalities</name>
      <address>
        <city>Enshi</city>
        <country>China</country>
      </address>
    </facility>
    <status>Recruiting</status>
    <contact>
      <last_name>Hua Yang, MD</last_name>
    </contact>
  </location>
  <location>
    <facility>
      <name>The Central Hospital of Enshi Tujia And Miao Autonomous Prefecture</name>
      <address>
        <city>Enshi</city>
        <country>China</country>
      </address>
    </facility>
    <status>Recruiting</status>
    <contact>
      <last_name>Xiaodan Li, MD</last_name>
    </contact>
  </location>
  <location>
    <facility>
      <name>The First Hospital of Lanzhou University</name>
      <address>
        <city>Lanzhou</city>
        <country>China</country>
      </address>
    </facility>
    <status>Recruiting</status>
    <contact>
      <last_name>Hongmei Yue, MD</last_name>
    </contact>
  </location>
  <location>
    <facility>
      <name>The Central Hospital of Lishui City</name>
      <address>
        <city>Lishui</city>
        <country>China</country>
      </address>
    </facility>
    <status>Recruiting</status>
    <contact>
      <last_name>Chuxiao Shao, MD</last_name>
    </contact>
  </location>
  <location>
    <facility>
      <name>Guangxi Zhuang Autonomous Region</name>
      <address>
        <city>Nanning</city>
        <country>China</country>
      </address>
    </facility>
    <status>Recruiting</status>
    <contact>
      <last_name>Guo Zhang, MD</last_name>
    </contact>
  </location>
  <location>
    <facility>
      <name>The Sixth Peoples Hospital of Shenyang</name>
      <address>
        <city>Shenyang</city>
        <country>China</country>
      </address>
    </facility>
    <status>Recruiting</status>
    <contact>
      <last_name>Ye Gu, MD</last_name>
    </contact>
  </location>
  <location>
    <facility>
      <name>Shenzhen Third People's Hospital</name>
      <address>
        <city>Shenzhen</city>
        <country>China</country>
      </address>
    </facility>
    <status>Not yet recruiting</status>
    <contact>
      <last_name>Qing He, MD</last_name>
    </contact>
  </location>
  <location>
    <facility>
      <name>Suizhou Hospital, Hubei University of Medicine</name>
      <address>
        <city>Suizhou</city>
        <country>China</country>
      </address>
    </facility>
    <status>Recruiting</status>
    <contact>
      <last_name>Zhengyan Wang, MD</last_name>
    </contact>
  </location>
  <location>
    <facility>
      <name>Tianjin Second People's Hospital</name>
      <address>
        <city>Tianjin</city>
        <country>China</country>
      </address>
    </facility>
    <status>Recruiting</status>
    <contact>
      <last_name>Fengmei Wang, MD</last_name>
    </contact>
  </location>
  <location>
    <facility>
      <name>Ankang Central Hospital</name>
      <address>
        <city>Wuhan</city>
        <country>China</country>
      </address>
    </facility>
    <status>Not yet recruiting</status>
    <contact>
      <last_name>Zicheng Jiang, MD</last_name>
    </contact>
  </location>
  <location>
    <facility>
      <name>Renmin Hospital of Wuhan University</name>
      <address>
        <city>Wuhan</city>
        <country>China</country>
      </address>
    </facility>
    <status>Recruiting</status>
    <contact>
      <last_name>Mingkai Chen, MD</last_name>
    </contact>
  </location>
  <location>
    <facility>
      <name>Wuhan Union Hospital</name>
      <address>
        <city>Wuhan</city>
        <country>China</country>
      </address>
    </facility>
    <status>Not yet recruiting</status>
    <contact>
      <last_name>Bin Xiong, MD</last_name>
    </contact>
  </location>
  <location>
    <facility>
      <name>Xingtai People's Hospital</name>
      <address>
        <city>Xingtai</city>
        <country>China</country>
      </address>
    </facility>
    <status>Recruiting</status>
    <contact>
      <last_name>Dengxiang Liu, MD</last_name>
    </contact>
  </location>
  <location>
    <facility>
      <name>The Affiliated Third Hospital of Jiangsu University</name>
      <address>
        <city>Zhenjiang</city>
        <country>China</country>
      </address>
    </facility>
    <status>Recruiting</status>
    <contact>
      <last_name>Hongguang Zhang, MD</last_name>
    </contact>
  </location>
  <location_countries>
    <country>China</country>
  </location_countries>
  <reference>
    <citation>Wu Z, McGoogan JM. Characteristics of and Important Lessons From the Coronavirus Disease 2019 (COVID-19) Outbreak in China: Summary of a Report of 72 314 Cases From the Chinese Center for Disease Control and Prevention. JAMA. 2020 Apr 7;323(13):1239-1242. doi: 10.1001/jama.2020.2648.</citation>
    <PMID>32091533</PMID>
  </reference>
  <reference>
    <citation>Guan WJ, Ni ZY, Hu Y, Liang WH, Ou CQ, He JX, Liu L, Shan H, Lei CL, Hui DSC, Du B, Li LJ, Zeng G, Yuen KY, Chen RC, Tang CL, Wang T, Chen PY, Xiang J, Li SY, Wang JL, Liang ZJ, Peng YX, Wei L, Liu Y, Hu YH, Peng P, Wang JM, Liu JY, Chen Z, Li G, Zheng ZJ, Qiu SQ, Luo J, Ye CJ, Zhu SY, Zhong NS; China Medical Treatment Expert Group for Covid-19. Clinical Characteristics of Coronavirus Disease 2019 in China. N Engl J Med. 2020 Apr 30;382(18):1708-1720. doi: 10.1056/NEJMoa2002032. Epub 2020 Feb 28.</citation>
    <PMID>32109013</PMID>
  </reference>
  <reference>
    <citation>Zhang C, Shi L, Wang FS. Liver injury in COVID-19: management and challenges. Lancet Gastroenterol Hepatol. 2020 May;5(5):428-430. doi: 10.1016/S2468-1253(20)30057-1. Epub 2020 Mar 4.</citation>
    <PMID>32145190</PMID>
  </reference>
  <reference>
    <citation>Bangash MN, Patel J, Parekh D. COVID-19 and the liver: little cause for concern. Lancet Gastroenterol Hepatol. 2020 Jun;5(6):529-530. doi: 10.1016/S2468-1253(20)30084-4. Epub 2020 Mar 20.</citation>
    <PMID>32203680</PMID>
  </reference>
  <reference>
    <citation>Xu L, Liu J, Lu M, Yang D, Zheng X. Liver injury during highly pathogenic human coronavirus infections. Liver Int. 2020 May;40(5):998-1004. doi: 10.1111/liv.14435. Epub 2020 Mar 30. Review.</citation>
    <PMID>32170806</PMID>
  </reference>
  <verification_date>March 2020</verification_date>
  <study_first_submitted>March 29, 2020</study_first_submitted>
  <study_first_submitted_qc>March 29, 2020</study_first_submitted_qc>
  <study_first_posted type="Actual">April 1, 2020</study_first_posted>
  <last_update_submitted>March 29, 2020</last_update_submitted>
  <last_update_submitted_qc>March 29, 2020</last_update_submitted_qc>
  <last_update_posted type="Actual">April 1, 2020</last_update_posted>
  <responsible_party>
    <responsible_party_type>Principal Investigator</responsible_party_type>
    <investigator_affiliation>Hepatopancreatobiliary Surgery Institute of Gansu Province</investigator_affiliation>
    <investigator_full_name>Xiaolong Qi</investigator_full_name>
    <investigator_title>Chief, Institute of Portal Hypertension</investigator_title>
  </responsible_party>
  <keyword>COVID-19</keyword>
  <keyword>Liver cirrhosis</keyword>
  <keyword>Clinical outcome</keyword>
  <condition_browse>
    <!-- CAUTION:  The following MeSH terms are assigned with an imperfect algorithm            -->
    <mesh_term>Liver Cirrhosis</mesh_term>
    <mesh_term>Fibrosis</mesh_term>
  </condition_browse>
  <patient_data>
    <sharing_ipd>Undecided</sharing_ipd>
  </patient_data>
  <!-- Results have not yet been posted for this study                                          -->
</clinical_study>

