<?xml version="1.0" encoding="UTF-8"?>
<clinical_study rank="1402">
  <!-- This xml conforms to an XML Schema at:
    https://clinicaltrials.gov/ct2/html/images/info/public.xsd -->
  <required_header>
    <download_date>ClinicalTrials.gov processed this data on February 08, 2021</download_date>
    <link_text>Link to the current ClinicalTrials.gov record.</link_text>
    <url>https://clinicaltrials.gov/show/NCT04328454</url>
  </required_header>
  <id_info>
    <org_study_id>HBCBH-IEC-2020-101</org_study_id>
    <nct_id>NCT04328454</nct_id>
  </id_info>
  <brief_title>Clinical Characteristics and Prognostic Factors of Patients With COVID-19</brief_title>
  <official_title>Clinical Characteristics and Prognostic Factors of Patients With COVID-19 in Chibi Hospital of Hubei Province</official_title>
  <sponsors>
    <lead_sponsor>
      <agency>Shanghai 10th People's Hospital</agency>
      <agency_class>Other</agency_class>
    </lead_sponsor>
    <collaborator>
      <agency>Chibi People's Hospital, Hubei Province</agency>
      <agency_class>Other</agency_class>
    </collaborator>
  </sponsors>
  <source>Shanghai 10th People's Hospital</source>
  <oversight_info>
    <has_dmc>No</has_dmc>
    <is_fda_regulated_drug>No</is_fda_regulated_drug>
    <is_fda_regulated_device>No</is_fda_regulated_device>
  </oversight_info>
  <brief_summary>
    <textblock>
      As of February 17th, 2020, China has 70635 confirmed cases of coronavirus disease 2019&#xD;
      (COVID-19), including 1772 deaths. Human-to-human spread of virus via respiratory droplets is&#xD;
      currently considered to be the main route of transmission. The number of patients increased&#xD;
      rapidly but the impact factors of clinical outcomes among hospitalized patients are still&#xD;
      unclear.&#xD;
    </textblock>
  </brief_summary>
  <detailed_description>
    <textblock>
      As of February 17th, 2020, China has 70635 confirmed cases of coronavirus disease 2019&#xD;
      (COVID-19), including 1772 deaths. Human-to-human spread of virus via respiratory droplets is&#xD;
      currently considered to be the main route of transmission. The number of patients increased&#xD;
      rapidly but the impact factors of clinical outcomes among hospitalized patients are still&#xD;
      unclear.&#xD;
    </textblock>
  </detailed_description>
  <overall_status>Recruiting</overall_status>
  <start_date type="Actual">January 30, 2020</start_date>
  <completion_date type="Anticipated">April 15, 2020</completion_date>
  <primary_completion_date type="Anticipated">April 2, 2020</primary_completion_date>
  <study_type>Observational</study_type>
  <has_expanded_access>No</has_expanded_access>
  <study_design_info>
    <observational_model>Cohort</observational_model>
    <time_perspective>Retrospective</time_perspective>
  </study_design_info>
  <primary_outcome>
    <measure>Time to negative conversion of severe acute respiratory syndrome coronavirus 2</measure>
    <time_frame>1 month</time_frame>
    <description>The primary outcome is the time to negative conversion of coronavirus</description>
  </primary_outcome>
  <secondary_outcome>
    <measure>Length of stay in hospital</measure>
    <time_frame>1 month</time_frame>
    <description>The time of hospitalization</description>
  </secondary_outcome>
  <secondary_outcome>
    <measure>Survival</measure>
    <time_frame>1 month</time_frame>
    <description>The rate of survival within hospitalization of these patients will be tracked. The rate of survival within hospitalization of these patients will be tracked. The rate of survival within hospitalization of these patients will be tracked. The rate of survival within hospitalization of these patients will be tracked.</description>
  </secondary_outcome>
  <secondary_outcome>
    <measure>Intubation</measure>
    <time_frame>1 month</time_frame>
    <description>The rate of intubation within hospitalization of these patients will be tracked</description>
  </secondary_outcome>
  <number_of_groups>1</number_of_groups>
  <enrollment type="Anticipated">120</enrollment>
  <condition>Coronavirus</condition>
  <arm_group>
    <arm_group_label>COVID-19 patients</arm_group_label>
    <description>Hospitalized patients with COVID-19</description>
  </arm_group>
  <intervention>
    <intervention_type>Other</intervention_type>
    <intervention_name>retrospective analysis</intervention_name>
    <description>The investigators retrospectively analyzed the hospitalized patients with COVID-19</description>
    <arm_group_label>COVID-19 patients</arm_group_label>
  </intervention>
  <eligibility>
    <study_pop>
      <textblock>
        Patients with COVID-19&#xD;
      </textblock>
    </study_pop>
    <sampling_method>Non-Probability Sample</sampling_method>
    <criteria>
      <textblock>
        Inclusion Criteria:&#xD;
&#xD;
          -  Adult aged &gt;=18years old; Diagnosed with CONVID19. Diagnostic criteria including:&#xD;
             Laboratory (RT-PCR) confirmed SARS-Cov-2 infection; CT of the lung conformed to the&#xD;
             manifestation of viral pneumonia.&#xD;
&#xD;
        Exclusion Criteria:&#xD;
&#xD;
          -  Near-death state (expected survival time less than 24 hours); Malignant tumor;&#xD;
             Pregnancy or puerperium women; Patients who refused to participant.&#xD;
      </textblock>
    </criteria>
    <gender>All</gender>
    <minimum_age>18 Years</minimum_age>
    <maximum_age>N/A</maximum_age>
    <healthy_volunteers>No</healthy_volunteers>
  </eligibility>
  <location>
    <facility>
      <name>Shanghai 10th People's Hospital</name>
      <address>
        <city>Shanghai</city>
        <state>Shanghai</state>
        <zip>+86200072</zip>
        <country>China</country>
      </address>
    </facility>
    <status>Recruiting</status>
    <contact>
      <last_name>Ming Li, M.D.</last_name>
      <phone>+8613524348108</phone>
      <email>mlid163@163.com</email>
    </contact>
  </location>
  <location_countries>
    <country>China</country>
  </location_countries>
  <verification_date>March 2020</verification_date>
  <study_first_submitted>March 27, 2020</study_first_submitted>
  <study_first_submitted_qc>March 30, 2020</study_first_submitted_qc>
  <study_first_posted type="Actual">March 31, 2020</study_first_posted>
  <last_update_submitted>March 30, 2020</last_update_submitted>
  <last_update_submitted_qc>March 30, 2020</last_update_submitted_qc>
  <last_update_posted type="Actual">March 31, 2020</last_update_posted>
  <responsible_party>
    <responsible_party_type>Principal Investigator</responsible_party_type>
    <investigator_affiliation>Shanghai 10th People's Hospital</investigator_affiliation>
    <investigator_full_name>Ming Li</investigator_full_name>
    <investigator_title>Shanghai 10th People's Hospital</investigator_title>
  </responsible_party>
  <condition_browse>
    <!-- CAUTION:  The following MeSH terms are assigned with an imperfect algorithm            -->
    <mesh_term>Coronavirus Infections</mesh_term>
  </condition_browse>
  <patient_data>
    <sharing_ipd>No</sharing_ipd>
  </patient_data>
  <!-- Results have not yet been posted for this study                                          -->
</clinical_study>

