<?xml version="1.0" encoding="UTF-8"?>
<clinical_study rank="2500">
  <!-- This xml conforms to an XML Schema at:
    https://clinicaltrials.gov/ct2/html/images/info/public.xsd -->
  <required_header>
    <download_date>ClinicalTrials.gov processed this data on February 08, 2021</download_date>
    <link_text>Link to the current ClinicalTrials.gov record.</link_text>
    <url>https://clinicaltrials.gov/show/NCT04326387</url>
  </required_header>
  <id_info>
    <org_study_id>COVIDx</org_study_id>
    <nct_id>NCT04326387</nct_id>
  </id_info>
  <brief_title>Evaluation of Novel Diagnostic Tests for COVID-19</brief_title>
  <acronym>COVIDx</acronym>
  <official_title>Evaluation of Novel Diagnostic Tests for 2019-nCOV</official_title>
  <sponsors>
    <lead_sponsor>
      <agency>CCTU- Cancer Theme</agency>
      <agency_class>Other</agency_class>
    </lead_sponsor>
  </sponsors>
  <source>Cambridge University Hospitals NHS Foundation Trust</source>
  <oversight_info>
    <has_dmc>No</has_dmc>
    <is_fda_regulated_drug>No</is_fda_regulated_drug>
    <is_fda_regulated_device>No</is_fda_regulated_device>
  </oversight_info>
  <brief_summary>
    <textblock>
      COVID-19 (also known as Coronavirus) originated in the Wuhan China and has since spread to at&#xD;
      least 159 countries around the world. It was declared a pandemic by the World health&#xD;
      organisation on the 11th of March 2020. The cases in the United Kingdom continue to increase&#xD;
      exponentially with up to 5 683 people diagnosed as on the 22nd of March 2020. It is estimated&#xD;
      that 1 in 5 people diagnosed will require hospital admission and 1 in 20 intensive care&#xD;
      treatment. By developing and improving diagnostic testing, we can accurately diagnose&#xD;
      infected cases to triage appropriate treatments, identify individuals for quarantine in order&#xD;
      to prevent transmission and obtain information regarding patient's immune systems.&#xD;
&#xD;
      At present, the diagnostic test is a highly specific method of genetic amplification called&#xD;
      'Reverse Transcription - Polymerase Chain Reaction' or RT-PCR, which allows detection of very&#xD;
      small amounts of genetic mutations caused by the COVID-19 virus. However, this method must be&#xD;
      completed in highly specialised facilities, which are few and far between, increasing time to&#xD;
      diagnosis (currently 48-72 hours), increasing exposure to non-infected individuals, and&#xD;
      overburdening the analysing facilities. The ideal solution is a point of care (POC) test that&#xD;
      can give results immediately. This study aims to harness the point of care technology of the&#xD;
      SAMBA II device (Diagnostics for the Real World Ltd.), which is a CE-marked device that has&#xD;
      been used with success in the identification of Human Immunodeficiency Virus (HIV), by&#xD;
      amplifying genetic material without the need to increase and decrease temperatures during the&#xD;
      amplification process.&#xD;
&#xD;
      In the COVIDx study, 200 patients meeting the Public Health England's (PHE) inpatient&#xD;
      definition of having suspected COVID-19 will be approached, consented and a sample from&#xD;
      throat and nasal swab (combined) or tracheal fluid taken and tested using the SAMBA II&#xD;
      method. A combination of the standard PHE RT-PCR and an additional validated laboratory PCR&#xD;
      technique will be used as a control in line with standard clinical practice. Patients will&#xD;
      undergo an additional serum tests on existing samples as made available after routine&#xD;
      clinical assessments to monitor antibody response. Patients will be followed for clinical&#xD;
      outcomes at 28 days post-admission.&#xD;
    </textblock>
  </brief_summary>
  <overall_status>Recruiting</overall_status>
  <start_date type="Actual">April 6, 2020</start_date>
  <completion_date type="Anticipated">October 7, 2021</completion_date>
  <primary_completion_date type="Anticipated">April 7, 2021</primary_completion_date>
  <study_type>Observational</study_type>
  <has_expanded_access>No</has_expanded_access>
  <study_design_info>
    <observational_model>Cohort</observational_model>
    <time_perspective>Prospective</time_perspective>
  </study_design_info>
  <primary_outcome>
    <measure>SAMBA COVID-19 POC PCR Test</measure>
    <time_frame>28 days</time_frame>
    <description>Measuring the diagnostic accuracy of the SAMBA II POC-sensitivity, specificity, positive predictive value (PPV), negative predictive value (NPV) tested against a dual composite reference standard</description>
  </primary_outcome>
  <secondary_outcome>
    <measure>Patient acceptability</measure>
    <time_frame>28 days</time_frame>
    <description>Evaluating the participant acceptability of the SAMBA swab intervention using a participant reported discomfort scale</description>
  </secondary_outcome>
  <secondary_outcome>
    <measure>Immune Response Positivity</measure>
    <time_frame>40 days</time_frame>
    <description>Time to positive IgM/IgG test positivity</description>
  </secondary_outcome>
  <number_of_groups>1</number_of_groups>
  <enrollment type="Anticipated">200</enrollment>
  <condition>Acute Disease</condition>
  <condition>Coronavirus</condition>
  <condition>Respiratory Viral Infection</condition>
  <arm_group>
    <arm_group_label>Research Participants (Patients)</arm_group_label>
    <description>Inpatients symptomatic of suspected COVID-19 Baseline swab of nose/throat, nasopharyx, or endotracheal tube aspirate. SAMBA II point of care test on this swab.&#xD;
Standard of care bloods taken for PHE and additional confirmatory diagnostic PCR assessment.&#xD;
Serum antibody tests on any excess blood tests during inpatient stay for immune response monitoring.&#xD;
Outcome assessment at 1 month</description>
  </arm_group>
  <intervention>
    <intervention_type>Diagnostic Test</intervention_type>
    <intervention_name>SAMBA II (Diagnostic for the Real World)</intervention_name>
    <description>Point of care Isothermal-PCR Viral RNA Amplication for virus detection</description>
    <arm_group_label>Research Participants (Patients)</arm_group_label>
  </intervention>
  <intervention>
    <intervention_type>Diagnostic Test</intervention_type>
    <intervention_name>Public Health England Gold Standard</intervention_name>
    <description>Reverse Transcription PCR</description>
    <arm_group_label>Research Participants (Patients)</arm_group_label>
  </intervention>
  <intervention>
    <intervention_type>Diagnostic Test</intervention_type>
    <intervention_name>Cambridge Validated Viral Detection Method</intervention_name>
    <description>Reverse Transcription PCR</description>
    <arm_group_label>Research Participants (Patients)</arm_group_label>
  </intervention>
  <intervention>
    <intervention_type>Diagnostic Test</intervention_type>
    <intervention_name>Radiological Detection</intervention_name>
    <description>Chest X-ray &amp; CT Scan detection of viral infection in the lungs</description>
    <arm_group_label>Research Participants (Patients)</arm_group_label>
    <other_name>Chest X-ray, CT Scan</other_name>
  </intervention>
  <biospec_retention>Samples Without DNA</biospec_retention>
  <biospec_descr>
    <textblock>
      Throat/Nasal Swab, Nasopharyngeal Swab, Endotracheal tube aspirate and whole blood-serum for&#xD;
      viral-RNA analysis&#xD;
    </textblock>
  </biospec_descr>
  <eligibility>
    <study_pop>
      <textblock>
        All patients who meet current PHE hospital inpatient definition of possible case of&#xD;
        COVID-19.&#xD;
      </textblock>
    </study_pop>
    <sampling_method>Non-Probability Sample</sampling_method>
    <criteria>
      <textblock>
        Inclusion Criteria:&#xD;
&#xD;
          -  16 years or above&#xD;
&#xD;
          -  Patient requiring hospital admission AND AT LEAST ONE OF&#xD;
&#xD;
          -  Clinical or Radiological evidence of pneumonia&#xD;
&#xD;
          -  Acute respiratory distress syndrome&#xD;
&#xD;
          -  Influenza like illness (defined as fever &gt;37.8oC and at least one of the following&#xD;
             respiratory symptoms, which much be of acute onset: persistent cough (with or without&#xD;
             sputum), hoarseness, nasal discharge or congestion, shortness of breath, sore throat,&#xD;
             wheezing, sneezing)&#xD;
&#xD;
        Exclusion Criteria:&#xD;
&#xD;
          -  Patients who have not had the standard PHE COVID-19 test applied&#xD;
&#xD;
          -  Unwilling or unable to comply with research swab of nose &amp; throat or tracheal fluid&#xD;
      </textblock>
    </criteria>
    <gender>All</gender>
    <minimum_age>16 Years</minimum_age>
    <maximum_age>N/A</maximum_age>
  </eligibility>
  <overall_official>
    <last_name>Ravindra Prof. Gupta, BMBCh</last_name>
    <role>Principal Investigator</role>
    <affiliation>University of Cambridge &amp; Cambridge University Hospitals NHS Foundation Trust</affiliation>
  </overall_official>
  <overall_contact>
    <last_name>Richard D. Skells, BSc.</last_name>
    <phone>01223 349707</phone>
    <phone_ext>349707</phone_ext>
    <email>richard.skells@addenbrookes.nhs.uk</email>
  </overall_contact>
  <overall_contact_backup>
    <last_name>CCTU Cancer</last_name>
    <phone>01223 216038</phone>
    <phone_ext>216083</phone_ext>
    <email>cctu.cancer@addenbrookes.nhs.uk</email>
  </overall_contact_backup>
  <location>
    <facility>
      <name>Cambridge University Hospitals NHS Foundation Trust</name>
      <address>
        <city>Cambridge</city>
        <state>Cambridgeshire</state>
        <zip>CB2 0QQ</zip>
        <country>United Kingdom</country>
      </address>
    </facility>
    <status>Recruiting</status>
    <contact>
      <last_name>Ravi K Gupta, PhD</last_name>
      <phone>07500792984</phone>
      <email>rkg20@cam.ac.uk</email>
    </contact>
    <contact_backup>
      <last_name>Dami Collier, MBBS</last_name>
      <phone>07888707113</phone>
      <email>d.collier@ucl.ac.uk</email>
    </contact_backup>
    <investigator>
      <last_name>Ravi Gupta, PhD</last_name>
      <role>Principal Investigator</role>
    </investigator>
    <investigator>
      <last_name>Dami Collier, MBBS</last_name>
      <role>Sub-Investigator</role>
    </investigator>
  </location>
  <location_countries>
    <country>United Kingdom</country>
  </location_countries>
  <verification_date>May 2020</verification_date>
  <study_first_submitted>March 26, 2020</study_first_submitted>
  <study_first_submitted_qc>March 27, 2020</study_first_submitted_qc>
  <study_first_posted type="Actual">March 30, 2020</study_first_posted>
  <last_update_submitted>May 15, 2020</last_update_submitted>
  <last_update_submitted_qc>May 15, 2020</last_update_submitted_qc>
  <last_update_posted type="Actual">May 18, 2020</last_update_posted>
  <responsible_party>
    <responsible_party_type>Sponsor-Investigator</responsible_party_type>
    <investigator_affiliation>Cambridge University Hospitals NHS Foundation Trust</investigator_affiliation>
    <investigator_full_name>CCTU- Cancer Theme</investigator_full_name>
    <investigator_title>Prof. Ravindra Gupta</investigator_title>
  </responsible_party>
  <keyword>Coronavirus</keyword>
  <keyword>COVID-19</keyword>
  <keyword>nCOV-2019</keyword>
  <condition_browse>
    <!-- CAUTION:  The following MeSH terms are assigned with an imperfect algorithm            -->
    <mesh_term>Coronavirus Infections</mesh_term>
    <mesh_term>Virus Diseases</mesh_term>
    <mesh_term>Acute Disease</mesh_term>
  </condition_browse>
  <patient_data>
    <sharing_ipd>Undecided</sharing_ipd>
  </patient_data>
  <!-- Results have not yet been posted for this study                                          -->
</clinical_study>

