<?xml version="1.0" encoding="UTF-8"?>
<clinical_study rank="3028">
  <!-- This xml conforms to an XML Schema at:
    https://clinicaltrials.gov/ct2/html/images/info/public.xsd -->
  <required_header>
    <download_date>ClinicalTrials.gov processed this data on February 08, 2021</download_date>
    <link_text>Link to the current ClinicalTrials.gov record.</link_text>
    <url>https://clinicaltrials.gov/show/NCT04252664</url>
  </required_header>
  <id_info>
    <org_study_id>CAP-China remdesivir 1</org_study_id>
    <nct_id>NCT04252664</nct_id>
  </id_info>
  <brief_title>A Trial of Remdesivir in Adults With Mild and Moderate COVID-19</brief_title>
  <official_title>A Phase 3 Randomized, Double-blind, Placebo-controlled Multicenter Study to Evaluate the Efficacy and Safety of Remdesivir in Hospitalized Adult Patients With Mild and Moderate COVID-19.</official_title>
  <sponsors>
    <lead_sponsor>
      <agency>Capital Medical University</agency>
      <agency_class>Other</agency_class>
    </lead_sponsor>
    <collaborator>
      <agency>Chinese Academy of Medical Sciences</agency>
      <agency_class>Other</agency_class>
    </collaborator>
  </sponsors>
  <source>Capital Medical University</source>
  <oversight_info>
    <has_dmc>Yes</has_dmc>
    <is_fda_regulated_drug>No</is_fda_regulated_drug>
    <is_fda_regulated_device>No</is_fda_regulated_device>
  </oversight_info>
  <brief_summary>
    <textblock>
      In December 2019, Wuhan, in Hubei province, China, became the center of an outbreak of&#xD;
      pneumonia of unknown cause. In a short time, Chinese scientists had shared the genome&#xD;
      information of a novel coronavirus (SARS-CoV-2) from these pneumonia patients and developed a&#xD;
      real-time reverse transcription PCR (real-time RT-PCR) diagnostic assay.&#xD;
&#xD;
      Given no specific antiviral therapy for COVID-19 and the availability of remdesvir as a&#xD;
      potential antiviral agent based on pre-clinical studies in SARS-CoV and MERS-CoV infections,&#xD;
      this randomized, controlled, double blind trial will evaluate the efficacy and safety of&#xD;
      remdesivir in patients hospitalized with mild or moderate COVID-19.&#xD;
    </textblock>
  </brief_summary>
  <detailed_description>
    <textblock>
      In December 2019, Wuhan, in Hubei province, China, became the center of an outbreak of&#xD;
      pneumonia of unknown cause. In a short time, Chinese scientists had shared the genome&#xD;
      information of a novel coronavirus (SARS-CoV-2) from these pneumonia patients and developed a&#xD;
      real-time reverse transcription PCR (real time RT-PCR) diagnostic assay.&#xD;
&#xD;
      Whilst the outbreak is likely to have started from a zoonotic transmission event associated&#xD;
      with a large seafood market that also traded in live wild animals, it soon became clear that&#xD;
      person-to-person transmission was also occurring. The number of cases of COVID-19 identified&#xD;
      in Wuhan increased markedly over the later part of January 2020, with cases identified in&#xD;
      multiple other Provinces of China and internationally. Mathematical models of the expansion&#xD;
      phase of the epidemic suggested that sustained person-to-person transmission is occurring,&#xD;
      and the R-zero is substantially above 1, the level required for a self-sustaining epidemic in&#xD;
      human populations.&#xD;
&#xD;
      The clinical spectrum of COVID-19 appears to be wide, encompassing asymptomatic infection, a&#xD;
      mild upper respiratory tract illness, and severe viral pneumonia with respiratory failure and&#xD;
      even death. Although the per infection risk of severe disease remains to be determined, and&#xD;
      may differ from the initial reports of 10-15%, the large number of cases in Wuhan has&#xD;
      resulted in a large number of patients hospitalised with pneumonia. Progression from&#xD;
      prodromal symptoms (usually fever, fatigue, cough) to severe pneumonia requiring&#xD;
      supplementary oxygen support, mechanical ventilation, or in some cases ECMO appears to occur&#xD;
      most commonly during the second week of illness in association with persistent viral RNA&#xD;
      detection. This provides a window of opportunity to test candidate antiviral therapeutics.&#xD;
&#xD;
      This new coronavirus, and previous experiences with SARS and MERS-CoV, highlight the need for&#xD;
      therapeutics for human coronavirus infections that can improve clinical outcomes, reduce risk&#xD;
      of disease progression, speed recovery, and reduce the requirements for intensive supportive&#xD;
      care and prolonged hospitalisation. In addition, treatments for mild cases to reduce the&#xD;
      duration of illness and infectivity may also be of value were COVID-19 to become pandemic&#xD;
      and/or endemic in human populations.&#xD;
&#xD;
      Given no specific antiviral therapy for COVID-19 and the availability of remdesvir as a&#xD;
      potential antiviral agent based on pre-clinical studies in SARS-CoV and MERS-CoV infections,&#xD;
      this randomized, controlled, double blind trial will evaluate the efficacy and safety of&#xD;
      remdesivir in patients hospitalized with mild or moderate COVID-19.&#xD;
    </textblock>
  </detailed_description>
  <overall_status>Suspended</overall_status>
  <why_stopped>
    The epidemic of COVID-19 has been controlled well at present, no eligible patients can be&#xD;
    recruitted.&#xD;
  </why_stopped>
  <start_date type="Actual">February 12, 2020</start_date>
  <completion_date type="Anticipated">April 27, 2020</completion_date>
  <primary_completion_date type="Anticipated">April 10, 2020</primary_completion_date>
  <phase>Phase 3</phase>
  <study_type>Interventional</study_type>
  <has_expanded_access>No</has_expanded_access>
  <study_design_info>
    <allocation>Randomized</allocation>
    <intervention_model>Parallel Assignment</intervention_model>
    <primary_purpose>Treatment</primary_purpose>
    <masking>Quadruple (Participant, Care Provider, Investigator, Outcomes Assessor)</masking>
  </study_design_info>
  <primary_outcome>
    <measure>Time to Clinical recoveryTime to Clinical Recovery (TTCR)</measure>
    <time_frame>up to 28 days</time_frame>
    <description>TTCR is defined as the time (in hours) from initiation of study treatment (active or placebo) until normalisation of fever, respiratory rate, and oxygen saturation, and alleviation of cough, sustained for at least 72 hours, or live hospital discharge, whichever comes first.&#xD;
Normalisation and alleviation criteria:&#xD;
Fever - &lt;37°C,&#xD;
Respiratory rate - ≤24/minute on room air,&#xD;
Oxygen saturation - &gt;94% on room air,&#xD;
Cough - mild or absent on a patient reported scale of severe, moderate, mild, absent.</description>
  </primary_outcome>
  <secondary_outcome>
    <measure>All cause mortality</measure>
    <time_frame>up to 28 days</time_frame>
    <description>baseline SpO2 during screening, PaO2/FiO2 &lt;300mmHg or a respiratory rate ≥ 24 breaths per min without supplemental oxygen</description>
  </secondary_outcome>
  <secondary_outcome>
    <measure>Frequency of respiratory progression</measure>
    <time_frame>up to 28 days</time_frame>
    <description>Defined as SPO2≤ 94% on room air or PaO2/FiO2 &lt;300mmHg and requirement for supplemental oxygen or more advanced ventilator support.</description>
  </secondary_outcome>
  <secondary_outcome>
    <measure>Time to defervescence (in those with fever at enrolment)</measure>
    <time_frame>up to 28 days</time_frame>
  </secondary_outcome>
  <secondary_outcome>
    <measure>Time to cough reported as mild or absent (in those with cough at enrolment rated severe or moderate)</measure>
    <time_frame>up to 28 days</time_frame>
  </secondary_outcome>
  <secondary_outcome>
    <measure>Time to dyspnea reported as mild or absent (on a scale of severe, moderate, mild absent, in those with dyspnoea at enrolment rated as severe or moderate,)</measure>
    <time_frame>up to 28 days</time_frame>
  </secondary_outcome>
  <secondary_outcome>
    <measure>Frequency of requirement for supplemental oxygen or non-invasive ventilation</measure>
    <time_frame>up to 28 days</time_frame>
  </secondary_outcome>
  <secondary_outcome>
    <measure>Time to 2019-nCoV RT-PCR negative in upper respiratory tract specimen</measure>
    <time_frame>up to 28 days</time_frame>
  </secondary_outcome>
  <secondary_outcome>
    <measure>Change (reduction) in 2019-nCoV viral load in upper respiratory tract specimen as assessed by area under viral load curve.</measure>
    <time_frame>up to 28 days</time_frame>
  </secondary_outcome>
  <secondary_outcome>
    <measure>Frequency of requirement for mechanical ventilation</measure>
    <time_frame>up to 28 days</time_frame>
  </secondary_outcome>
  <secondary_outcome>
    <measure>Frequency of serious adverse events</measure>
    <time_frame>up to 28 days</time_frame>
  </secondary_outcome>
  <number_of_arms>2</number_of_arms>
  <enrollment type="Anticipated">308</enrollment>
  <condition>COVID-19</condition>
  <condition>SARS-CoV-2</condition>
  <arm_group>
    <arm_group_label>Remdesivir group</arm_group_label>
    <arm_group_type>Experimental</arm_group_type>
    <description>active remdesivir</description>
  </arm_group>
  <arm_group>
    <arm_group_label>Control group</arm_group_label>
    <arm_group_type>Placebo Comparator</arm_group_type>
    <description>Placebos matched remdesivir</description>
  </arm_group>
  <intervention>
    <intervention_type>Drug</intervention_type>
    <intervention_name>Remdesivir</intervention_name>
    <description>RDV 200 mg loading dose on day 1 is given, followed by 100 mg iv once-daily maintenance doses for 9 days.</description>
    <arm_group_label>Remdesivir group</arm_group_label>
    <other_name>GS-5734</other_name>
  </intervention>
  <intervention>
    <intervention_type>Drug</intervention_type>
    <intervention_name>Remdesivir placebo</intervention_name>
    <description>RDV placebo 200 mg loading dose on day 1 is given, followed by 100 mg iv once-daily maintenance doses for 9 days.</description>
    <arm_group_label>Control group</arm_group_label>
  </intervention>
  <eligibility>
    <criteria>
      <textblock>
        Inclusion Criteria:&#xD;
&#xD;
          1. Age ≥18 years at time of signing Informed Consent Form&#xD;
&#xD;
          2. Laboratory (RT-PCR) confirmed COVID-19.&#xD;
&#xD;
          3. Lung involvement confirmed with chest imaging&#xD;
&#xD;
          4. Hospitalised with:&#xD;
&#xD;
               -  Fever - ≥36.7℃ -axilla or Oral temperature ≥ 38.0 ℃ or ≥38.6°C tympanic or rectal&#xD;
                  or&#xD;
&#xD;
               -  And at least one of Respiratory rate &gt;24/min Or Cough&#xD;
&#xD;
          5. ≤8 days since illness onset&#xD;
&#xD;
          6. Willingness of study participant to accept randomization to any assigned treatment&#xD;
             arm.&#xD;
&#xD;
          7. Must agree not to enroll in another study of an investigational agent prior to&#xD;
             completion of Day 28 of study.&#xD;
&#xD;
        Exclusion Criteria:&#xD;
&#xD;
          1. Physician makes a decision that trial involvement is not in patients' best interest,&#xD;
             or any condition that does not allow the protocol to be followed safely.&#xD;
&#xD;
          2. Severe liver disease (e.g. Child Pugh score ≥ C, AST&gt;5 times upper limit)&#xD;
&#xD;
          3. SaO2/SPO2≤94% in room air condition, or the Pa02/Fi02 ratio &lt;300mgHg&#xD;
&#xD;
          4. Known allergic reaction to remdesivir&#xD;
&#xD;
          5. Patients with known severe renal impairment (estimated glomerular filtration rate ≤30&#xD;
             mL/min/1.73 m2) or receiving continuous renal replacement therapy, hemodialysis,&#xD;
             peritoneal dialysis&#xD;
&#xD;
          6. Pregnant or breastfeeding, or positive pregnancy test in a predose examination&#xD;
&#xD;
          7. Will be transferred to another hospital which is not the study site within 72 hours.&#xD;
&#xD;
          8. Receipt of any experimental treatment for COVID-19 within the 30 days prior to the&#xD;
             time of the screening evaluation.&#xD;
      </textblock>
    </criteria>
    <gender>All</gender>
    <minimum_age>18 Years</minimum_age>
    <maximum_age>N/A</maximum_age>
    <healthy_volunteers>No</healthy_volunteers>
  </eligibility>
  <location>
    <facility>
      <name>Jin Yin-tan hospital</name>
      <address>
        <city>Wuhan</city>
        <state>Hubei</state>
        <zip>100013</zip>
        <country>China</country>
      </address>
    </facility>
  </location>
  <location_countries>
    <country>China</country>
  </location_countries>
  <verification_date>April 2020</verification_date>
  <study_first_submitted>January 31, 2020</study_first_submitted>
  <study_first_submitted_qc>January 31, 2020</study_first_submitted_qc>
  <study_first_posted type="Actual">February 5, 2020</study_first_posted>
  <last_update_submitted>April 13, 2020</last_update_submitted>
  <last_update_submitted_qc>April 13, 2020</last_update_submitted_qc>
  <last_update_posted type="Actual">April 15, 2020</last_update_posted>
  <responsible_party>
    <responsible_party_type>Principal Investigator</responsible_party_type>
    <investigator_affiliation>China-Japan Friendship Hospital</investigator_affiliation>
    <investigator_full_name>Bin Cao</investigator_full_name>
    <investigator_title>Professor</investigator_title>
  </responsible_party>
  <patient_data>
    <sharing_ipd>Undecided</sharing_ipd>
  </patient_data>
  <!-- Results have not yet been posted for this study                                          -->
</clinical_study>

