<?xml version="1.0" encoding="UTF-8"?>
<clinical_study rank="4478">
  <!-- This xml conforms to an XML Schema at:
    https://clinicaltrials.gov/ct2/html/images/info/public.xsd -->
  <required_header>
    <download_date>ClinicalTrials.gov processed this data on February 08, 2021</download_date>
    <link_text>Link to the current ClinicalTrials.gov record.</link_text>
    <url>https://clinicaltrials.gov/show/NCT04260308</url>
  </required_header>
  <id_info>
    <org_study_id>IRBID:TJ-C 20200107</org_study_id>
    <nct_id>NCT04260308</nct_id>
  </id_info>
  <brief_title>A Survey of Psychological Status of Medical Workers and Residents in the Context of 2019 Novel Coronavirus Pneumonia</brief_title>
  <official_title>A Survey of Psychological Status of Medical Workers and Residents in the Context of 2019 Novel Coronavirus Pneumonia in Wuhan, China</official_title>
  <sponsors>
    <lead_sponsor>
      <agency>Huazhong University of Science and Technology</agency>
      <agency_class>Other</agency_class>
    </lead_sponsor>
  </sponsors>
  <source>Huazhong University of Science and Technology</source>
  <oversight_info>
    <has_dmc>No</has_dmc>
    <is_fda_regulated_drug>No</is_fda_regulated_drug>
    <is_fda_regulated_device>No</is_fda_regulated_device>
  </oversight_info>
  <brief_summary>
    <textblock>
      Due to the outbreak of 2019 Novel Coronavirus Pneumonia in Wuhan, Hubei province, medical&#xD;
      staff and residents are facing great psychological pressure, the investigator plan to use&#xD;
      electronic questionnaire to carry out investigation research.&#xD;
    </textblock>
  </brief_summary>
  <detailed_description>
    <textblock>
      From December 2019, 12 cases of new coronavirus pneumonia broke out in Wuhan, and then the&#xD;
      epidemic spread rapidly. Till February 1, 2020, there were 14446 confirmed cases in China,&#xD;
      19544 suspected cases, and 304 deaths. There were confirmed cases reported in 34 provincial&#xD;
      administrative regions in China; 23 foreign countries reported new coronavirus pneumonia&#xD;
      cases, 147 confirmed cases. In the face of the rapid spread of the epidemic, people's panic&#xD;
      and anxiety have seriously affected the prevention and control of the epidemic. In the face&#xD;
      of the occupational exposure risk and treatment brought by the sudden outbreak of the&#xD;
      epidemic, the change of mental state of medical staff may affect the prevention and control&#xD;
      of the epidemic. In order to help the epidemic prevention and control, the investigator plan&#xD;
      to carry out investigation research.&#xD;
    </textblock>
  </detailed_description>
  <overall_status>Recruiting</overall_status>
  <start_date type="Actual">February 3, 2020</start_date>
  <completion_date type="Anticipated">April 20, 2020</completion_date>
  <primary_completion_date type="Anticipated">April 15, 2020</primary_completion_date>
  <study_type>Observational</study_type>
  <has_expanded_access>No</has_expanded_access>
  <study_design_info>
    <observational_model>Case-Only</observational_model>
    <time_perspective>Prospective</time_perspective>
  </study_design_info>
  <primary_outcome>
    <measure>GHQ-12(general health questionnaire-12)</measure>
    <time_frame>2 weeks</time_frame>
    <description>GHQ-12(general health questionnaire-12): minimal score 0, maximal score 12, higher scores mean a better or worse outcome.</description>
  </primary_outcome>
  <secondary_outcome>
    <measure>IES-R(Impact of Event Scale-Revised)</measure>
    <time_frame>2 weeks</time_frame>
    <description>IES-R(Impact of Event Scale-Revised):score range:0-88, the higher the worse</description>
  </secondary_outcome>
  <number_of_groups>2</number_of_groups>
  <enrollment type="Anticipated">30000</enrollment>
  <condition>Virus; Pneumonia</condition>
  <arm_group>
    <arm_group_label>residents</arm_group_label>
    <description>Voluntary residents&#xD;
Can use mobile phone or computer</description>
  </arm_group>
  <arm_group>
    <arm_group_label>medical staff</arm_group_label>
    <description>Voluntary residents&#xD;
Can use mobile phone or computer</description>
  </arm_group>
  <eligibility>
    <study_pop>
      <textblock>
        medical staff and residents of China who is volunteer to take part in the investigation&#xD;
      </textblock>
    </study_pop>
    <sampling_method>Probability Sample</sampling_method>
    <criteria>
      <textblock>
        Inclusion Criteria:&#xD;
&#xD;
          -  can use mobil phone or computer&#xD;
&#xD;
          -  volunteer to take part in the investigation&#xD;
&#xD;
        Exclusion Criteria:&#xD;
&#xD;
          -  can not use phone or computer&#xD;
&#xD;
          -  unwilling to take part in the investigation&#xD;
      </textblock>
    </criteria>
    <gender>All</gender>
    <minimum_age>N/A</minimum_age>
    <maximum_age>N/A</maximum_age>
    <healthy_volunteers>Accepts Healthy Volunteers</healthy_volunteers>
  </eligibility>
  <overall_contact>
    <last_name>Yuhong Dai</last_name>
    <phone>+86 13476229575</phone>
    <email>eier_dai@163.com</email>
  </overall_contact>
  <location>
    <facility>
      <name>Tongji Hospital，Tongji Medical College Affiliated，Huazhong University of Science ＆ Technology</name>
      <address>
        <city>Wuhan</city>
        <state>Hubei</state>
        <zip>430030</zip>
        <country>China</country>
      </address>
    </facility>
    <status>Recruiting</status>
    <contact>
      <last_name>Yuhong Dai</last_name>
      <phone>+86 13476229575</phone>
      <email>eier_dai@163.com</email>
    </contact>
  </location>
  <location_countries>
    <country>China</country>
  </location_countries>
  <verification_date>February 2020</verification_date>
  <study_first_submitted>February 3, 2020</study_first_submitted>
  <study_first_submitted_qc>February 5, 2020</study_first_submitted_qc>
  <study_first_posted type="Actual">February 7, 2020</study_first_posted>
  <last_update_submitted>February 5, 2020</last_update_submitted>
  <last_update_submitted_qc>February 5, 2020</last_update_submitted_qc>
  <last_update_posted type="Actual">February 7, 2020</last_update_posted>
  <responsible_party>
    <responsible_party_type>Principal Investigator</responsible_party_type>
    <investigator_affiliation>Huazhong University of Science and Technology</investigator_affiliation>
    <investigator_full_name>Xianglin Yuan</investigator_full_name>
    <investigator_title>professor</investigator_title>
  </responsible_party>
  <condition_browse>
    <!-- CAUTION:  The following MeSH terms are assigned with an imperfect algorithm            -->
    <mesh_term>Pneumonia, Viral</mesh_term>
    <mesh_term>Pneumonia</mesh_term>
  </condition_browse>
  <patient_data>
    <sharing_ipd>No</sharing_ipd>
  </patient_data>
  <!-- Results have not yet been posted for this study                                          -->
</clinical_study>

