<?xml version="1.0" encoding="UTF-8"?>
<clinical_study rank="1848">
  <!-- This xml conforms to an XML Schema at:
    https://clinicaltrials.gov/ct2/html/images/info/public.xsd -->
  <required_header>
    <download_date>ClinicalTrials.gov processed this data on February 08, 2021</download_date>
    <link_text>Link to the current ClinicalTrials.gov record.</link_text>
    <url>https://clinicaltrials.gov/show/NCT04331795</url>
  </required_header>
  <id_info>
    <org_study_id>IRB20-0515</org_study_id>
    <nct_id>NCT04331795</nct_id>
  </id_info>
  <brief_title>Tocilizumab to Prevent Clinical Decompensation in Hospitalized, Non-critically Ill Patients With COVID-19 Pneumonitis</brief_title>
  <acronym>COVIDOSE</acronym>
  <official_title>Early Institution of Tocilizumab Titration in Non-Critical Hospitalized COVID-19 Pneumonitis</official_title>
  <sponsors>
    <lead_sponsor>
      <agency>University of Chicago</agency>
      <agency_class>Other</agency_class>
    </lead_sponsor>
  </sponsors>
  <source>University of Chicago</source>
  <oversight_info>
    <is_fda_regulated_drug>Yes</is_fda_regulated_drug>
    <is_fda_regulated_device>No</is_fda_regulated_device>
    <is_us_export>No</is_us_export>
  </oversight_info>
  <brief_summary>
    <textblock>
      Coronavirus disease-2019 (COVID-19) has a quoted inpatient mortality as high as 25%. This&#xD;
      high mortality may be driven by hyperinflammation resembling cytokine release syndrome (CRS),&#xD;
      offering the hope that therapies targeting the interleukin-6 (IL-6) axis therapies commonly&#xD;
      used to treat CRS can be used to reduce COVID-19 mortality. Retrospective analysis of severe&#xD;
      to critical COVID-19 patients receiving tocilizumab demonstrated that the majority of&#xD;
      patients had rapid resolution (i.e., within 24-72 hours following administration) of both&#xD;
      clinical and biochemical signs (fever and CRP, respectively) of hyperinflammation with only a&#xD;
      single tocilizumab dose.&#xD;
&#xD;
      Hypotheses:&#xD;
&#xD;
        1. Tocilizumab is effective in decreasing signs, symptoms, and laboratory evidence of&#xD;
           COVID-19 pneumonitis in hospitalized, non-critically ill patients with clinical risk&#xD;
           factors for clinical decompensation, intensive care utilization, and death.&#xD;
&#xD;
        2. Low-dose tocilizumab is effective in decreasing signs, symptoms, and laboratory evidence&#xD;
           of COVID-19 pneumonitis in hospitalized, non-critically ill patients with and without&#xD;
           clinical risk factors for clinical decompensation, intensive care utilization, and&#xD;
           death.&#xD;
&#xD;
      Objectives:&#xD;
&#xD;
        1. To establish proof of concept that tocilizumab is effective in decreasing signs,&#xD;
           symptoms, and laboratory evidence of COVID-19 pneumonitis in hospitalized,&#xD;
           non-critically ill patients with clinical risk factors for clinical decompensation,&#xD;
           intensive care utilization, and death, as determined by the clinical outcome of&#xD;
           resolution of fever and the biochemical outcome measures of time to CRP normalization&#xD;
           for the individual patient and the rate of patients whose CRP normalize.&#xD;
&#xD;
        2. To establish proof of concept that low-dose tocilizumab is effective in decreasing&#xD;
           signs, symptoms, and laboratory evidence of COVID-19 pneumonitis in hospitalized,&#xD;
           non-critically ill patients without clinical risk factors for clinical decompensation,&#xD;
           intensive care utilization, and death, as determined by the clinical outcome of&#xD;
           resolution of fever and the biochemical outcome measures of time to CRP normalization&#xD;
           for the individual patient and the rate of patients whose CRP normalize.&#xD;
    </textblock>
  </brief_summary>
  <overall_status>Completed</overall_status>
  <start_date type="Actual">April 4, 2020</start_date>
  <completion_date type="Actual">June 5, 2020</completion_date>
  <primary_completion_date type="Actual">June 5, 2020</primary_completion_date>
  <phase>Phase 2</phase>
  <study_type>Interventional</study_type>
  <has_expanded_access>No</has_expanded_access>
  <study_design_info>
    <allocation>Non-Randomized</allocation>
    <intervention_model>Single Group Assignment</intervention_model>
    <primary_purpose>Treatment</primary_purpose>
    <masking>None (Open Label)</masking>
  </study_design_info>
  <primary_outcome>
    <measure>Clinical response</measure>
    <time_frame>Assessed for the 24 hour period after tocilizumab administration</time_frame>
    <description>Tmax Response: Resolution of fever (from Tmax &gt; 38C in 24H period to Tmax &lt; 38C in following 24H period, with Tmax measured by commonly accepted clinical methods [forehead, tympanic, oral, axillary, rectal]). Maximum temperature within 24-hour period of time (0:00-23:59) on the day prior to, day of, and every 24 hours after tocilizumab administration. The primary endpoint is absence of Tmax greater than or equal to 38ºC in the 24-hour period following tocilizumab administration.</description>
  </primary_outcome>
  <primary_outcome>
    <measure>Biochemical response</measure>
    <time_frame>Assessed every 24 hours during patient's hospitalization, up to 4 weeks after tocilizumab administration</time_frame>
    <description>CRP normalization rate: Calculated as the ratio of the number of patients who achieve normal CRP value following tocilizumab administration and total number of patients who receive tocilizumab.&#xD;
Time to CRP normalization: Calculated as the number of hours between tocilizumab administration and first normal CRP value.</description>
  </primary_outcome>
  <secondary_outcome>
    <measure>Overall survival</measure>
    <time_frame>28 days</time_frame>
    <description>28-Day Overall Survival is defined as the status of the patient at the end of 28 days, beginning from the time of the first dose of tocilizumab.</description>
  </secondary_outcome>
  <secondary_outcome>
    <measure>Survival to hospital discharge</measure>
    <time_frame>Hospitalization, up to 4 weeks after tocilizumab administration</time_frame>
    <description>This will be defined as the percentage of patients who are discharged in stable condition compared to the percentage of patients who die in the hospital. Patients who are discharged to hospice will be excluded from this calculation.</description>
  </secondary_outcome>
  <secondary_outcome>
    <measure>Progression of COVID-19 pneumonitis</measure>
    <time_frame>Hospitalization, up to 4 weeks after tocilizumab administration</time_frame>
    <description>This will be a binary outcome defined by worsening COVID-19 pneumonitis resulting in transition from clinical Group A or Group B COVID-19 pneumonitis to critical COVID-19 pneumonitis during the course of the patient's COVID-19 infection. This diagnosis will be determined by treating physicians on the basis of worsening pulmonary infiltrates on chest imaging as well as clinical deterioration marked by persistent fever, rising supplemental oxygen requirement, declining PaO2/FiO2 ratio, and the need for intensive care such as mechanical ventilation or vasopressor/inotrope medication(s).</description>
  </secondary_outcome>
  <secondary_outcome>
    <measure>Rate of non-elective mechanical ventilation</measure>
    <time_frame>Hospitalization, up to 4 weeks after tocilizumab administration</time_frame>
    <description>This will be a binary outcome defined as worsening COVID-19 disease resulting in the use of non-invasive (BiPap, heated high-flow nasal cannula) or invasive positive pressure ventilation during the course of the patient's COVID-19 infection. For patients admitted to the hospital using non-invasive mechanical ventilation, the utilization of mechanical ventilation will count toward this metric, as well. Calculated as the ratio of the number of patients who require non-invasive or invasive positive pressure ventilation during hospitalization and total number of patients who receive tocilizumab.</description>
  </secondary_outcome>
  <secondary_outcome>
    <measure>Duration of mechanical ventilation</measure>
    <time_frame>Hospitalization, up to 4 weeks after tocilizumab administration</time_frame>
    <description>This will be a continuous outcome defined by the amount of time between initiation and cessation of mechanical ventilation (invasive and non-invasive).</description>
  </secondary_outcome>
  <secondary_outcome>
    <measure>Time to mechanical ventilation</measure>
    <time_frame>Assessed over hospitalization, up to 4 weeks after tocilizumab administration</time_frame>
    <description>This will be a continuous outcome defined by the amount of time between tocilizumab dose administration and the initiation of mechanical ventilation. This will be treated as a time-to-event with possible censoring.</description>
  </secondary_outcome>
  <secondary_outcome>
    <measure>Rate of vasopressor/inotrope utilization</measure>
    <time_frame>Hospitalization, up to 4 weeks after tocilizumab administration</time_frame>
    <description>This will be a binary outcome defined as utilization of any vasopressor or inotropic medication during the course of the patient's COVID-19 infection. Calculated as the ratio of the number of patients who require vasopressor or inotrope medication during hospitalization and total number of patients who receive tocilizumab.</description>
  </secondary_outcome>
  <secondary_outcome>
    <measure>Duration of vasopressor/inotrope utilization</measure>
    <time_frame>Hospitalization, up to 4 weeks after tocilizumab administration</time_frame>
    <description>This will be a continuous outcome defined by the amount of time between initiation of first and cessation of last vasopressor or inotrope medication(s).</description>
  </secondary_outcome>
  <secondary_outcome>
    <measure>Time to vasopressor or inotropic utilization</measure>
    <time_frame>Assessed over hospitalization, up to 4 weeks after tocilizumab administration</time_frame>
    <description>This will be a continuous outcome defined by the amount of time between first tocilizumab dose administration and the initiation of vasopressor or inotropic medication(s). This will be treated as a time-to-event with possible censoring.</description>
  </secondary_outcome>
  <secondary_outcome>
    <measure>Number of ICU days</measure>
    <time_frame>Hospitalization, up to 4 weeks after tocilizumab administration</time_frame>
    <description>Number of ICU days is defined as the time period when a patient is admitted to the ICU (defined as the timestamp on the first vital signs collected in an ICU) until they are transferred from the ICU to a non-ICU setting such as a general acute care bed (defined as the timestamp on the first vital signs collected outside an ICU, excepting any &quot;off the floor&quot; vital signs charted from operating rooms or procedure or imaging suites). Death in the ICU will be a competing risk.</description>
  </secondary_outcome>
  <secondary_outcome>
    <measure>Duration of Increased Supplemental Oxygen Requirement from Baseline</measure>
    <time_frame>Assessed over hospitalization, up to 4 weeks after tocilizumab administration</time_frame>
    <description>Duration of increased supplemental oxygen requirement from baseline is defined as the time period (number of days) during which the participant requires supplemental oxygen in excess of his/her baseline supplemental oxygen requirement. The supplemental oxygen requirement is defined as the highest liters-per-minute flow of supplemental oxygen required by the patient each day over the course of the hospitalization.</description>
  </secondary_outcome>
  <number_of_arms>2</number_of_arms>
  <enrollment type="Actual">32</enrollment>
  <condition>COVID-19</condition>
  <arm_group>
    <arm_group_label>Group A</arm_group_label>
    <arm_group_type>Experimental</arm_group_type>
    <description>Hospitalized, non-critically ill patients with COVID-19 pneumonitis with risk factors for decompensation</description>
  </arm_group>
  <arm_group>
    <arm_group_label>Group B</arm_group_label>
    <arm_group_type>Experimental</arm_group_type>
    <description>Hospitalized, non-critically ill patients with COVID-19 pneumonitis without risk factors for decompensation</description>
  </arm_group>
  <intervention>
    <intervention_type>Drug</intervention_type>
    <intervention_name>Tocilizumab</intervention_name>
    <description>Group A: Tocilizumab (beginning dose 200mg) Single dose is provisioned, patient is eligible to receive up to two doses, with re-evaluation of clinical and biochemical responses performed every 24 hours.&#xD;
Second dose is provisioned if:&#xD;
Increasing supplemental oxygen requirement or Tmax higher than baseline in the 24h following initial tocilizumab administration AND&#xD;
CRP decrease is &lt; 25% at 24 hours following tocilizumab administration and CRP &gt; 40mg/L</description>
    <arm_group_label>Group A</arm_group_label>
  </intervention>
  <intervention>
    <intervention_type>Drug</intervention_type>
    <intervention_name>Tocilizumab</intervention_name>
    <description>Group B: Low-dose tocilizumab (beginning dose 80mg) Single dose is provisioned, patient is eligible to receive up to two doses, with re-evaluation of clinical and biochemical responses performed every 24 hours.&#xD;
Second dose is provisioned if:&#xD;
Increasing supplemental oxygen requirement or Tmax higher than baseline in the 24h following initial tocilizumab administration AND&#xD;
CRP decrease is &lt; 25% at 24 hours following tocilizumab administration and CRP &gt; 40mg/L</description>
    <arm_group_label>Group B</arm_group_label>
  </intervention>
  <eligibility>
    <criteria>
      <textblock>
        Inclusion Criteria:&#xD;
&#xD;
          -  Adults ≥ 18 years of age&#xD;
&#xD;
          -  Approval from the patient's primary service&#xD;
&#xD;
          -  Admitted as an inpatient to University of Chicago Medicine&#xD;
&#xD;
          -  Fever, documented in electronic medical record and defined as: T ≥ 38*C by any&#xD;
             conventional clinical method (forehead, tympanic, oral, axillary, rectal)&#xD;
&#xD;
          -  Positive test for active SARS-CoV-2 infection&#xD;
&#xD;
          -  Radiographic evidence of infiltrates on chest radiograph (CXR) or computed tomography&#xD;
             (CT)&#xD;
&#xD;
          -  Ability to provide written informed consent on the part of the subject or, in the&#xD;
             absence of decisional capacity of the subject, an appropriate surrogate (e.g. a&#xD;
             legally authorized representative).&#xD;
&#xD;
        Exclusion Criteria:&#xD;
&#xD;
          -  Concurrent use of invasive mechanical ventilation (patients receiving non-invasive&#xD;
             mechanical ventilation [CPAP, BiPap, HHFNC] are eligible)&#xD;
&#xD;
          -  Concurrent use of vasopressor or inotropic medications&#xD;
&#xD;
          -  Previous receipt of tocilizumab or another anti-IL6R or IL-6 inhibitor.&#xD;
&#xD;
          -  Known history of hypersensitivity to tocilizumab.&#xD;
&#xD;
          -  Patients who are actively being considered for a study of an antiviral agent that&#xD;
             would potentially exclude concurrent enrollment on this study.&#xD;
&#xD;
          -  Patients actively receiving an investigational antiviral agent in the context of a&#xD;
             clinical research study.&#xD;
&#xD;
          -  Diagnosis of end-stage liver disease or listed for liver transplant.&#xD;
&#xD;
          -  Elevation of AST or ALT in excess of 5 times the upper limit of normal.&#xD;
&#xD;
          -  Neutropenia (Absolute neutrophil count &lt; 500/uL).&#xD;
&#xD;
          -  Thrombocytopenia (Platelets &lt; 50,000/uL).&#xD;
&#xD;
          -  On active therapy with a biologic immunosuppressive agent, which include the following&#xD;
             biologics and any biosimilar versions thereof:&#xD;
&#xD;
          -  Alemtuzumab&#xD;
&#xD;
          -  Blinatumomab&#xD;
&#xD;
          -  Brentuximab&#xD;
&#xD;
          -  Daratumumab&#xD;
&#xD;
          -  Elotuzumab&#xD;
&#xD;
          -  Ibritumomab&#xD;
&#xD;
          -  Obinutuzumab&#xD;
&#xD;
          -  Ofatumumab&#xD;
&#xD;
          -  Ocrelizumab&#xD;
&#xD;
          -  Rituximab&#xD;
&#xD;
          -  Inotuzumab&#xD;
&#xD;
          -  Gemtuzumab&#xD;
&#xD;
          -  Tositumumab&#xD;
&#xD;
          -  Moxetumomab&#xD;
&#xD;
          -  Polatuzumab&#xD;
&#xD;
          -  Abatacept&#xD;
&#xD;
          -  Adalimumab&#xD;
&#xD;
          -  Belimumab&#xD;
&#xD;
          -  Certolizumab&#xD;
&#xD;
          -  Eculizumab&#xD;
&#xD;
          -  Etanercept&#xD;
&#xD;
          -  Golimumab&#xD;
&#xD;
          -  Infliximab&#xD;
&#xD;
          -  Ixekizumab&#xD;
&#xD;
          -  Rituximab&#xD;
&#xD;
          -  Sarilumab&#xD;
&#xD;
          -  Secukinumab&#xD;
&#xD;
          -  Tocilizumab&#xD;
&#xD;
          -  Ustekinumab&#xD;
&#xD;
          -  On active therapy with a JAK2-targeted agent, which include the following:&#xD;
&#xD;
          -  Tofacitinib&#xD;
&#xD;
          -  Baricitinib&#xD;
&#xD;
          -  Upadacitinib&#xD;
&#xD;
          -  Ruxolitinib&#xD;
&#xD;
          -  History of bone marrow transplantation or solid organ transplant.&#xD;
&#xD;
          -  Known history of Hepatitis B or Hepatitis C.&#xD;
&#xD;
          -  Known history of mycobacterium tuberculosis infection at risk for reactivation.&#xD;
&#xD;
          -  Known history of gastrointestinal perforation or active diverticulitis.&#xD;
&#xD;
          -  Multi-organ failure as determined by primary treating team&#xD;
&#xD;
          -  Any other documented serious, active infection besides COVID-19.&#xD;
&#xD;
          -  Pregnant patients&#xD;
&#xD;
          -  Patients who are unable to discontinue scheduled antipyretic medications, either as&#xD;
             monotherapy (e.g., acetaminophen or ibuprofen [aspirin is acceptable]) or as part of&#xD;
             combination therapy (e.g., hydrocodone/acetaminophen, aspirin/acetaminophen/caffeine&#xD;
             [Excedrin®])&#xD;
&#xD;
          -  CRP &lt; 40 mg/L (or ug/mL)&#xD;
&#xD;
        Patients will be assigned to Group A if:&#xD;
&#xD;
        ● C-reactive protein (CRP) ≥ 75 ug/mL&#xD;
&#xD;
        AND&#xD;
&#xD;
        Any one of the following criteria are met:&#xD;
&#xD;
          -  Previous ICU admission&#xD;
&#xD;
          -  Previous non-elective intubation&#xD;
&#xD;
          -  Admission for heart failure exacerbation within the past 12 months&#xD;
&#xD;
          -  History of percutaneous coronary intervention (PCI)&#xD;
&#xD;
          -  History of coronary artery bypass graft (CABG) surgery&#xD;
&#xD;
          -  Diagnosis of pulmonary hypertension&#xD;
&#xD;
          -  Baseline requirement for supplemental O2&#xD;
&#xD;
          -  Diagnosis of interstitial lung disease (ILD)&#xD;
&#xD;
          -  Admission for chronic obstructive pulmonary disease (COPD) exacerbation within the&#xD;
             past 12 months&#xD;
&#xD;
          -  Asthma with use of daily inhaled corticosteroid&#xD;
&#xD;
          -  History of pneumonectomy or lobectomy&#xD;
&#xD;
          -  History of radiation therapy to the lung&#xD;
&#xD;
          -  History of HIV&#xD;
&#xD;
          -  Cancer of any stage and receiving active treatment (excluding hormonal therapy)&#xD;
&#xD;
          -  Any history of diagnosed immunodeficiency&#xD;
&#xD;
          -  End-stage renal disease (ESRD) requiring peritoneal or hemodialysis&#xD;
&#xD;
          -  History of cerebrovascular accident with residual, patient-reported neurologic deficit&#xD;
&#xD;
          -  BMI &gt;30 kg/m2&#xD;
&#xD;
          -  Supplemental O2 requirement &gt; 6L in the 24 hours prior to enrollment and tocilizumab&#xD;
             administration&#xD;
&#xD;
        All other eligible patients assigned to Group B&#xD;
      </textblock>
    </criteria>
    <gender>All</gender>
    <minimum_age>18 Years</minimum_age>
    <maximum_age>N/A</maximum_age>
    <healthy_volunteers>No</healthy_volunteers>
  </eligibility>
  <overall_official>
    <last_name>Pankti Reid, MD, MPH</last_name>
    <role>Principal Investigator</role>
    <affiliation>University of Chicago, Department of Medicine, Section of Rheumatology</affiliation>
  </overall_official>
  <location>
    <facility>
      <name>University of Chicago Medicine</name>
      <address>
        <city>Chicago</city>
        <state>Illinois</state>
        <zip>60637</zip>
        <country>United States</country>
      </address>
    </facility>
  </location>
  <location_countries>
    <country>United States</country>
  </location_countries>
  <link>
    <url>https://www.medrxiv.org/content/10.1101/2020.07.20.20157503v1</url>
    <description>Pre-print of COVIDOSE trial results</description>
  </link>
  <verification_date>June 2020</verification_date>
  <study_first_submitted>April 1, 2020</study_first_submitted>
  <study_first_submitted_qc>April 1, 2020</study_first_submitted_qc>
  <study_first_posted type="Actual">April 2, 2020</study_first_posted>
  <last_update_submitted>July 30, 2020</last_update_submitted>
  <last_update_submitted_qc>July 30, 2020</last_update_submitted_qc>
  <last_update_posted type="Actual">August 3, 2020</last_update_posted>
  <responsible_party>
    <responsible_party_type>Sponsor</responsible_party_type>
  </responsible_party>
  <condition_browse>
    <!-- CAUTION:  The following MeSH terms are assigned with an imperfect algorithm            -->
    <mesh_term>Pneumonia</mesh_term>
  </condition_browse>
  <patient_data>
    <sharing_ipd>No</sharing_ipd>
  </patient_data>
  <!-- Results have not yet been posted for this study                                          -->
</clinical_study>

