<?xml version="1.0" encoding="UTF-8"?>
<clinical_study rank="4035">
  <!-- This xml conforms to an XML Schema at:
    https://clinicaltrials.gov/ct2/html/images/info/public.xsd -->
  <required_header>
    <download_date>ClinicalTrials.gov processed this data on February 08, 2021</download_date>
    <link_text>Link to the current ClinicalTrials.gov record.</link_text>
    <url>https://clinicaltrials.gov/show/NCT04323345</url>
  </required_header>
  <id_info>
    <org_study_id>MUST23032020</org_study_id>
    <nct_id>NCT04323345</nct_id>
  </id_info>
  <brief_title>Efficacy of Natural Honey Treatment in Patients With Novel Coronavirus</brief_title>
  <official_title>The Efficacy of Natural Honey in Patients Infected With Novel Coronavirus (COVID-19) : A Randomized, Controlled ,Single Masked , Investigator Initiated, Multi-center Trial</official_title>
  <sponsors>
    <lead_sponsor>
      <agency>Misr University for Science and Technology</agency>
      <agency_class>Other</agency_class>
    </lead_sponsor>
  </sponsors>
  <source>Misr University for Science and Technology</source>
  <oversight_info>
    <has_dmc>Yes</has_dmc>
    <is_fda_regulated_drug>No</is_fda_regulated_drug>
    <is_fda_regulated_device>No</is_fda_regulated_device>
  </oversight_info>
  <brief_summary>
    <textblock>
      The novel coronavirus disease 2019 (COVID-19) caused by severe acute respiratory syndrome&#xD;
      coronavirus 2 (SARS CoV-2) has been discovered recently in December 2019 from wuhan city in&#xD;
      China to spread in more than 40 countries allover the world. This disease has gain the&#xD;
      attention of all nations after it has been stated as a pandemic by the World Health&#xD;
      Organization (WHO) in March 12, 2020. Currently no treatment has been proved to be efficient&#xD;
      in the treatment of infected patients by COVID-19. Natural honey has been demonstrated as&#xD;
      potent antimicrobial in many research investigations and has been considered a good&#xD;
      alternative for antiviral drugs for the treatment of some viral infections. The investigators&#xD;
      aim to study the efficacy of natural honey in the treatment of COVID-19 patients in this&#xD;
      randomized , multicenter, controlled trial, comparing honey in one arm to standard care in&#xD;
      the other arm.&#xD;
    </textblock>
  </brief_summary>
  <detailed_description>
    <textblock>
      The (SARS CoV-2) virus is spreading globally, threatening all healthcare systems. Many&#xD;
      healthcare systems and organizations are using different protocols and measures to fight the&#xD;
      COVID-19. Hydroxychloroquine, lopinavir and other antiviral medications are currently under&#xD;
      research investigations. Natural honey has been well known for its high health properties in&#xD;
      diabetes, nutrition, dyslipidemia, skin lesions and it got FDA approval for topical wound&#xD;
      treatment in 2007 as the most potent antimicrobial agent. Honey has been previously&#xD;
      considered as an alternative for acyclovir in the treatment of herpes simplex virus 1 (HSV-1)&#xD;
      and it also demonstrated for its significant antiviral effect against varicella zoster virus&#xD;
      (VZV). Many studies have demonstrated the broad spectrum antimicrobial effect of honey as an&#xD;
      antibacterial, anti fungal, antiviral and antimycobacterial. The National Institute for&#xD;
      Health and Care Excellence (NICE) and the Public Health England (PHE) guidelines recommended&#xD;
      honey as a first line of treatment for acute cough caused by upper respiratory tract&#xD;
      infection which is currently a cornerstone symptom in COVID-19 infectious disease. Moreover,&#xD;
      natural honey should no longer be used as &quot;alternative&quot; and deserves to gain more attention&#xD;
      by scientists and researchers. The aim of this trial is to study the efficacy of natural&#xD;
      honey in treatment of patients infected with COVID-19 in comparison with current standard&#xD;
      care.&#xD;
&#xD;
      Methods:&#xD;
&#xD;
      This will be a randomized , multi center, double armed clinical trial, patients will be&#xD;
      randomly assigned to two groups on 1:1 basis. Natural honey group will include patients&#xD;
      receiving standard care and added intervention in the form of natural honey in a dose of&#xD;
      1gm/kg/day (previously used safely in small studies) divided into 2 to 3 doses for continuous&#xD;
      14 days. The other arm is the arm receiving the standard care according to the center&#xD;
      protocol.&#xD;
&#xD;
      Our primary outcome is days for recovery using the parameters: turning from positive to&#xD;
      negative swaps, days from fever to no fever and lung inflammation recovery in x ray or CT,&#xD;
      our secondary outcome is the 30 days mortality rate. Data will be collected and statistically&#xD;
      managed using STATA blindly from who received the intervention.&#xD;
    </textblock>
  </detailed_description>
  <overall_status>Recruiting</overall_status>
  <start_date type="Anticipated">April 15, 2020</start_date>
  <completion_date type="Anticipated">January 15, 2021</completion_date>
  <primary_completion_date type="Anticipated">December 15, 2020</primary_completion_date>
  <phase>Phase 3</phase>
  <study_type>Interventional</study_type>
  <has_expanded_access>No</has_expanded_access>
  <study_design_info>
    <allocation>Randomized</allocation>
    <intervention_model>Parallel Assignment</intervention_model>
    <primary_purpose>Treatment</primary_purpose>
    <masking>Single (Investigator)</masking>
  </study_design_info>
  <primary_outcome>
    <measure>Rate of recovery from positive to negative swaps</measure>
    <time_frame>14 days</time_frame>
    <description>Percentage of patients turned from positive to negative swaps at day 14</description>
  </primary_outcome>
  <primary_outcome>
    <measure>Fever to normal temperature in days</measure>
    <time_frame>14 days</time_frame>
    <description>Number of days till no fever</description>
  </primary_outcome>
  <primary_outcome>
    <measure>Resolution of lung inflammation in CT or X ray</measure>
    <time_frame>30 days</time_frame>
    <description>Number of days till lungs recovery in chest X ray or CT</description>
  </primary_outcome>
  <secondary_outcome>
    <measure>30 days mortality rate</measure>
    <time_frame>30 days</time_frame>
    <description>mortality rate in each group at 30 days</description>
  </secondary_outcome>
  <secondary_outcome>
    <measure>Number of days till reaching negative swab results</measure>
    <time_frame>30 days</time_frame>
    <description>Number of days from initiation of intervention till changing of the swap test result from positive to negative</description>
  </secondary_outcome>
  <number_of_arms>2</number_of_arms>
  <enrollment type="Anticipated">1000</enrollment>
  <condition>COVID-19</condition>
  <arm_group>
    <arm_group_label>Natural Honey Group</arm_group_label>
    <arm_group_type>Experimental</arm_group_type>
    <description>Natural Honey&#xD;
1gm/kg/day divided into 2 to 3 doses for 14 days in addition to standard care</description>
  </arm_group>
  <arm_group>
    <arm_group_label>Standard Care</arm_group_label>
    <arm_group_type>Active Comparator</arm_group_type>
    <description>Current standard care including supportive measures and lopinavir/ritonavir tablets or Arbidol or chloroquine phosphate or Hydroxychloroquine or oseltamivir with or without azithromycin.</description>
  </arm_group>
  <intervention>
    <intervention_type>Dietary Supplement</intervention_type>
    <intervention_name>Natural Honey</intervention_name>
    <description>Natural Honey supplement 1gm/kg/day divided into 2 to 3 doses for 14 days either orally or through nasogastric tube.</description>
    <arm_group_label>Natural Honey Group</arm_group_label>
  </intervention>
  <intervention>
    <intervention_type>Other</intervention_type>
    <intervention_name>Standard Care</intervention_name>
    <description>Supportive measures and lopinavir/ritonavir tablets or Arbidol or chloroquine phosphate or Hydroxychloroquine or oseltamivir with or without azithromycin.</description>
    <arm_group_label>Natural Honey Group</arm_group_label>
    <arm_group_label>Standard Care</arm_group_label>
  </intervention>
  <eligibility>
    <criteria>
      <textblock>
        Inclusion Criteria:&#xD;
&#xD;
          -  Meeting the criteria for diagnosis of COVID-19, either clinically or as confirmed by&#xD;
             positive swap.&#xD;
&#xD;
        Exclusion Criteria:&#xD;
&#xD;
          -  Children below 5 years old. Severely ill patients with either terminal disease. Nil&#xD;
             per os (NPO) patients with contraindication to nasogastric tube feeding.&#xD;
      </textblock>
    </criteria>
    <gender>All</gender>
    <minimum_age>5 Years</minimum_age>
    <maximum_age>75 Years</maximum_age>
    <healthy_volunteers>No</healthy_volunteers>
  </eligibility>
  <overall_official>
    <last_name>Mahmoud Tantawy, MD</last_name>
    <role>Study Chair</role>
    <affiliation>Misr University for Science and Technology</affiliation>
  </overall_official>
  <location>
    <facility>
      <name>Mahmoud Tantawy</name>
      <address>
        <city>Cairo</city>
        <country>Egypt</country>
      </address>
    </facility>
    <status>Recruiting</status>
    <contact>
      <last_name>Mahmoud Tantawy, MD</last_name>
      <phone>+201221865587</phone>
      <email>drmtantawy@yahoo.com</email>
    </contact>
    <contact_backup>
      <last_name>Mahmoud Tantawy, MD</last_name>
      <email>drmtantawy@icloud.com</email>
    </contact_backup>
  </location>
  <location_countries>
    <country>Egypt</country>
  </location_countries>
  <link>
    <url>https://www.ncbi.nlm.nih.gov/pubmed/22419319</url>
    <description>Honey for acute cough in children</description>
  </link>
  <link>
    <url>https://www.nice.org.uk/guidance/ng120/chapter/Summary-of-the-evidence</url>
    <description>NICE Guidelines (NG120)</description>
  </link>
  <link>
    <url>https://doi.org/10.1155/2019/2464507</url>
    <description>Antibacterial potency of Honey</description>
  </link>
  <link>
    <url>https://link.springer.com/article/10.1007%2FBF02850228</url>
    <description>The scolicidal effects of honey</description>
  </link>
  <link>
    <url>https://doi.org/10.1097/MJT.0b013e318293b09b</url>
    <description>Antimicrobial properties of honey</description>
  </link>
  <link>
    <url>https://www.transbiomedicine.com/translational-biomedicine/in-vitro-antiviral-activity-of-honey-against-varicella-zoster-virus-vzv-a-translational-medicine-study-for-potential-remedy-for-shingles.php?aid=2493</url>
    <description>In vitro antiviral activity of honey against varicella zoster virus (VZV): A translational medicine study for potential remedy for shingles</description>
  </link>
  <link>
    <url>https://www.woundsresearch.com/article/antiviral-activities-honey-royal-jelly-and-acyclovir-against-hsv-1</url>
    <description>Antiviral Activities of Honey, Royal Jelly, and Acyclovir Against HSV-1</description>
  </link>
  <link>
    <url>https://www.ncbi.nlm.nih.gov/pmc/articles/PMC4837971/</url>
    <description>Therapeutic Manuka Honey: No Longer So Alternative</description>
  </link>
  <link>
    <url>https://www.ncbi.nlm.nih.gov/pubmed/?term=pieper+b+honey+based</url>
    <description>Honey-based dressings and wound care: an option for care in the United States</description>
  </link>
  <verification_date>April 2020</verification_date>
  <study_first_submitted>March 23, 2020</study_first_submitted>
  <study_first_submitted_qc>March 24, 2020</study_first_submitted_qc>
  <study_first_posted type="Actual">March 26, 2020</study_first_posted>
  <last_update_submitted>April 18, 2020</last_update_submitted>
  <last_update_submitted_qc>April 18, 2020</last_update_submitted_qc>
  <last_update_posted type="Actual">April 21, 2020</last_update_posted>
  <responsible_party>
    <responsible_party_type>Principal Investigator</responsible_party_type>
    <investigator_affiliation>Misr University for Science and Technology</investigator_affiliation>
    <investigator_full_name>Mahmoud Ahmed Tantawy</investigator_full_name>
    <investigator_title>Consultant Cardiologist, Sr. Researcher, Health Strategist, Health Economist &amp; Administrator</investigator_title>
  </responsible_party>
  <keyword>Coronavirus</keyword>
  <keyword>Natural Honey</keyword>
  <condition_browse>
    <!-- CAUTION:  The following MeSH terms are assigned with an imperfect algorithm            -->
    <mesh_term>Coronavirus Infections</mesh_term>
  </condition_browse>
  <patient_data>
    <sharing_ipd>No</sharing_ipd>
  </patient_data>
  <!-- Results have not yet been posted for this study                                          -->
</clinical_study>

