<?xml version="1.0" encoding="UTF-8"?>
<clinical_study rank="2495">
  <!-- This xml conforms to an XML Schema at:
    https://clinicaltrials.gov/ct2/html/images/info/public.xsd -->
  <required_header>
    <download_date>ClinicalTrials.gov processed this data on February 08, 2021</download_date>
    <link_text>Link to the current ClinicalTrials.gov record.</link_text>
    <url>https://clinicaltrials.gov/show/NCT04322487</url>
  </required_header>
  <id_info>
    <org_study_id>0013226/20</org_study_id>
    <nct_id>NCT04322487</nct_id>
  </id_info>
  <brief_title>Simple, Safe, Same: Lung Ultrasound for COVID-19</brief_title>
  <acronym>LUSCOVID19</acronym>
  <official_title>Proposal for International Standardization of the Use of Lung Ultrasound for COVID-19 Patients; a Simple, Quantitative, Reproducible Method</official_title>
  <sponsors>
    <lead_sponsor>
      <agency>Catholic University of the Sacred Heart</agency>
      <agency_class>Other</agency_class>
    </lead_sponsor>
    <collaborator>
      <agency>Valle del Serchio General Hospital, Lucca, Italy</agency>
      <agency_class>Other</agency_class>
    </collaborator>
    <collaborator>
      <agency>University of Trento, Trento, Italy</agency>
      <agency_class>Other</agency_class>
    </collaborator>
    <collaborator>
      <agency>Fondazione IRCCS Policlinico San Matteo, University of Pavia, Pavia, Italy</agency>
      <agency_class>Other</agency_class>
    </collaborator>
    <collaborator>
      <agency>Bresciamed, Brescia, Italy</agency>
      <agency_class>Other</agency_class>
    </collaborator>
    <collaborator>
      <agency>118 USL Nordovest Toscana, Lucca, Italy</agency>
      <agency_class>Other</agency_class>
    </collaborator>
    <collaborator>
      <agency>General Hospital, Voghera, Italy</agency>
      <agency_class>Other</agency_class>
    </collaborator>
    <collaborator>
      <agency>Lodi General Hospital, Lodi, Italy</agency>
      <agency_class>Other</agency_class>
    </collaborator>
  </sponsors>
  <source>Catholic University of the Sacred Heart</source>
  <oversight_info>
    <has_dmc>Yes</has_dmc>
    <is_fda_regulated_drug>No</is_fda_regulated_drug>
    <is_fda_regulated_device>No</is_fda_regulated_device>
  </oversight_info>
  <brief_summary>
    <textblock>
      Growing evidences are showing the usefulness of lung ultrasound in patients with COVID-19.&#xD;
      Sars-CoV-2 has now spread in almost every country in the world. In this study, the&#xD;
      investigators share their experience and propose a standardized approach in order to optimize&#xD;
      the use of lung ultrasound in covid-19 patients. The investigators focus on equipment,&#xD;
      procedure, classification and data-sharing.&#xD;
    </textblock>
  </brief_summary>
  <detailed_description>
    <textblock>
      COVID-19 global emergency need a global unified approach, speaking all researchers the same&#xD;
      language. For this reason, the investigators propose a standardization for the international&#xD;
      use of lung ultrasound (LUS) for the management of COVID-19 patients.&#xD;
&#xD;
      The LUS COVID-team is made by Italian experts in lung ultrasound currently involved in the&#xD;
      clinical management of COVID-19 patients in different Italian areas, including the heavily&#xD;
      involved cities of Northern Italy. Moreover, experts in ultrasound physics and image analysis&#xD;
      are part of the team.&#xD;
&#xD;
      The team developed a standardized approach regarding equipment and acquisition protocol.&#xD;
      Moreover, the team proposed a scoring system for severity classification. To this aim,&#xD;
      clinicians shared 20 cases of confirmed COVID-19 on an anonymized virtual database, for a&#xD;
      total of about 44000 frames up to date. All team members discussed their clinical cases&#xD;
      through online meetings. Images were reviewed by all team members, blinded to the clinical&#xD;
      background, and listed in classes of severity of lung involvement based on LUS images. At the&#xD;
      end of this process, a biomedical engineer expert in lung ultrasound collected the data and&#xD;
      suggested a lung ultrasound grading system for COVID-19 pneumonia. Again, the biomedical&#xD;
      engineer re-submitted the images grouped in different classes of severity to the study&#xD;
      members, blinded of clinical data, to review again the images and evaluated agreement&#xD;
      regarding the LUS scores. The score was defined only when all team members agreed.&#xD;
&#xD;
      Methods In the setting of COVID-19, wireless probe and tablets represent the most appropriate&#xD;
      ultrasound equipment. These devices can easily be wrapped in single use plastic covers&#xD;
      reducing the risk of contamination and making easy the sterilization procedures. Such devices&#xD;
      are much less expensive than usual ultrasound machines including the portable ones.&#xD;
&#xD;
      In case of unavailability of these devices, portable machines dedicated to the exclusive use&#xD;
      of COVID-19 patients can be used, although maximum care for sterilization is necessary. In&#xD;
      these cases, probe and keyboard covers are anyway suggested, and sterilization procedures&#xD;
      necessary following last recommendations.&#xD;
&#xD;
      Sharing their real world experience in performing LUS in COVID-19 patients, the investigators&#xD;
      propose two different ways of performing lung ultrasound with pocket devices aiming to reduce&#xD;
      the exposition of health workers to cases.&#xD;
&#xD;
      One operator uses the probe performing the ultrasound; the other one keeps the tablet and&#xD;
      freezes images/videos. The second operator can be either in the room being at safe distance&#xD;
      from the patient (about 2 meters), or even remain outside the door communicating by&#xD;
      phone-call with the operator one in order to optimize the quality of images. Potentially,&#xD;
      this last approach can reduce the operator-dependence of the ultrasound since the second&#xD;
      operator blindly selects the images, being unaware of the clinical conditions of the patient.&#xD;
      The two operators will follow an agreed, tested and standardized images acquisition protocol.&#xD;
&#xD;
      Acquisition protocol Fourteen areas (three posterior, two lateral and two anterior) should be&#xD;
      scanned per patient along the lines here indicated. Scans need to be intercostal, as to cover&#xD;
      the widest surface possible with one scan.&#xD;
&#xD;
      Standard sequence of evaluations is proposed using landmarks on chest anatomic lines.&#xD;
      Echographic scans can be identified with a progressive numbering starting from right&#xD;
      posterior basal regions. For patient able to maintain the sitting position:&#xD;
&#xD;
        1. Right basal on paravertebral line above the curtain sign&#xD;
&#xD;
        2. Right middle on paravertebral line at the inferior angle of shoulder blade&#xD;
&#xD;
        3. Right upper on paravertebral line at spine of shoulder blade&#xD;
&#xD;
        4. Left basal on paravertebral line above the curtain sign&#xD;
&#xD;
        5. Left middle on paravertebral line at the inferior angle of shoulder blade&#xD;
&#xD;
        6. Left upper on paravertebral line at spine of shoulder blade&#xD;
&#xD;
        7. Right basal on mid-axillary line below the internipple line&#xD;
&#xD;
        8. Right upper on mid axillary line above the internipple line&#xD;
&#xD;
        9. Left basal on mid-axillary line below the internipple line&#xD;
&#xD;
       10. Left upper on mid axillary line above the internipple line&#xD;
&#xD;
       11. Right basal on mid-clavicular line below the internipple line&#xD;
&#xD;
       12. Right upper on mid-clavicular line above the internipple line&#xD;
&#xD;
       13. Left basal on mid-clavicular line below the internipple line&#xD;
&#xD;
       14. Left upper on mid-clavicular line above the internipple line&#xD;
&#xD;
      In case of performance of LUS in critical care settings (such as patients on invasive&#xD;
      ventilation) and for patients that are not able to maintain sitting position, the posterior&#xD;
      areas might be difficult to be evaluated. In these cases, the operator should try to have a&#xD;
      partial view of the posterior basal areas, currently considered a &quot;hot-area&quot; for COVID-19,&#xD;
      and however, start echographic assessment from landmark number 7.&#xD;
&#xD;
        -  Use Convex or Linear probes, according to the patient's body size&#xD;
&#xD;
        -  Use single focal point modality (no multifocusing), setting the focal point on the&#xD;
           pleura line. Employing a single focal point, and setting it at the right location, has&#xD;
           the benefit to optimize the beam shape for sensing the lung surface. At focus, the beam&#xD;
           has the smallest width as is therefore set to best respond to the smallest details.&#xD;
&#xD;
        -  Keep the mechanical index (MI) low (start from 0.7 and reduce it further if allowed by&#xD;
           the visual findings). High MIs, employed for a long observation time, may result in&#xD;
           damaging the lung.&#xD;
&#xD;
        -  Avoid as much as possible saturation phenomena, control gain and diminish MI if needed&#xD;
           (see example of lung ultrasound images in the figures). Saturation phenomena occurs,&#xD;
           e.g., when the signal streght of the echo signals is too high for the receiving&#xD;
           electronics to be converted into electrical signals conserving a linear relation with&#xD;
           the pressure amplitude. This has the effect of distorting the signals, and produces&#xD;
           images where the dynamics of the actual signal is lost. The visual appearance of this&#xD;
           phenomenon is the presence of areas which are completely white. In this case it is&#xD;
           therefore not possible to appreciate local variations in the response to&#xD;
           insonifications.&#xD;
&#xD;
        -  Avoid the use of cosmetic filters and specific imaging modalities such as Harmonic&#xD;
           Imaging, Contrast, Doppler, Compounding.&#xD;
&#xD;
        -  Achieve the highest frame rate possible (e.g. no persistence, no multifocusing)&#xD;
&#xD;
        -  Save the data in DICOM format. In case this is not possible, save the data directly as a&#xD;
           video format. Visual findings, especially when related to very small alterations, do not&#xD;
           appear on every frame. It is thus advantageous to acquire movies, where the lung surface&#xD;
           below the landmark can be monitored for few seconds during breathing.&#xD;
&#xD;
      Scoring procedures&#xD;
&#xD;
        -  Score 0: The pleura line is continuous, regular. Horizontal artifacts (A-line) are&#xD;
           present. These artifacts are generally referred as A-lines. They are due to the&#xD;
           high-reflectivity of the normally aerated lung surface, and characterize the visual&#xD;
           representation of the multiple reflections happening between the ultrasound probe and&#xD;
           the lung surface itself.&#xD;
&#xD;
        -  Score 1: The pleura line is indented. Below the indent, vertical areas of white are&#xD;
           visible. These are due to local alterations in the acoustical properties of the lung, as&#xD;
           for example the replacement of volumes previously occupied by air in favor of media&#xD;
           which are acoustically much more similar to the intercostal tissue (water, blood,&#xD;
           tissue). This phenomenon opens channels accessible to ultrasound, which can explain the&#xD;
           appearance of the vertical artifacts.&#xD;
&#xD;
        -  Score 2: The pleura line is broken. Below the breaking point, small to large&#xD;
           consolidated areas (darker areas) appear with associated areas of white below the&#xD;
           consolidated area (white lung).&#xD;
&#xD;
      The darkening of the consolidated areas signals the loss of aeration and the transition of&#xD;
      these areas towards acoustic properties similar to soft tissue over the entire area&#xD;
      represented by the consolidation itself. Beyond the consolidations, the appearance of areas&#xD;
      of white lung signals the presence of areas not yet fully deaerated, where air inclusions are&#xD;
      still present but embedded in tissue like material. This highly scattering environment can&#xD;
      explain this peculiar pattern.&#xD;
&#xD;
      - Score 3: The scanned area shows dense and largely extended white lung with or without&#xD;
      larger consolidations.&#xD;
&#xD;
      At the end of the procedure, the clinician will write for each area the highest score&#xD;
      obtained (e.g quadrant 1, score 2; quadrant 10, score 1; and so on).&#xD;
    </textblock>
  </detailed_description>
  <overall_status>Recruiting</overall_status>
  <start_date type="Actual">April 8, 2020</start_date>
  <completion_date type="Anticipated">January 15, 2021</completion_date>
  <primary_completion_date type="Anticipated">December 31, 2020</primary_completion_date>
  <study_type>Observational</study_type>
  <has_expanded_access>No</has_expanded_access>
  <study_design_info>
    <observational_model>Case-Only</observational_model>
    <time_perspective>Prospective</time_perspective>
  </study_design_info>
  <primary_outcome>
    <measure>Lung ultrasound grading system for COVID-19 pneumonia</measure>
    <time_frame>At enrollment.</time_frame>
    <description>Scoring procedures&#xD;
Score 0: The pleura line is continuous, regular. Horizontal artifacts (A-line) are present. These artifacts are generally referred as A-lines.&#xD;
Score 1: The pleura line is indented. Below the indent, vertical areas of white are visible.&#xD;
Score 2: The pleura line is broken. Below the breaking point, small to large consolidated areas (darker areas) appear with associated areas of white below the consolidated area (white lung).&#xD;
Score 3: The scanned area shows dense and largely extended white lung with or without larger consolidations At the end of the procedure, the clinician will write for each area the highest score obtained.</description>
  </primary_outcome>
  <enrollment type="Anticipated">100</enrollment>
  <condition>Coronavirus</condition>
  <condition>Epidemic Disease</condition>
  <condition>Pneumonia, Viral</condition>
  <intervention>
    <intervention_type>Diagnostic Test</intervention_type>
    <intervention_name>Lung ultrasound</intervention_name>
    <description>A proposal of a standardized approach in order to optimize the use of lung ultrasound in COVID-19 patients. We focus on equipment, procedure, classification and data-sharing.</description>
  </intervention>
  <eligibility>
    <study_pop>
      <textblock>
        Suspected or known COVID-19 patients.&#xD;
      </textblock>
    </study_pop>
    <sampling_method>Non-Probability Sample</sampling_method>
    <criteria>
      <textblock>
        Inclusion Criteria:&#xD;
&#xD;
          -  suspected COVID-19 patients,&#xD;
&#xD;
          -  known COVID-19 patients.&#xD;
&#xD;
        Exclusion Criteria:&#xD;
&#xD;
          -  confirmed disease different from COVID-19.&#xD;
      </textblock>
    </criteria>
    <gender>All</gender>
    <minimum_age>N/A</minimum_age>
    <maximum_age>N/A</maximum_age>
    <healthy_volunteers>No</healthy_volunteers>
  </eligibility>
  <overall_official>
    <last_name>Riccardo Inchingolo, MD, PhD</last_name>
    <role>Principal Investigator</role>
    <affiliation>Fondazione Policlinico Universitario Gemelli IRCCS, Roma, Italy</affiliation>
  </overall_official>
  <overall_official>
    <last_name>Andrea Smargiassi, MD, PhD</last_name>
    <role>Principal Investigator</role>
    <affiliation>Fondazione Policlinico Universitario Gemelli IRCCS, Roma, Italy</affiliation>
  </overall_official>
  <overall_official>
    <last_name>Libertario Demi, PhD</last_name>
    <role>Principal Investigator</role>
    <affiliation>Dept. of Information Engineering and Computer Science, University of Trento, Italy</affiliation>
  </overall_official>
  <overall_official>
    <last_name>Gino Soldati, MD</last_name>
    <role>Study Director</role>
    <affiliation>Diagnostic and Interventional Ultrasound Unit, Valle del Serchio Hospital, Lucca, Italy</affiliation>
  </overall_official>
  <overall_contact>
    <last_name>Libertario Demi, PhD</last_name>
    <phone>00390461283942</phone>
    <email>libertario.demi@unitn.it</email>
  </overall_contact>
  <overall_contact_backup>
    <last_name>Gino Soldati, MD</last_name>
    <email>soldatigino@yahoo.it</email>
  </overall_contact_backup>
  <location>
    <facility>
      <name>Bresciamed</name>
      <address>
        <city>Brescia</city>
        <country>Italy</country>
      </address>
    </facility>
    <status>Recruiting</status>
    <contact>
      <last_name>Elena Torri, MD</last_name>
      <email>elena.torri@gmail.com</email>
    </contact>
    <investigator>
      <last_name>Elena Torri, MD</last_name>
      <role>Principal Investigator</role>
    </investigator>
  </location>
  <location>
    <facility>
      <name>Pulmonary Medicine Unit, Lodi General Hospital</name>
      <address>
        <city>Lodi</city>
        <country>Italy</country>
      </address>
    </facility>
    <status>Not yet recruiting</status>
    <contact>
      <last_name>Francesco Tursi, MD</last_name>
      <email>francesco.tursi@asst-lodi.it</email>
    </contact>
    <investigator>
      <last_name>Francesco Tursi, MD</last_name>
      <role>Principal Investigator</role>
    </investigator>
  </location>
  <location>
    <facility>
      <name>118 USL Nordovest Toscana</name>
      <address>
        <city>Lucca</city>
        <country>Italy</country>
      </address>
    </facility>
    <status>Recruiting</status>
    <contact>
      <last_name>Alberto Mariani, MD</last_name>
      <email>albertomariani4@virgilio.it</email>
    </contact>
    <investigator>
      <last_name>Alberto Mariani, MD</last_name>
      <role>Principal Investigator</role>
    </investigator>
  </location>
  <location>
    <facility>
      <name>Diagnostic and Interventional Ultrasound Unit, Valle del Serchio General Hospital</name>
      <address>
        <city>Lucca</city>
        <country>Italy</country>
      </address>
    </facility>
    <status>Active, not recruiting</status>
  </location>
  <location>
    <facility>
      <name>Emergency Department, Fondazione IRCCS Policlinico San Matteo, and Department of Internal Medicine and Therapeutics, University of Pavia</name>
      <address>
        <city>Pavia</city>
        <country>Italy</country>
      </address>
    </facility>
    <status>Recruiting</status>
    <contact>
      <last_name>Tiziano Perrone, MD</last_name>
      <email>tiziano.perrone76@gmail.com</email>
    </contact>
    <investigator>
      <last_name>Tiziano Perrone, MD</last_name>
      <role>Principal Investigator</role>
    </investigator>
    <investigator>
      <last_name>Domenica Federica Briganti, MD</last_name>
      <role>Principal Investigator</role>
    </investigator>
    <investigator>
      <last_name>Stefano Perlini, MD</last_name>
      <role>Principal Investigator</role>
    </investigator>
  </location>
  <location>
    <facility>
      <name>Department of woman and child health and public health, Fondazione Policlinico Universitario A. Gemelli IRCCS</name>
      <address>
        <city>Roma</city>
        <zip>00168</zip>
        <country>Italy</country>
      </address>
    </facility>
    <status>Recruiting</status>
    <contact>
      <last_name>Danilo Buonsenso, MD</last_name>
      <email>danilobuonsenso@gmail.com</email>
    </contact>
    <investigator>
      <last_name>Danilo Buonsenso, MD</last_name>
      <role>Principal Investigator</role>
    </investigator>
  </location>
  <location>
    <facility>
      <name>Pulmonary Medicine Unit, Dept. Medical and Surgical Sciences, Fondazione Policlinico Universitario A. Gemelli IRCCS</name>
      <address>
        <city>Roma</city>
        <zip>00168</zip>
        <country>Italy</country>
      </address>
    </facility>
    <status>Recruiting</status>
    <contact>
      <last_name>Riccardo Inchingolo, MD, PhD</last_name>
      <email>riccardo.inchingolo@policlinicogemelli.it</email>
    </contact>
    <contact_backup>
      <last_name>Andrea Smargiassi, MD, PhD</last_name>
      <email>andrea.smargiassi@policlinicogemelli.it</email>
    </contact_backup>
    <investigator>
      <last_name>Riccardo Inchingolo, MD, PhD</last_name>
      <role>Principal Investigator</role>
    </investigator>
    <investigator>
      <last_name>Andrea Smargiassi, MD, PhD</last_name>
      <role>Principal Investigator</role>
    </investigator>
  </location>
  <location>
    <facility>
      <name>Department of Information Engineering and Computer Science, Ultrasound Laboratory Trento, University of Trento</name>
      <address>
        <city>Trento</city>
        <country>Italy</country>
      </address>
    </facility>
    <status>Active, not recruiting</status>
  </location>
  <location>
    <facility>
      <name>Emergency Medicine Unit, General Hospital</name>
      <address>
        <city>Voghera</city>
        <country>Italy</country>
      </address>
    </facility>
    <status>Not yet recruiting</status>
    <contact>
      <last_name>Elisa Eleonora Mossolani, MD</last_name>
      <email>elisa_mossolani@asst-pavia.it</email>
    </contact>
    <investigator>
      <last_name>Elisa Eleonora Mossolani, MD</last_name>
      <role>Principal Investigator</role>
    </investigator>
  </location>
  <location_countries>
    <country>Italy</country>
  </location_countries>
  <verification_date>April 2020</verification_date>
  <study_first_submitted>March 23, 2020</study_first_submitted>
  <study_first_submitted_qc>March 24, 2020</study_first_submitted_qc>
  <study_first_posted type="Actual">March 26, 2020</study_first_posted>
  <last_update_submitted>April 15, 2020</last_update_submitted>
  <last_update_submitted_qc>April 15, 2020</last_update_submitted_qc>
  <last_update_posted type="Actual">April 17, 2020</last_update_posted>
  <responsible_party>
    <responsible_party_type>Principal Investigator</responsible_party_type>
    <investigator_affiliation>Catholic University of the Sacred Heart</investigator_affiliation>
    <investigator_full_name>Riccardo Inchingolo</investigator_full_name>
    <investigator_title>Principal Investigator</investigator_title>
  </responsible_party>
  <keyword>COVID-19</keyword>
  <keyword>Lung ultrasound</keyword>
  <keyword>Score</keyword>
  <keyword>Acquisition protocol</keyword>
  <keyword>International standardization</keyword>
  <keyword>SARS-CoV-2</keyword>
  <keyword>Pneumonia, viral</keyword>
  <condition_browse>
    <!-- CAUTION:  The following MeSH terms are assigned with an imperfect algorithm            -->
    <mesh_term>Pneumonia, Viral</mesh_term>
    <mesh_term>Pneumonia</mesh_term>
  </condition_browse>
  <!-- Results have not yet been posted for this study                                          -->
</clinical_study>

