<?xml version="1.0" encoding="UTF-8"?>
<clinical_study rank="4641">
  <!-- This xml conforms to an XML Schema at:
    https://clinicaltrials.gov/ct2/html/images/info/public.xsd -->
  <required_header>
    <download_date>ClinicalTrials.gov processed this data on February 08, 2021</download_date>
    <link_text>Link to the current ClinicalTrials.gov record.</link_text>
    <url>https://clinicaltrials.gov/show/NCT04055376</url>
  </required_header>
  <id_info>
    <org_study_id>1903763319</org_study_id>
    <nct_id>NCT04055376</nct_id>
  </id_info>
  <brief_title>Daily Light and Sound Stimulation to Improve Brain Functions in Alzheimer's Disease</brief_title>
  <official_title>Chronic Treatment of Alzheimer's Disease With Gamma Frequency Stimulation</official_title>
  <sponsors>
    <lead_sponsor>
      <agency>Massachusetts Institute of Technology</agency>
      <agency_class>Other</agency_class>
    </lead_sponsor>
  </sponsors>
  <source>Massachusetts Institute of Technology</source>
  <oversight_info>
    <is_fda_regulated_drug>No</is_fda_regulated_drug>
    <is_fda_regulated_device>Yes</is_fda_regulated_device>
    <is_unapproved_device>Yes</is_unapproved_device>
  </oversight_info>
  <brief_summary>
    <textblock>
      In this trial, the safety and effect of daily exposure to light and sound stimulation on&#xD;
      people with mild Alzheimer's Disease (AD) will be studied.&#xD;
&#xD;
      COVID-19 Amendment: Due to the ongoing suspension of all in-person humans subject research&#xD;
      across MIT in response to the COVID-19 pandemic, all enrolled participants who have not&#xD;
      completed their 6-month visit will have their visit postponed to 9 months with a follow up at&#xD;
      18 months. Subjects who have completed their 6-month visit will still be instructed to&#xD;
      continue and return at Month 12 for an evaluation.&#xD;
&#xD;
      OPTIONAL: If the subject would like to come in for an evaluation between Month 9 and 18, we&#xD;
      will invite participants to come on Month 12 to complete cognitive testing and EEG.&#xD;
    </textblock>
  </brief_summary>
  <detailed_description>
    <textblock>
      After screening for eligibility, subjects will be randomized into one of two study groups in&#xD;
      a 1:1 ratio. Each subject will use a non-invasive light and sound device, called the GENUS&#xD;
      device, at home for 1 hour per day for 6 or 9 months. The GENUS device, which is composed of&#xD;
      a panel with light-emitting diode (LED) illumination and speakers for auditory stimulation,&#xD;
      delivers light and sound at different frequencies.&#xD;
&#xD;
      Subjects in the first group will use the device with active settings, and subjects in the&#xD;
      second group will use the device with sham settings. After 6 or 9 months of the daily usage&#xD;
      of the device, all subjects will be given an option to continue the daily usage for&#xD;
      additional 6 or 9 months. For these additional 6 or 9 months, the device will be set to&#xD;
      active settings for all subjects who choose to remain in the study.&#xD;
&#xD;
      Over the first 6 or 9 months, cognitive, mental health and memory evaluations will be&#xD;
      performed at baseline, after 1 month, after 3 months, and after 6 or 9 months of daily usage&#xD;
      of the device. Blood draws as well as hearing and vision tests will be performed at baseline&#xD;
      and after 6 or 9 months of daily usage of the device. Magnetic resonance imaging (MRI) and&#xD;
      electroencephalogram (EEG) will also be performed at baseline, after 3 months, and after 6 or&#xD;
      9 months of daily usage of the device. For subjects who choose to continue the daily usage of&#xD;
      the device for additional 6 or 9 months, MRI, EEG as well as cognitive, mental health and&#xD;
      memory evaluations will be performed at the end of the 6 or 9 additional months of daily&#xD;
      usage. One month after the completion of the daily usage, EEG as well as cognitive, mental&#xD;
      health and memory evaluations will be performed (this will be 7 or 10 months after the start&#xD;
      of the study for subjects who choose not to continue the daily usage of the device after the&#xD;
      initial 6 or 9 months; this will be 13 or 19 months after the start of the study for subjects&#xD;
      who choose to continue the daily usage of the device for additional 6 or 9 months after the&#xD;
      initial 6 or 9 months).&#xD;
&#xD;
      Participants who complete the study protocol and finish the final study visit at Month 12 or&#xD;
      19 will be offered a long-term extension for a total of 36 months with yearly follow up&#xD;
      evaluations.&#xD;
    </textblock>
  </detailed_description>
  <overall_status>Active, not recruiting</overall_status>
  <start_date type="Actual">August 14, 2019</start_date>
  <completion_date type="Anticipated">April 30, 2025</completion_date>
  <primary_completion_date type="Anticipated">April 30, 2025</primary_completion_date>
  <phase>N/A</phase>
  <study_type>Interventional</study_type>
  <has_expanded_access>No</has_expanded_access>
  <study_design_info>
    <allocation>Randomized</allocation>
    <intervention_model>Parallel Assignment</intervention_model>
    <intervention_model_description>Subjects will be randomly assigned to one of two study groups. Subjects in the first group will use the GENUS device with active settings for 6 or 9 months, and subjects in the second group will use the GENUS device with sham settings for 6 or 9 months. At the end of the 6 or 9 month period, all subjects will be given an option to continue the usage of the GENUS device for additional 6 or 9 months. For these additional 6 or 9 months, the device will be set to active settings for all subjects who choose to remain in the study. A 36-month compassionate use extension will be offered at the completion of all of the study visits.</intervention_model_description>
    <primary_purpose>Treatment</primary_purpose>
    <masking>Double (Participant, Care Provider)</masking>
  </study_design_info>
  <primary_outcome>
    <measure>Feasibility of at-home light and sound stimulation: amount of time of device usage per day</measure>
    <time_frame>Over 6 or 9 months (or over 12 or 18 months for subjects who choose to continue the daily device usage for 6 or 9 additional months)</time_frame>
    <description>Feasibility of daily at-home light and sound stimulation will be assessed by keeping track of the amount of time the GENUS device is used per day. The device will automatically log the start and end times of the device usage. The log data will be collected and assessed at the interim analysis time points (Month 1, Month 3) and later time points (Month 6 or 9 and Month 12 or 18).</description>
  </primary_outcome>
  <primary_outcome>
    <measure>Safety of daily at-home light and sound stimulation: questionnaire</measure>
    <time_frame>Over 6 or 9 months (or over 12 or 18 months for subjects who choose to continue the daily device usage for 6 or 9 additional months)</time_frame>
    <description>Safety of daily at-home light and sound stimulation will be assessed by using a daily questionnaire that asks for any adverse effects of the stimulation. The daily questionnaires will be collected and assessed at the interim analysis time point (Month 1) and later time points (Month 6 or 9 and Month 12 or 18).</description>
  </primary_outcome>
  <other_outcome>
    <measure>Change in Alzheimer's Disease Assessment Scale-cognitive subscale (ADAS-cog) score</measure>
    <time_frame>Baseline, Month 1, Month 3, Month 6 , and either Month 7 or Month 12 and Month 13. COVID-19 Amendment:Baseline, Month 1, Month 3, Month 9, and either Month 10 or Month 18 and Month 19.</time_frame>
    <description>The Alzheimer's Disease Assessment Scale - Cognitive subscale (ADAS-cog) is a 11-item neuropsychological test that assesses the severity of cognitive impairment. The items determine the patient's orientation, memory, language, and praxis. Total score of the 11 items ranges from 0 to 70 (lower score indicates lower cognitive impairment).</description>
  </other_outcome>
  <other_outcome>
    <measure>Change in Mini Mental State Examination (MMSE) score</measure>
    <time_frame>Baseline, Month 1, Month 3, Month 6, and either Month 7 or Month 12 and Month 13. COVID-19 Amendment:Baseline, Month 1, Month 3, Month 9, and either Month 10 or Month 18 and Month 19.</time_frame>
    <description>The Mini Mental State Examination (MMSE) is an 11-item test that assesses the cognitive aspects of mental function. The items assess orientation, memory, attention, language, and visual construction. Total score of the 11 items ranges from 0 to 30 (lower score indicates greater cognitive impairment).</description>
  </other_outcome>
  <other_outcome>
    <measure>Change in Montreal Cognitive Assessment (MoCA) Test score</measure>
    <time_frame>Baseline, Month 1, Month 3, Month 6, and either Month 7 or Month 12 and Month 13. COVID-19 Amendment:Baseline, Month 1, Month 3, Month 9, and either Month 10 or Month 18 and Month 19.</time_frame>
    <description>Montreal Cognitive Assessment (MoCA) Test is a 30-question test that assesses the cognitive aspects of mental function. The questions assess visuospatial/executive function, naming, memory, attention, language, abstraction, delayed recall, and orientation. Total score ranges from 0 to 30 (lower score indicates greater cognitive impairment).</description>
  </other_outcome>
  <other_outcome>
    <measure>Change in National Alzheimer's Coordinating Center Uniform Data Set Neuropsychological Battery (UDS V3) score</measure>
    <time_frame>Baseline and Month 6 (and Month 12 for subjects who choose to continue the daily device usage for 6 additional months). COVID-19 Amendment:Baseline and Month 9 (and Month 18 for subjects who continue the daily device usage for 9 additional months.</time_frame>
    <description>The National Alzheimer's Coordinating Center Uniform Data Set Neuropsychological Battery (UDS V3) assesses cognitive performance in dementia and mild cognitive impairment due to Alzheimer's Disease. The battery includes Craft Story 21 Recall (immediate and delayed), Benson Complex Figure Copy (immediate and delayed), Number Span Tests, Category Fluency, Trail Making Test A/B, Multilingual Naming Test (MINT), and the Verbal Fluency: Phonemic Test.</description>
  </other_outcome>
  <other_outcome>
    <measure>Change in Clinical Dementia Rating Scale - Sum of Boxes (CDR-SB)</measure>
    <time_frame>Baseline, Month 1, Month 3, Month 6, and either Month 7 or Month 12 and Month 13. COVID-19 Amendment:Baseline, Month 1, Month 3, Month 9, and either Month 10 or Month 18 and Month 19.</time_frame>
    <description>The Clinical Dementia Rating Scale - Sum of Boxes (CDR-SB) evaluates cognitive function and is scored in 6 domains of functioning: memory, orientation, judgment and problem solving, community affairs, home and hobbies, and personal care. Each domain is rated on a 5-point scale of functioning as follows: 0, no impairment; 0.5, questionable impairment; 1, mild impairment; 2, moderate impairment; and 3, severe impairment (personal care is scored on a 4-point scale without a 0.5 rating available). The total score of the CDR-SB is obtained by summing each of the domain box scores, with scores ranging from 0 to 18 (higher score indicates greater cognitive impairment).</description>
  </other_outcome>
  <other_outcome>
    <measure>Change in Functional Assessment Scale (FAS)</measure>
    <time_frame>Baseline and Month 6 (and Month 12 for subjects who choose to continue the daily device usage for 6 additional months). COVID-19 Amendment:Baseline and Month 9 (and Month 18 for subjects who continue the daily device usage for 9 additional months.</time_frame>
    <description>The National Alzheimer's Coordinating Center Functional Assessment Scale (FAS) is a 10-item questionnaire that assesses whether subjects had a difficulty or needed help with activities of daily living in the past 4 weeks at the time of assessment.</description>
  </other_outcome>
  <other_outcome>
    <measure>Change in Geriatric Depression Scale (GDS)</measure>
    <time_frame>Baseline and Month 6 (and Month 12 for subjects who choose to continue the daily device usage for 6 additional months). COVID-19 Amendment:Baseline and Month 9 (and Month 18 for subjects who continue the daily device usage for 9 additional months.</time_frame>
    <description>The Geriatric Depression Scale (GDS): Short Form is a brief, 15-item questionnaire in which participants are asked to respond by answering &quot;yes&quot; or &quot;no&quot; in reference to how they felt over the past week. For each item, the answer indicating depression is given one point. Total score of the 15 items ranges from 0 to 15, with scores 0 - 4 considered normal, depending on age, education, and complaints; 5-8 indicating mild depression; 9-11 indicating moderate depression; and 12-15 indicating severe depression.</description>
  </other_outcome>
  <other_outcome>
    <measure>Change in Neuropsychiatric Inventory Questionnaire (NPI-Q)</measure>
    <time_frame>Baseline and Month 6 (and Month 12 for subjects who choose to continue the daily device usage for 6 additional months). COVID-19 Amendment:Baseline and Month 9 (and Month 18 for subjects who continue the daily device usage for 9 additional months.</time_frame>
    <description>The Neuropsychiatric Inventory Questionnaire (NPI-Q) is a 12-item structured interview with a caregiver to assess behavioral disturbances. Each item consists of a screening question and sub-questions that are rated &quot;no&quot; (not present) or &quot;yes&quot; (present). Each item is then rated for severity on a 3-point scale including 1 (mild), 2 (Moderate) and 3 (Severe).</description>
  </other_outcome>
  <other_outcome>
    <measure>Change in blood biomarkers for Alzheimer's Disease</measure>
    <time_frame>Baseline and Month 6. COVID-19 Amendment: Baseline and Month 9.</time_frame>
    <description>Change in blood biomarkers for Alzheimer's Disease, as assessed by measuring levels of amyloid, tau, and neurofilament light chain in the subject's blood sample.</description>
  </other_outcome>
  <other_outcome>
    <measure>Change in gene expression in peripheral white blood cells: ribonucleic acid (RNA) sequencing</measure>
    <time_frame>Baseline and Month 6. COVID-19 Amendment: Baseline and Month 9.</time_frame>
    <description>Change in gene expression in peripheral white blood cells, as assessed by profiling the transcriptome of peripheral white blood cells via ribonucleic acid (RNA) sequencing. The peripheral white blood cells will be isolated and collected from the subject's blood sample.</description>
  </other_outcome>
  <other_outcome>
    <measure>Change in electroencephalography (EEG) signals</measure>
    <time_frame>Baseline, Month 3, Month 6, and either Month 7 or Month 12 and Month 13. COVID-19 Amendment: Baseline, Month 3, Month 9, and either Month 10 or Month 18 and Month 19.</time_frame>
    <description>Change in brain waves in the Delta, Theta, Alpha, Beta, and Gamma frequency bands, as assessed by analyzing the electroencephalography (EEG) signals recorded from the subject.</description>
  </other_outcome>
  <other_outcome>
    <measure>Change in functional Magnetic Resonance Imaging (fMRI) signals</measure>
    <time_frame>Baseline, Month 3, and Month 6 (and Month 12 for subjects who choose to continue the daily device usage for 6 additional months). COVID-19 Amendment:Baseline, Month 3, Month 9 (and Month 18 for subjects who continue the daily device usage for 9 months).</time_frame>
    <description>Change in functional connectivity and structure of the brain, as assessed by analyzing the functional Magnetic Resonance Imaging (fMRI) signals recorded from the subject.</description>
  </other_outcome>
  <other_outcome>
    <measure>Total sleep time: Actigraph activity monitor</measure>
    <time_frame>Over 7 months (or over 13 months for subjects continuing the daily device usage for 6 additional months). COVID-19 Amendment: Over 10 months (or over 19 months for subjects continuing the daily device usage for 9 additional months)</time_frame>
    <description>Total sleep time, as assessed by analyzing the sleep data reported by an Actigraph activity monitor. The activity monitor will be attached to a wristband and worn by the subject through the study completion. The data from the activity monitor will be collected and assessed at the interim analysis time point (Month 1, Month 3) and later time points (Month 6 and either Month 7 or Month 12 and Month 13). COVID Amendment: Data will be collected once every 3-4 months via mail past Month 3 visit.</description>
  </other_outcome>
  <other_outcome>
    <measure>Sleep efficiency: Actigraph activity monitor</measure>
    <time_frame>Over 7 months (or over 13 months for subjects continuing the daily device usage for 6 additional months). COVID-19 Amendment: Over 10 months (or over 19 months for subjects continuing the daily device usage for 9 additional months)</time_frame>
    <description>Sleep efficiency, as assessed by analyzing the sleep data reported by an Actigraph activity monitor. The activity monitor will be attached to a wristband and worn by the subject through the study completion. The data from the activity monitor will be collected and assessed at the interim analysis time points (Month 1, Month 3) and later time points (Month 6 and either Month 7 or Month 12 and Month 13). COVID Amendment: Data will be collected once every 3-4 months via mail past Month 3 visit.</description>
  </other_outcome>
  <other_outcome>
    <measure>Physical activity level: Actigraph activity monitor</measure>
    <time_frame>Over 7 months (or over 13 months for subjects continuing the daily device usage for 6 additional months). COVID-19 Amendment: Over 10 months (or over 19 months for subjects continuing the daily device usage for 9 additional months)</time_frame>
    <description>Physical activity level, as assessed by analyzing the activity level data reported by an Actigraph activity monitor. The activity monitor will be attached to a wristband and worn by the subject through the study completion. The data from the activity monitor will be collected and assessed at the interim analysis time point (Month 1, Month 3) and later time points (Month 6 and either Month 7 or Month 12 and Month 13). COVID Amendment: Data will be collected once every 3-4 months via mail past Month 3 visit.</description>
  </other_outcome>
  <number_of_arms>2</number_of_arms>
  <enrollment type="Actual">15</enrollment>
  <condition>Alzheimer Disease</condition>
  <condition>Alzheimer Dementia</condition>
  <arm_group>
    <arm_group_label>Daily exposure to active stimulation</arm_group_label>
    <arm_group_type>Experimental</arm_group_type>
    <description>Subjects in this arm will receive daily exposure to active stimulation</description>
  </arm_group>
  <arm_group>
    <arm_group_label>Daily exposure to control stimulation</arm_group_label>
    <arm_group_type>Sham Comparator</arm_group_type>
    <description>Subjects in this arm will receive daily exposure to control stimulation</description>
  </arm_group>
  <intervention>
    <intervention_type>Device</intervention_type>
    <intervention_name>GENUS device (Active Settings)</intervention_name>
    <description>Participants in the experimental group will use the GENUS device configured to active settings for 60 minutes daily over 6 or 9 months. After 6 or 9 months, each participant will be given an option to continue the daily usage of the GENUS device configured to active settings for additional 6 or 9 months.&#xD;
Note: Due to the COVID-19 pandemic, participants who have not yet reached the 6-month mark will have their 6 month visit postponed to 9 months.</description>
    <arm_group_label>Daily exposure to active stimulation</arm_group_label>
    <other_name>Gamma frequency stimulation</other_name>
    <other_name>Light and sound stimulation</other_name>
  </intervention>
  <intervention>
    <intervention_type>Device</intervention_type>
    <intervention_name>GENUS device (Sham Settings)</intervention_name>
    <description>Participants in the control group will use the GENUS device configured to sham settings for 60 minutes daily over 6 or 9 months. After 6 or 9 months, each participant will be given an option to continue the daily usage of the GENUS device configured to active settings for additional 6 or 9 months.&#xD;
Note: Due to the COVID-19 pandemic, participants who have not yet reached the 6-month mark will have their 6 month visit postponed to 9 months.</description>
    <arm_group_label>Daily exposure to control stimulation</arm_group_label>
    <other_name>Gamma frequency stimulation</other_name>
    <other_name>Light and sound stimulation</other_name>
  </intervention>
  <eligibility>
    <criteria>
      <textblock>
        Inclusion Criteria:&#xD;
&#xD;
          -  Subject is between the ages of 50 - 100.&#xD;
&#xD;
          -  Subject must have mild Alzheimer's disease with a Mini Mental State Exam (MMSE) score&#xD;
             of 19 -26.&#xD;
&#xD;
          -  Subject is willing to sign informed consent document.&#xD;
&#xD;
          -  If subject is deemed to not have capacity to sign the informed consent, he/she will&#xD;
             need a legally authorized representative to provide surrogate consent.&#xD;
&#xD;
          -  Subjects whose primary residence is within 2 hours of Boston&#xD;
&#xD;
          -  Able to complete the 1st month of at home stimulation at their primary residence; if&#xD;
             subjects plan to spend more than 1 week away from their primary residence during the&#xD;
             trial, their inclusion must be assessed by the research team.&#xD;
&#xD;
        Exclusion Criteria:&#xD;
&#xD;
          -  Subjects who do not have healthcare.&#xD;
&#xD;
          -  Subjects who are being treated with N-methyl-D-aspartate (NMDA) receptor antagonists&#xD;
             (eg. Memantine).&#xD;
&#xD;
          -  Subjects on medications that lower seizure threshold such as wellbutrin,&#xD;
             ciprofloxacin, levofloxacin, etc.&#xD;
&#xD;
          -  Subjects with history of seizure or epilepsy within the past 24 months.&#xD;
&#xD;
          -  Subjects with clinically significant suicide risk and/or suicide attempt in the past&#xD;
             12 months.&#xD;
&#xD;
          -  Subjects with behavioral problems such as aggression/agitation/impulsivity that might&#xD;
             interfere with their ability to comply with protocol.&#xD;
&#xD;
          -  Active treatment with one or more anti-epileptic agent.&#xD;
&#xD;
          -  Subjects who have had a stroke within the past 24 months.&#xD;
&#xD;
          -  Subjects diagnosed with migraine headache.&#xD;
&#xD;
          -  Active treatment with one or more psychiatric agent (e.g. antidepressants,&#xD;
             antipsychotics, etc).&#xD;
&#xD;
          -  Subjects who have an active implantable medical device including but not limited to&#xD;
             implantable cardioverter defibrillator (ICD), deep brain stimulator (DBS), cardiac&#xD;
             pacemaker, and/or sacral nerve stimulator.&#xD;
&#xD;
          -  Subjects who have profound hearing or visual impairment.&#xD;
&#xD;
          -  Subjects who have a life expectancy of less than 24 months.&#xD;
&#xD;
          -  Subjects who are pregnant.&#xD;
      </textblock>
    </criteria>
    <gender>All</gender>
    <minimum_age>50 Years</minimum_age>
    <maximum_age>100 Years</maximum_age>
    <healthy_volunteers>No</healthy_volunteers>
  </eligibility>
  <overall_official>
    <last_name>Li-Huei Tsai, PhD</last_name>
    <role>Principal Investigator</role>
    <affiliation>Massachusetts Institute of Technology</affiliation>
  </overall_official>
  <overall_official>
    <last_name>Edward S Boyden, PhD</last_name>
    <role>Principal Investigator</role>
    <affiliation>Massachusetts Institute of Technology</affiliation>
  </overall_official>
  <overall_official>
    <last_name>Emery Brown, MD, PhD</last_name>
    <role>Principal Investigator</role>
    <affiliation>Massachusetts Institute of Technology</affiliation>
  </overall_official>
  <overall_official>
    <last_name>Diane Chan, MD, PhD</last_name>
    <role>Principal Investigator</role>
    <affiliation>Massachusetts Institute of Technology</affiliation>
  </overall_official>
  <location>
    <facility>
      <name>Massachusetts Institute of Technology</name>
      <address>
        <city>Cambridge</city>
        <state>Massachusetts</state>
        <zip>02139</zip>
        <country>United States</country>
      </address>
    </facility>
  </location>
  <location_countries>
    <country>United States</country>
  </location_countries>
  <reference>
    <citation>Iaccarino HF, Singer AC, Martorell AJ, Rudenko A, Gao F, Gillingham TZ, Mathys H, Seo J, Kritskiy O, Abdurrob F, Adaikkan C, Canter RG, Rueda R, Brown EN, Boyden ES, Tsai LH. Gamma frequency entrainment attenuates amyloid load and modifies microglia. Nature. 2016 Dec 7;540(7632):230-235. doi: 10.1038/nature20587. Erratum in: Nature. 2018 Oct;562(7725):E1.</citation>
    <PMID>27929004</PMID>
  </reference>
  <reference>
    <citation>Martorell AJ, Paulson AL, Suk HJ, Abdurrob F, Drummond GT, Guan W, Young JZ, Kim DN, Kritskiy O, Barker SJ, Mangena V, Prince SM, Brown EN, Chung K, Boyden ES, Singer AC, Tsai LH. Multi-sensory Gamma Stimulation Ameliorates Alzheimer's-Associated Pathology and Improves Cognition. Cell. 2019 Apr 4;177(2):256-271.e22. doi: 10.1016/j.cell.2019.02.014. Epub 2019 Mar 14.</citation>
    <PMID>30879788</PMID>
  </reference>
  <reference>
    <citation>Adaikkan C, Middleton SJ, Marco A, Pao PC, Mathys H, Kim DN, Gao F, Young JZ, Suk HJ, Boyden ES, McHugh TJ, Tsai LH. Gamma Entrainment Binds Higher-Order Brain Regions and Offers Neuroprotection. Neuron. 2019 Jun 5;102(5):929-943.e8. doi: 10.1016/j.neuron.2019.04.011. Epub 2019 May 7.</citation>
    <PMID>31076275</PMID>
  </reference>
  <verification_date>June 2020</verification_date>
  <study_first_submitted>August 5, 2019</study_first_submitted>
  <study_first_submitted_qc>August 12, 2019</study_first_submitted_qc>
  <study_first_posted type="Actual">August 13, 2019</study_first_posted>
  <last_update_submitted>June 29, 2020</last_update_submitted>
  <last_update_submitted_qc>June 29, 2020</last_update_submitted_qc>
  <last_update_posted type="Actual">July 1, 2020</last_update_posted>
  <responsible_party>
    <responsible_party_type>Sponsor</responsible_party_type>
  </responsible_party>
  <keyword>Alzheimer Disease</keyword>
  <keyword>Cognitive Impairment</keyword>
  <keyword>Non-invasive Sensory Stimulation</keyword>
  <keyword>Light and Sound Stimulation</keyword>
  <keyword>Gamma</keyword>
  <condition_browse>
    <!-- CAUTION:  The following MeSH terms are assigned with an imperfect algorithm            -->
    <mesh_term>Alzheimer Disease</mesh_term>
  </condition_browse>
  <patient_data>
    <sharing_ipd>No</sharing_ipd>
  </patient_data>
  <!-- Results have not yet been posted for this study                                          -->
</clinical_study>

