<?xml version="1.0" encoding="UTF-8"?>
<clinical_study rank="4691">
  <!-- This xml conforms to an XML Schema at:
    https://clinicaltrials.gov/ct2/html/images/info/public.xsd -->
  <required_header>
    <download_date>ClinicalTrials.gov processed this data on February 08, 2021</download_date>
    <link_text>Link to the current ClinicalTrials.gov record.</link_text>
    <url>https://clinicaltrials.gov/show/NCT04297904</url>
  </required_header>
  <id_info>
    <org_study_id>ONH001</org_study_id>
    <nct_id>NCT04297904</nct_id>
  </id_info>
  <brief_title>Urinary Incontinence and Sedentary Behaviour in Nursing Homes</brief_title>
  <acronym>OsoNaH</acronym>
  <official_title>Associations Between Urinary Incontinence, Sedentary Behaviour and Other Health-related Outcomes in Nursing Homes in Catalonia: the OsoNaH Project</official_title>
  <sponsors>
    <lead_sponsor>
      <agency>University of Vic - Central University of Catalonia</agency>
      <agency_class>Other</agency_class>
    </lead_sponsor>
    <collaborator>
      <agency>Glasgow Caledonian University</agency>
      <agency_class>Other</agency_class>
    </collaborator>
    <collaborator>
      <agency>University Ramon Llull</agency>
      <agency_class>Other</agency_class>
    </collaborator>
    <collaborator>
      <agency>Universidade Federal do Rio Grande do Norte</agency>
      <agency_class>Other</agency_class>
    </collaborator>
  </sponsors>
  <source>University of Vic - Central University of Catalonia</source>
  <oversight_info>
    <has_dmc>No</has_dmc>
    <is_fda_regulated_drug>No</is_fda_regulated_drug>
    <is_fda_regulated_device>No</is_fda_regulated_device>
  </oversight_info>
  <brief_summary>
    <textblock>
      The increase of the older adult population in the past years has generated an important&#xD;
      impact on chronic conditions and geriatric syndromes like dementia, falls and urinary&#xD;
      incontinence (UI). To better understand IU seems warranted because of its socioeconomic and&#xD;
      health impact. Nursing home (NH) residents are the frailest segment of our population, with&#xD;
      very low physical activity levels and highly sedentary. Several studies had shown that&#xD;
      physical activity levels and time and patterns of sedentary behaviour (SB) are independent&#xD;
      risk factors for many health issues. As far as the investigators know, there is no evidence&#xD;
      supporting the relation between IU and SB, and no information about the incidence of IU in NH&#xD;
      residents living in Catalonia (Spain).&#xD;
&#xD;
      This project consists of two stages: stage 1 will conduct a cross-sectional study using mixed&#xD;
      methodology (qualitative and quantitative), and a 2-year longitudinal study (stage 2). Stage&#xD;
      1 has the main objective of verifying the prevalence of IU and its associated factors in NH&#xD;
      residents in Barcelona (Spain), as well as analyse the association between IU (and their&#xD;
      types) with SB time and patterns. In addition, the proportion of geriatric residents who&#xD;
      receive control measures for their IU, and whether they receive SB-related interventions from&#xD;
      health professionals of the institution will be also explored. Finally, the investigators aim&#xD;
      to understand the experience of NH residents and the health professionals who care for them&#xD;
      about the characteristics, burden and barriers of having IU. Stage 2 has the main objective&#xD;
      to verify the incidence of the functional and continence decline, falls, hospitalizations and&#xD;
      mortality, as well as their predictive factors in older care/nursing home residents in&#xD;
      Barcelona (Spain). Specific objetives are to assess the evolution of each activity of daily&#xD;
      living and the causes of hospitalization and death in geriatrics residents for a period of 2&#xD;
      years and to verify the incidence of recurrent falls (one or more falls), and analyse the&#xD;
      consequences of falls (fractures, hospitalizations, among others) among the residents.&#xD;
      Potential risk and protective factors for mortality due to COVID-19 and its impact on&#xD;
      functioning and hospitalizations will also be analyzed. Finally, the stage 2 of the project&#xD;
      aims at creating a specific instrument for the evaluation of frailty in institutionalized&#xD;
      older people, based on the main predictive factors of functional decline.&#xD;
    </textblock>
  </brief_summary>
  <detailed_description>
    <textblock>
      The low birth rate and an increased life expectancy are transforming the age pyramid of the&#xD;
      European Union (EU); probably the most important change will be the marked transition towards&#xD;
      an aged society, a characteristic that is already evident in several EU member states. In&#xD;
      2017, the 65+ older adult's population had an increase of 0.3% compared to the previous year,&#xD;
      and an increase of 2.4% compared to the previous 10 years. People over 80 years old are&#xD;
      increasing at a faster rate than any other age segment of the EU population. This increase is&#xD;
      probably linked to a growing demand for long-term care, which represents a significant&#xD;
      overload on public health resources. Care/nursing homes are the main providers of long-term&#xD;
      care. One of four older adults will spend a period of their life in a care/nursing home, and&#xD;
      the dependence for such care will persist until their dead. The older adults who live in a&#xD;
      nursing home are the most fragile of our society with high levels of physical dependence and&#xD;
      one third of them suffering from cognitive impairment. An acute hospitalization typically is&#xD;
      associated with multiple diseases in older people, and disability is frequently followed by&#xD;
      high rates of progressive physical decline and mortality in the years following discharge. It&#xD;
      is well known that hospital admission can change normal aging due to adverse health outcomes&#xD;
      after hospitalization, especially in terms of functional decline, mortality frailty and&#xD;
      cognitive impairment.&#xD;
&#xD;
      Frailty is one of the most important concerns regarding our aging population. Evidence grows&#xD;
      that the syndrome is linked to several important health outcomes, prevalent in all countries&#xD;
      and is a leading contributor to functional decline and early mortality in older adults. The&#xD;
      last consensus defined frailty as &quot;a clinical state in which there is an increase in an&#xD;
      individual's vulnerability for developing an increased dependency and/or mortality when&#xD;
      exposed to a stressor&quot;.&#xD;
&#xD;
      The decline in functionality is one of the main issues that affects older people because it&#xD;
      limits their autonomy and leads to dependency. In older people, functional capacity can be&#xD;
      defined as the ability to carry out a set of activities necessary for an independent life,&#xD;
      the ability to carry out basic activities of daily living (BADL), those related to self-care&#xD;
      and survival (such as bathing and eating), and more complex actions called instrumental&#xD;
      activities (such as shopping and transportation). Functionality decline lead to high&#xD;
      financial costs and are close associated with frailty, mobility problems, and increased risk&#xD;
      of falls, dependency, hospitalization, and death. The association between functional decay&#xD;
      and urinary incontinence (UI) could be bidirectional, which can lead to a cycle where&#xD;
      continence reduction results in functional decline, and functional decline leads to further&#xD;
      decrease in urinary continence.&#xD;
&#xD;
      The prevalence of UI in Spain is approximately 10% in women between 25 and 64 years old and&#xD;
      over 50% in those over 65 years old. In the domain of nursing homes, this proportion is&#xD;
      around 50% and is frequently associated with cognitive impairment, physical inactivity and&#xD;
      immobility syndrome, among other factors. In this context, we can find a type of UI described&#xD;
      as &quot;functional&quot; that it's caused by the inability to move to the bathroom independently, due&#xD;
      to a physical or cognitive problem (e.g. dementia). Most older adults mistakenly believe that&#xD;
      incontinence is part of the normal aging process and / or is an irresolvable problem.&#xD;
      However, UI is a geriatric syndrome that represents an indicator of frailty and quality of&#xD;
      health care, as well as a risk factor for pressure ulcers, falls, fractures and even urinary&#xD;
      sepsis or death.&#xD;
&#xD;
      Falls, though preventable, are common among older adults, and the resulting injuries can&#xD;
      threaten their health, independence, and lives. In 2014, 30% of older adults (aged &gt; 65&#xD;
      years) in the United States reported falling at least once, and the estimated 29 million&#xD;
      falls that year resulted in 7 million injuries and approximately 27,000 deaths. The evidence&#xD;
      and research in Spain, shows that 30% of people over 65, independent and autonomous will be&#xD;
      affected by an annual fall. This percentage increases progressively as age increases, because&#xD;
      age is one of the main factors of risk in falls, being older people the ones with highest&#xD;
      risk of suffering injuries, increased dependence, disabilities, institutionalization in&#xD;
      centers and death, considering itself as a factor of frailty. In people over 75 years old its&#xD;
      risk of fall rises to 35%, and in people over 80 years old it reaches 50%. Several studies&#xD;
      estimate that this prevalence increases up to 50% in the case of institutionalized older&#xD;
      people. Falls are an important public health problem, being an underdiagnosed problem,&#xD;
      because when there are no physical consequences, do not usually go to the health system.&#xD;
&#xD;
      Previous investigations followed by decades of research, confirm that nursing home residents&#xD;
      are the less physically active and spend most of their awake time inactives). Doing regular&#xD;
      physical activity (PA) limit the development and progression of most prevalent chronic&#xD;
      diseases. However, time spent in SB has increased considerably in the last three decades and&#xD;
      increases with age. SB has been gaining recognition as a risk factor of specific health&#xD;
      conditions and reduced mobility, sometimes independent of PA levels. A typical day for a&#xD;
      resident will consist in a sequence of periods of SB, light intensity PA (LPA) and moderate&#xD;
      to vigorous intensity PA (MVPA). Care/nursing home residents spend an average of 79% of their&#xD;
      day sedentary, 20% in LPA and 1% in MVPA.&#xD;
&#xD;
      Regarding the association between SB and the UI, there is little evidence available. In a&#xD;
      recent literature review on the association between SB and UI in women, the review concluded&#xD;
      that information available was limited, although suggested that SB could be considered a risk&#xD;
      factor for UI in women. If we review the little existing literature concerning the&#xD;
      association between SB and UI, there is a consensus among the authors on low levels of PA and&#xD;
      prolonged patterns of SB could be direct risk factors for UI in older adults or in the older&#xD;
      women, and there is a lack of complementary studies of higher quality in the association&#xD;
      between SB and UI.&#xD;
&#xD;
      On the other hand, the COVID-19 pandemic has emerged as a new major public health issue&#xD;
      especially affecting NHs. This virus has been shown to be particularly deadly for older&#xD;
      adults and those with certain underlying medical conditions. In relation to deaths from&#xD;
      COVID-19 in Spain, 87% of the reported deaths were 70 years or more and a 95% presented&#xD;
      comorbidity. The population living in NH, generally with older age and multiple&#xD;
      comorbidities, are the most vulnerable to COVID-19. In Catalonian NHs 28,418 suspected cases,&#xD;
      11,560 confirmed positive cases and 3,055 deaths were reported until May 2020. Due to the&#xD;
      vulnerability of NHs themselves to outbreaks of respiratory diseases and the frailty of NH&#xD;
      population, there is a need of analysing the impact of COVID-19 in NH residents in terms of&#xD;
      mortality, hospitalisation, as well as other health, social and cognitive-related variables.&#xD;
      We also want to learn about the potential risk and protective factors for mortality due to&#xD;
      COVID-19 and the impact of this disease on funtioning and hospitalizations.&#xD;
&#xD;
      For all the reasons cited above, they lead us to think that there is a gap in the description&#xD;
      of nursing home residents. Consequently, the stage 1 of this study aims at knowing the&#xD;
      current state of health-related outcomes of nursing home older adults and the factors that&#xD;
      influence their quality of life. Reducing SB patterns and ensuring an increase in PA in an&#xD;
      individualized and progressive way can contribute to the stabilization of chronic cardio&#xD;
      metabolic pathologies, improve their muscular quality and cardiopulmonary capacity, improve&#xD;
      their biopsychosocial sphere and promote their socialization with other residents and health&#xD;
      professionals and finally increase their participation in the nursing home. However, the&#xD;
      certain association between SB and UI remains unclear. The OsoNaH project will try to cover&#xD;
      this lack of knowledge and define the possible aetiology and associated factors with the&#xD;
      different types of UI and SB, in order to determine new ways of intervention, treatment and&#xD;
      care for the nursing home residents. Finally the stage 2 aims to better know the&#xD;
      characteristics of functional decline, continence decline, falls, hospitalizations and&#xD;
      mortality due to the importance and impact they generate on older people and their&#xD;
      caregivers. This project may help to develop of new lines of interventions, management and&#xD;
      treatment. Also, this study will try to fill de gap of knowledge in the region of Central&#xD;
      Catalonia about this issues. So it is considered necessary to know from an interdisciplinary&#xD;
      and longitudinal field, the evolution / appearance and predictive factors of functional&#xD;
      decline, continence decline, falls, hospitalizations and mortality of institutionalized older&#xD;
      people.&#xD;
    </textblock>
  </detailed_description>
  <overall_status>Recruiting</overall_status>
  <start_date type="Actual">February 20, 2020</start_date>
  <completion_date type="Anticipated">January 13, 2022</completion_date>
  <primary_completion_date type="Anticipated">July 1, 2020</primary_completion_date>
  <study_type>Observational</study_type>
  <has_expanded_access>No</has_expanded_access>
  <study_design_info>
    <observational_model>Other</observational_model>
    <time_perspective>Cross-Sectional</time_perspective>
  </study_design_info>
  <primary_outcome>
    <measure>Urinary Incontinence</measure>
    <time_frame>January 2020 to July 2020 (cross-sectional)</time_frame>
    <description>The presence of IU assessed by the Minimum Data Set (MDS) version 3.0</description>
  </primary_outcome>
  <primary_outcome>
    <measure>Patterns of sedentary behaviour</measure>
    <time_frame>January 2020 to July 2020 (cross-sectional)</time_frame>
    <description>Patterns of sedentary behaviour (SB) with monitors (PAL Technologies, Scotland).</description>
  </primary_outcome>
  <primary_outcome>
    <measure>Functional decline</measure>
    <time_frame>January 2020 to January 2022 (longitudinal, follow-up)</time_frame>
    <description>Modified (Likert 5-point scale) Barthel Index, assessed every 6 months</description>
  </primary_outcome>
  <primary_outcome>
    <measure>Continence decline</measure>
    <time_frame>January 2020 to January 2022 (longitudinal, follow-up)</time_frame>
    <description>Minimum Data Set (MDS) version 3.0, assessed every 6 months</description>
  </primary_outcome>
  <primary_outcome>
    <measure>Incidence of falls</measure>
    <time_frame>January 2020 to January 2022 (longitudinal, follow-up)</time_frame>
    <description>Prospective register of falls (date, place and consequence/s)</description>
  </primary_outcome>
  <primary_outcome>
    <measure>Hospitalizations</measure>
    <time_frame>January 2020 to January 2022 (longitudinal, follow-up)</time_frame>
    <description>Prospective register of hospitalizations (date and cause)</description>
  </primary_outcome>
  <primary_outcome>
    <measure>Mortality</measure>
    <time_frame>January 2020 to January 2022 (longitudinal, follow-up)</time_frame>
    <description>Prospective register of deaths (date and cause)</description>
  </primary_outcome>
  <secondary_outcome>
    <measure>Sociodemographic variables</measure>
    <time_frame>January 2020 to July 2020</time_frame>
    <description>Sociodemographic variables (sex, age, civil status, education level, type of institution (public versus private / concerted) and time of residence in the institution.)</description>
  </secondary_outcome>
  <secondary_outcome>
    <measure>Lower urinary tract symptoms</measure>
    <time_frame>January 2020 to July 2020</time_frame>
    <description>Number and proportion of participants with lower urinary tract symptoms with the International Prostate Symptoms Score and urinary infection for the last 30 days.</description>
  </secondary_outcome>
  <secondary_outcome>
    <measure>Faecal incontinence</measure>
    <time_frame>January 2020 to July 2020</time_frame>
    <description>Faecal incontinence according to Minimum Data Set version 3.0 (MDS 3.0)</description>
  </secondary_outcome>
  <secondary_outcome>
    <measure>Intake of liquids and diuretic drinks</measure>
    <time_frame>January 2020 to July 2020</time_frame>
    <description>Diary</description>
  </secondary_outcome>
  <secondary_outcome>
    <measure>Handgrip strength</measure>
    <time_frame>January 2020 to July 2020</time_frame>
    <description>Dynamometer (2 trials per hand)</description>
  </secondary_outcome>
  <secondary_outcome>
    <measure>Physical performance</measure>
    <time_frame>January 2020 to July 2020</time_frame>
    <description>Short Physical Performance Battery (SPPB)</description>
  </secondary_outcome>
  <secondary_outcome>
    <measure>Mobility</measure>
    <time_frame>January 2020 to July 2020</time_frame>
    <description>Rivermead Mobility Index</description>
  </secondary_outcome>
  <secondary_outcome>
    <measure>Frailty</measure>
    <time_frame>January 2020 to July 2020</time_frame>
    <description>Clinical Frailty Scale</description>
  </secondary_outcome>
  <secondary_outcome>
    <measure>Basic activities of daily living</measure>
    <time_frame>January 2020 to July 2020</time_frame>
    <description>Modified (Likert 5-point scale) Barthel Index</description>
  </secondary_outcome>
  <secondary_outcome>
    <measure>Physical activity programs</measure>
    <time_frame>January 2020 to July 2020</time_frame>
    <description>What kind of physical activity programme, the frequency of the sessions weekly, the dose of exercise of each session, the duration of the whole session, who provides the session, where the session is performed and if the session is individually or in group).</description>
  </secondary_outcome>
  <secondary_outcome>
    <measure>Incontinence programs</measure>
    <time_frame>January 2020 to July 2020</time_frame>
    <description>What kind of programs are being applied to control and treat urinary and faecal incontinence in nursing homes</description>
  </secondary_outcome>
  <secondary_outcome>
    <measure>Medication intake</measure>
    <time_frame>January 2020 to July 2020</time_frame>
    <description>According to the Anatomical Therapeutic Chemical classification system and the Defined Daily Dose (ATC/DDD)</description>
  </secondary_outcome>
  <secondary_outcome>
    <measure>Health conditions</measure>
    <time_frame>January 2020 to July 2020</time_frame>
    <description>Number and proportion of participants with chronic diseases, delirium and pressure ulcers</description>
  </secondary_outcome>
  <secondary_outcome>
    <measure>Quality of life</measure>
    <time_frame>January 2020 to July 2020</time_frame>
    <description>European Quality of Life-5 Dimensions; final score for Spain ranges between 1 (full health) to -0.654 (worse outcome)</description>
  </secondary_outcome>
  <secondary_outcome>
    <measure>Toxic habits</measure>
    <time_frame>January 2020 to July 2020</time_frame>
    <description>smoking and alcohol</description>
  </secondary_outcome>
  <secondary_outcome>
    <measure>Cognitive status</measure>
    <time_frame>January 2020 to July 2020</time_frame>
    <description>Pfeiffer Scale, with final score ranging from 0 (normal) to 10 (total cognitive impairment)</description>
  </secondary_outcome>
  <secondary_outcome>
    <measure>Depressive symptoms</measure>
    <time_frame>January 2020 to July 2020</time_frame>
    <description>15-item Yesavage Geriatric Depression Scale, with final score ranging from 0 (normal) to 15 (severe depression)</description>
  </secondary_outcome>
  <secondary_outcome>
    <measure>Anxiety</measure>
    <time_frame>January 2020 to July 2020</time_frame>
    <description>Hospital Anxiety and Depression Scale (HADS), with final score ranging from 0 (normal) to 21 (severe anxiety)</description>
  </secondary_outcome>
  <secondary_outcome>
    <measure>Number births</measure>
    <time_frame>January 2020 to July 2020</time_frame>
    <description>Using the NH register</description>
  </secondary_outcome>
  <secondary_outcome>
    <measure>Type of births</measure>
    <time_frame>January 2020 to July 2020</time_frame>
    <description>Using the NH register</description>
  </secondary_outcome>
  <secondary_outcome>
    <measure>Number of falls</measure>
    <time_frame>January 2020 to July 2020</time_frame>
    <description>During the last year, according to the NH register</description>
  </secondary_outcome>
  <secondary_outcome>
    <measure>Nutritional status</measure>
    <time_frame>January 2020 to July 2020</time_frame>
    <description>Mini Nutritional Assessment Test, ranging from 0 (malnutrition) to 30 (normal)</description>
  </secondary_outcome>
  <secondary_outcome>
    <measure>Biochemical evaluation</measure>
    <time_frame>January 2020 to July 2020</time_frame>
    <description>Amount of Vitamin D, albumin and pre-albumin, PCR (Protein C-Reactive) extracted from the routine analysis of the residents.</description>
  </secondary_outcome>
  <secondary_outcome>
    <measure>Body composition</measure>
    <time_frame>January 2020 to July 2020</time_frame>
    <description>Percentage (%) of body fat, % of fat-free mass and % of body water assessed by a Tanita TBF-300 bioimpedance device</description>
  </secondary_outcome>
  <secondary_outcome>
    <measure>Social network</measure>
    <time_frame>January 2020 to July 2020</time_frame>
    <description>Lubben Social Network Scale ranging from 0 to 30, with a higher score indicating more social engagement.</description>
  </secondary_outcome>
  <secondary_outcome>
    <measure>Loneliness</measure>
    <time_frame>January 2020 to July 2020</time_frame>
    <description>6-item Gierveld Loneliness Scale ranging from 0 (not lonely) to 6</description>
  </secondary_outcome>
  <secondary_outcome>
    <measure>COVID-19</measure>
    <time_frame>June 2020 to January 2022 (longitudinal, follow-up)</time_frame>
    <description>Date and result of diagnosis test/s for COVID-19 (PCR or serological antibody test)</description>
  </secondary_outcome>
  <secondary_outcome>
    <measure>Suspected case of COVID-19</measure>
    <time_frame>June 2020 to January 2022 (longitudinal, follow-up)</time_frame>
    <description>In the previous 6 months, the resident had symptoms compatible with COVID-19 (cough, fever and/or breathing difficulties) without COVID-19 diagnosis test confirmation</description>
  </secondary_outcome>
  <secondary_outcome>
    <measure>Frailty</measure>
    <time_frame>June 2020 to January 2022 (longitudinal, follow-up)</time_frame>
    <description>Level of resident's frailty assessed with the Clinical Frailty Scale</description>
  </secondary_outcome>
  <secondary_outcome>
    <measure>Change in medication</measure>
    <time_frame>June 2020 to January 2022 (longitudinal, follow-up)</time_frame>
    <description>Any change in the regular medication in the last 6 months (include the name of the med, dose and the duration of treatment)</description>
  </secondary_outcome>
  <enrollment type="Anticipated">458</enrollment>
  <condition>Urinary Incontinence in Old Age</condition>
  <condition>Sedentary Behavior</condition>
  <intervention>
    <intervention_type>Behavioral</intervention_type>
    <intervention_name>Sedentary behaviour</intervention_name>
    <description>To assess sedentary behaviour each participant will wear an activity monitor (PAL Technologies, Scotland). The resident will wear the monitor on their right thigh for 24 hours per day over seven days continuously.</description>
  </intervention>
  <intervention>
    <intervention_type>Diagnostic Test</intervention_type>
    <intervention_name>Urinary Incontinence</intervention_name>
    <description>The presence of IU, assessed by the Minimum Data Set (MDS) version 3.0, and used together with the International Consultation on Incontinence Questionnaire-Short Form to characterize the incontinence.</description>
  </intervention>
  <eligibility>
    <study_pop>
      <textblock>
        All nursing home residents, both sexes, 65 years of age or older who live in the&#xD;
        institution permanently willing to participate in the study.&#xD;
      </textblock>
    </study_pop>
    <sampling_method>Non-Probability Sample</sampling_method>
    <criteria>
      <textblock>
        Inclusion Criteria for the quantitative part:&#xD;
&#xD;
          -  All nursing home residents (male or female) 65 years of age or older who live in the&#xD;
             institution permanently who voluntary will to participate in the study.&#xD;
&#xD;
        Exclusion Criteria for the quantitative part: :&#xD;
&#xD;
          -  Subjects in coma or palliative care (prognosis of short life).&#xD;
&#xD;
        Inclusion criteria for the qualitative part (residents):&#xD;
&#xD;
          -  Voluntary participation in the study.&#xD;
&#xD;
          -  Be diagnosed with UI for at least 6 months&#xD;
&#xD;
          -  Be able to express themselves verbally.&#xD;
&#xD;
        Inclusion criteria for the qualitative part (professionals):&#xD;
&#xD;
          -  Voluntary participation in the study&#xD;
&#xD;
          -  Caring for older people with UI for at least 6 months.&#xD;
      </textblock>
    </criteria>
    <gender>All</gender>
    <minimum_age>65 Years</minimum_age>
    <maximum_age>N/A</maximum_age>
    <healthy_volunteers>Accepts Healthy Volunteers</healthy_volunteers>
  </eligibility>
  <overall_official>
    <last_name>Eduard Minobes Molina</last_name>
    <role>Principal Investigator</role>
    <affiliation>M3O</affiliation>
  </overall_official>
  <overall_contact>
    <last_name>Javier Jerez Roig</last_name>
    <phone>+34938 816 025</phone>
    <email>javier.jerez@uvic.cat</email>
  </overall_contact>
  <overall_contact_backup>
    <last_name>Norma Roda Fabregas</last_name>
    <phone>+34938 86 33 42</phone>
    <phone_ext>8320</phone_ext>
    <email>norma.roda@uvic.cat</email>
  </overall_contact_backup>
  <location>
    <facility>
      <name>Residència Sant Gabriel. Nursing home</name>
      <address>
        <city>Centelles</city>
        <state>Barcelona</state>
        <zip>08540</zip>
        <country>Spain</country>
      </address>
    </facility>
    <status>Not yet recruiting</status>
    <contact>
      <last_name>Magda Sibina, Director</last_name>
      <phone>+34 93.8810026</phone>
      <email>rescentelles@gmail.com</email>
    </contact>
  </location>
  <location>
    <facility>
      <name>Casal Oller. Nursing home</name>
      <address>
        <city>Els Hostalets De Balenyà</city>
        <state>Barcelona</state>
        <zip>08550</zip>
        <country>Spain</country>
      </address>
    </facility>
    <status>Not yet recruiting</status>
    <contact>
      <last_name>Isabel Salido, PT</last_name>
      <phone>+34 93.8898305</phone>
      <email>info@casaloller.com</email>
    </contact>
  </location>
  <location>
    <facility>
      <name>Residència Aura. Nursing home</name>
      <address>
        <city>Manlleu</city>
        <state>Barcelona</state>
        <zip>08560</zip>
        <country>Spain</country>
      </address>
    </facility>
    <status>Not yet recruiting</status>
    <contact>
      <last_name>Angels Roméu, Manager</last_name>
      <phone>+34 93.8520000</phone>
      <email>aromeu@chv.cat</email>
    </contact>
  </location>
  <location>
    <facility>
      <name>Residència els Tells. Nursing home</name>
      <address>
        <city>Montesquiu</city>
        <state>Barcelona</state>
        <zip>08585</zip>
        <country>Spain</country>
      </address>
    </facility>
    <status>Not yet recruiting</status>
    <contact>
      <last_name>Núria Guillén, Director</last_name>
      <phone>+34 93.8550026</phone>
      <email>residenciaelstells@hotmail.com</email>
    </contact>
  </location>
  <location>
    <facility>
      <name>Els Munts. Nursing home</name>
      <address>
        <city>Sant Boi de Lluçanès</city>
        <state>Barcelona</state>
        <zip>08201</zip>
        <country>Spain</country>
      </address>
    </facility>
    <status>Not yet recruiting</status>
    <contact>
      <last_name>Marisa Casamor, Director</last_name>
      <phone>+34 93.8578056</phone>
      <email>salut@residenciadelsmunts.com</email>
    </contact>
  </location>
  <location>
    <facility>
      <name>Fundació Gallifa. Nursing home</name>
      <address>
        <city>Sant Hipòlit de Voltregà</city>
        <state>Barcelona</state>
        <zip>08215</zip>
        <country>Spain</country>
      </address>
    </facility>
    <status>Not yet recruiting</status>
    <contact>
      <last_name>Eva Torrejon, Director</last_name>
      <phone>93.8502709</phone>
      <email>etorrejon@hsc.chv.cat</email>
    </contact>
  </location>
  <location>
    <facility>
      <name>Casal de la Santa Creu. Nursing home</name>
      <address>
        <city>Santa Maria De Corcó</city>
        <state>Barcelona</state>
        <zip>08511</zip>
        <country>Spain</country>
      </address>
    </facility>
    <status>Not yet recruiting</status>
    <contact>
      <last_name>Sònia Guix, Director</last_name>
      <phone>+34 93.8568051</phone>
      <email>sguix@fundacionhumanitate.org</email>
    </contact>
  </location>
  <location>
    <facility>
      <name>Residència Cantonigròs. Nursing home</name>
      <address>
        <city>Santa Maria De Corcó</city>
        <state>Barcelona</state>
        <zip>08511</zip>
        <country>Spain</country>
      </address>
    </facility>
    <status>Not yet recruiting</status>
    <contact>
      <last_name>Gemma Arimany, Director</last_name>
      <phone>+34 93.8525035</phone>
      <email>gemma.rhc@gmail.com</email>
    </contact>
  </location>
  <location>
    <facility>
      <name>Els Bons Amics. Nursing home</name>
      <address>
        <city>Seva</city>
        <state>Barcelona</state>
        <zip>08269</zip>
        <country>Spain</country>
      </address>
    </facility>
    <status>Not yet recruiting</status>
    <contact>
      <last_name>Irene Robira, Director</last_name>
      <phone>+34 93.8840058</phone>
      <email>rovirari@diba.cat</email>
    </contact>
  </location>
  <location>
    <facility>
      <name>Hotel Residència el Prat. Nursing home</name>
      <address>
        <city>Tona</city>
        <state>Barcelona</state>
        <zip>08551</zip>
        <country>Spain</country>
      </address>
    </facility>
    <status>Recruiting</status>
    <contact>
      <last_name>Lourdes Ponsa, Director</last_name>
      <phone>+34 93.8870812</phone>
      <email>direccio@residenciaprat.com</email>
    </contact>
  </location>
  <location>
    <facility>
      <name>Residència Prudenci. Nursing home</name>
      <address>
        <city>Tona</city>
        <state>Barcelona</state>
        <zip>08551</zip>
        <country>Spain</country>
      </address>
    </facility>
    <status>Not yet recruiting</status>
    <contact>
      <last_name>Glòria Expósito, Director</last_name>
      <phone>+34 93.8870075</phone>
      <email>info@residenciaprudenci.com</email>
    </contact>
  </location>
  <location>
    <facility>
      <name>Residencia Rocapravera. Nursing home</name>
      <address>
        <city>Torello</city>
        <state>Barcelona</state>
        <zip>08570</zip>
        <country>Spain</country>
      </address>
    </facility>
    <status>Not yet recruiting</status>
    <contact>
      <last_name>Victòria Viqué, Director</last_name>
      <phone>+34 93.8590239</phone>
      <email>direccio@calsavis.cat</email>
    </contact>
  </location>
  <location>
    <facility>
      <name>Funcació Privada de Gestió Clear - Residència Centre de Dia SAITS. Nursing home</name>
      <address>
        <city>Vic</city>
        <state>Barcelona</state>
        <zip>08500</zip>
        <country>Spain</country>
      </address>
    </facility>
    <status>Not yet recruiting</status>
    <contact>
      <last_name>Daniel Alonso, PT</last_name>
      <phone>+34 93.8895445</phone>
      <email>daniel.alonso@uvic.cat</email>
    </contact>
  </location>
  <location>
    <facility>
      <name>Residencia el Nadal. Nursing home</name>
      <address>
        <city>Vic</city>
        <state>Barcelona</state>
        <zip>08500</zip>
        <country>Spain</country>
      </address>
    </facility>
    <status>Not yet recruiting</status>
    <contact>
      <last_name>Helena Guell, PT</last_name>
      <phone>+ 34 938894500</phone>
      <email>helena.guell@uvic.cat</email>
    </contact>
  </location>
  <location>
    <facility>
      <name>University of Vic - Central University of Catalonia. Facultat de Ciències de la Salut i el Benestar; Afiliation with the M3O research group</name>
      <address>
        <city>Vic</city>
        <state>Barcelona</state>
        <zip>08500</zip>
        <country>Spain</country>
      </address>
    </facility>
    <status>Not yet recruiting</status>
    <contact>
      <last_name>Javier Jerez Roig, Ph.D</last_name>
      <phone>+34 667445356</phone>
      <email>javier.jerez@uvic.cat</email>
    </contact>
  </location>
  <location_countries>
    <country>Spain</country>
  </location_countries>
  <verification_date>May 2020</verification_date>
  <study_first_submitted>February 28, 2020</study_first_submitted>
  <study_first_submitted_qc>March 3, 2020</study_first_submitted_qc>
  <study_first_posted type="Actual">March 6, 2020</study_first_posted>
  <last_update_submitted>May 15, 2020</last_update_submitted>
  <last_update_submitted_qc>May 15, 2020</last_update_submitted_qc>
  <last_update_posted type="Actual">May 19, 2020</last_update_posted>
  <responsible_party>
    <responsible_party_type>Principal Investigator</responsible_party_type>
    <investigator_affiliation>University of Vic - Central University of Catalonia</investigator_affiliation>
    <investigator_full_name>Javier Jerez Roig</investigator_full_name>
    <investigator_title>Ph.D. Research Delegate of the Faculty of Health Sciences and Wellfare of University of Vic - Central University of Catalonia. Head of research group on Methodology, Methods, Models and Outcomes of Health and Social Science (M3O)</investigator_title>
  </responsible_party>
  <keyword>Nursing home</keyword>
  <keyword>Older people</keyword>
  <keyword>Urinary incontinence</keyword>
  <keyword>Sedentary behaviour</keyword>
  <keyword>Functioning</keyword>
  <condition_browse>
    <!-- CAUTION:  The following MeSH terms are assigned with an imperfect algorithm            -->
    <mesh_term>Urinary Incontinence</mesh_term>
    <mesh_term>Enuresis</mesh_term>
  </condition_browse>
  <!-- Results have not yet been posted for this study                                          -->
</clinical_study>

