<?xml version="1.0" encoding="UTF-8"?>
<clinical_study rank="4817">
  <!-- This xml conforms to an XML Schema at:
    https://clinicaltrials.gov/ct2/html/images/info/public.xsd -->
  <required_header>
    <download_date>ClinicalTrials.gov processed this data on February 08, 2021</download_date>
    <link_text>Link to the current ClinicalTrials.gov record.</link_text>
    <url>https://clinicaltrials.gov/show/NCT03681288</url>
  </required_header>
  <id_info>
    <org_study_id>D2893-P</org_study_id>
    <secondary_id>1I21RX002893-01A1</secondary_id>
    <nct_id>NCT03681288</nct_id>
  </id_info>
  <brief_title>Mindful Self Compassion for Combat Deployed Veterans With Moral Injury and Co-occurring PTSD-SUD</brief_title>
  <official_title>Mindful Self Compassion for Combat Deployed Veterans With Moral Injury and Co-occurring PTSD-SUD</official_title>
  <sponsors>
    <lead_sponsor>
      <agency>VA Office of Research and Development</agency>
      <agency_class>U.S. Fed</agency_class>
    </lead_sponsor>
    <collaborator>
      <agency>Providence VA Medical Center</agency>
      <agency_class>U.S. Fed</agency_class>
    </collaborator>
  </sponsors>
  <source>VA Office of Research and Development</source>
  <oversight_info>
    <has_dmc>No</has_dmc>
    <is_fda_regulated_drug>No</is_fda_regulated_drug>
    <is_fda_regulated_device>No</is_fda_regulated_device>
    <is_us_export>No</is_us_export>
  </oversight_info>
  <brief_summary>
    <textblock>
      Veterans with co-occurring Posttraumatic Stress Disorder and Substance Use Disorder&#xD;
      (PTSD-SUD) experience more severe symptomatology and poorer response to existing treatments&#xD;
      than Veterans with either disorder alone. Guilt is a common posttraumatic reaction and has&#xD;
      been implicated as a risk factor for the development and maintenance of PTSD and substance&#xD;
      use. Combat Veterans often report experiencing moral injury defined as perpetrating, failing&#xD;
      to prevent, or witnessing acts that violate the values they live by in their civilian lives,&#xD;
      which can lead to feelings of guilt and shame. Accordingly, reduction in guilt and increase&#xD;
      in self-compassion may lead to improved quality of life for Veterans. This project will&#xD;
      conduct a pilot study to evaluate changes in self-compassion, guilt, and PTSD-SUD symptom&#xD;
      severity in a sample of Veterans after receiving 8 sessions of Mindful Self Compassion&#xD;
      treatment (via a telehealth modality during COVID-19 pandemic). Findings will have&#xD;
      significant impact on effective treatment options and lead to improvements in Veterans'&#xD;
      quality of life and posttraumatic symptoms.&#xD;
    </textblock>
  </brief_summary>
  <detailed_description>
    <textblock>
      PTSD-SUD is particularly common following combat exposure, affecting a rapidly increasing&#xD;
      number of U.S. military Veterans. The co-occurrence of these disorders presents added&#xD;
      challenges to the VA treatment delivery system, presently in need of effective integrated&#xD;
      treatments. Veterans with PTSD-SUD experience more severe symptomatology, increased risk of&#xD;
      suicidality, poorer quality of life, and poorer response to existing treatments than Veterans&#xD;
      with either disorder alone. Furthermore, PTSD-SUD prevents Veterans from reintegrating into&#xD;
      society and is associated with occupational and social dysfunction. These findings underscore&#xD;
      the need to effectively and efficiently address comorbidity and the complex array of problems&#xD;
      with which Veterans present to treatment.&#xD;
&#xD;
      One approach is to develop interventions that target mechanisms thought to underlie multiple&#xD;
      highly prevalent disorders, such as guilt related to traumatic experiences. Combat Veterans&#xD;
      often report experiencing moral injury defined as perpetrating, failing to prevent, or&#xD;
      witnessing acts that violate the values they live by in their civilian lives. Veterans who&#xD;
      negatively appraise their actions or inaction during combat may experience guilt, a common&#xD;
      posttraumatic reaction. Moral injury suggests the inability to contextualize or justify&#xD;
      actions and the unsuccessful accommodation of those morally challenging experiences into&#xD;
      pre-existing moral schemas, resulting in guilt and shame. Posttraumatic guilt has been&#xD;
      implicated as a risk factor for the development and maintenance of several forms of&#xD;
      psychopathology including PTSD, SUD, depression, and suicidality. However, to date,&#xD;
      treatments for posttraumatic psychological health issues have been primarily disorder&#xD;
      specific, with a focus largely on symptom reduction. Therefore, greater understanding of&#xD;
      modifiable factors that influence functional impairment and PTSD-SUD is needed to enhance&#xD;
      treatment efforts.&#xD;
&#xD;
      Mindful Self Compassion (MSC) combines the skills of mindfulness and self-compassion,&#xD;
      providing self-soothing skills to respond to difficult thoughts and feelings (including&#xD;
      guilt) via meditation. Self-compassion (SC) emphasizes kindness towards one's self, a feeling&#xD;
      of connectedness with others, and mindful awareness of distressing experiences. Furthermore,&#xD;
      because SC is negatively associated with self-criticism, rumination, thought suppression,&#xD;
      anxiety, and depression, and positively associated with healthy psychological functioning, it&#xD;
      is well suited to addressing posttraumatic psychopathology, shame, and guilt.&#xD;
&#xD;
      This proposal will begin to address a gap in the field's knowledge about MSC, and its role in&#xD;
      the treatment of co-occurring disorders in Veterans with moral injury. The investigators will&#xD;
      evaluate changes in self-compassion, post-traumatic guilt, shame, PTSD and substance use&#xD;
      symptom severity. In addition to symptom reduction, the investigators will focus on&#xD;
      functional outcomes (e.g., quality of life, suicidality). Participants will complete&#xD;
      assessments at baseline, post-treatment, and 1-month follow-up. This project will allow us to&#xD;
      1) determine the feasibility of recruitment, 2) determine the acceptability of MSC, 3)&#xD;
      provide preliminary evidence of the effects of MSC, and 4) refine study procedures and make&#xD;
      adaptations to MSC based upon experience gained in the pilot in preparation for a fully&#xD;
      powered RCT to test the effectiveness of MSC.&#xD;
    </textblock>
  </detailed_description>
  <overall_status>Active, not recruiting</overall_status>
  <start_date type="Actual">May 21, 2019</start_date>
  <completion_date type="Anticipated">March 31, 2021</completion_date>
  <primary_completion_date type="Anticipated">February 26, 2021</primary_completion_date>
  <phase>N/A</phase>
  <study_type>Interventional</study_type>
  <has_expanded_access>No</has_expanded_access>
  <study_design_info>
    <allocation>N/A</allocation>
    <intervention_model>Single Group Assignment</intervention_model>
    <primary_purpose>Treatment</primary_purpose>
    <masking>None (Open Label)</masking>
  </study_design_info>
  <primary_outcome>
    <measure>Self-Compassion Scale (SCS); Change from baseline in Self-Compassion at post-treatment (2 mo) and follow up (3mo)</measure>
    <time_frame>Baseline, 8-10 weeks, 12-14 weeks</time_frame>
    <description>The SCS is a 26-item self-report questionnaire in which respondents describe how they relate to themselves during times of distress. The SCS includes the 5 item Self-Kindness subscale (ranging from 5-25; higher scores reflect more self-kindness), the 5-item Self-Judgment subscale (ranging from 5-25; higher scores reflect more self-judgment), the 4-item Common Humanity subscale (ranging from 4-20; higher scores reflect higher levels of common humanity), the 4-item Isolation subscale (ranging from 4-20; higher scores indicate higher levels of isolation), the 4-item Mindfulness subscale (ranging from 4-20; higher scores reflect higher levels of mindfulness) and the 4-item Over-Identification subscale (ranging from 4-20). Responses are given on a 5-point scale from &quot;1-Almost Never&quot; to &quot;5-Almost Always.&quot; Mean scores on the six subscales are then averaged to create an overall self-compassion score ranging from 26 to 130. Higher scores correspond to higher levels of self-compassion.</description>
  </primary_outcome>
  <primary_outcome>
    <measure>Trauma-Related Guilt Inventory (TRGI); Change from baseline in trauma-related guilt at post-treatment (2 mo) and follow up (3mo)</measure>
    <time_frame>Baseline, 8-10 weeks, 12-14 weeks</time_frame>
    <description>The TRGI is a 32-item validated self-report measure assessing traumatic guilt. The TRGI has three scales - Guilt Severity, Distress, and Guilt Cognitions. In all 32 items the answers are recorded on 5-point scale (ranging from 0 - not at all true to 4 - extremely true). Eight items are reverse-scored. We will use the TRGI as one of our eligibility criteria and to monitor changes in guilt and related cognitions over time.</description>
  </primary_outcome>
  <primary_outcome>
    <measure>Internalized Shame Scale (ISS); Change from baseline in shame at post-treatment (2 mo) and follow up (3mo)</measure>
    <time_frame>Baseline, 8-10 weeks, 12-14 weeks</time_frame>
    <description>The ISS is a 30-item self-report measure assessing shame proneness scored on a 5-point Likert scale ranging from 0 = &quot;never&quot; to 4 = &quot;almost always&quot;. The ISS yields sum scores for two subscales, self-esteem (6 items; range = 0-24 with higher scores reflecting higher levels of self-esteem) and internalized shame (24 items; range = 0-96 with higher scores reflecting higher levels of shame) and has been well-validated with research and clinical populations. The self-esteem items are interspersed to counteract a negative response set.</description>
  </primary_outcome>
  <secondary_outcome>
    <measure>Clinician Administered PTSD Scale for DSM-5; Change from baseline in PTSD symptoms at post-treatment (2 mo) and follow up (3mo)</measure>
    <time_frame>Baseline, 8-10 weeks, 12-14 weeks</time_frame>
    <description>The CAPS is a semi-structured interview used to assess PTSD diagnostic criteria and severity. Respondents select up to three of the most traumatic events they have experienced, and those events are used as the basis for assessing PTSD symptoms. The CAPS assesses each of the 20 items from the DSM-5 criteria B, C, D, and E. The assessor combines information about frequency and intensity of an item into a single severity rating (0=Absent; 1=Mild/subthreshold; 2=Moderate/threshold; 3=Severe/markedly elevated; 4=Extreme/incapacitating). CAPS-5 total symptom severity score is calculated by summing severity scores for the 20 DSM-5 PTSD symptoms (range = 0-40). Similarly, CAPS-5 symptom cluster severity scores are calculated by summing the individual item severity scores for symptoms corresponding to a given DSM-5 cluster: Criterion B (items 1-5); Criterion C (items 6-7); Criterion D (items 8-14); and, Criterion E (items 15-20).</description>
  </secondary_outcome>
  <secondary_outcome>
    <measure>Quality Of Life Enjoyment &amp; Satisfaction Questionnaire (WHO-QOL-BREF); Change from baseline in quality of life at post-treatment (2 mo) and follow up (3mo)</measure>
    <time_frame>Baseline, 8-10 weeks, 12-14 weeks</time_frame>
    <description>The WHO-QOL BREF is a 26-item validated self-report measure that that assesses quality of life across four domains: physical (7 items, range 1-5), psychological (6 items, range 1-5), social relationships (3 items, range 1-5), and environment (8 items, range 1-5). The four domain scores denote an individual's perception of quality of life in each particular domain. The mean score of items within each domain is used to calculate the domain score. Domain scores are scaled in a positive direction (i.e. higher scores denote higher quality of life).&#xD;
There are also two items that are examined separately: question 1 asks about an individual's overall perception of quality of life on a scale of 1 - &quot;very poor&quot; to 5 - &quot;very good&quot;. Question 2 asks about an individual's overall perception of their health on a scale of 1 - &quot;very dissatisfied&quot; to 5 - &quot;very satisfied&quot;. The WHO-QOL-BREF has excellent internal validity and test-retest reliability.</description>
  </secondary_outcome>
  <secondary_outcome>
    <measure>Timeline Follow-back; Change from baseline in frequency of substance use at post-treatment (2 mo) and follow up (3mo)</measure>
    <time_frame>Baseline, 8-10 weeks, 12-14 weeks</time_frame>
    <description>The Alcohol TLFB is a drinking assessment method that obtains estimates of daily drinking. The TLFB will be employed at all three assessment points to evaluate alcohol and other substance use during the 90 days preceding each interview. Using a calendar, people provide retrospective estimates of their daily drinking over a specified time period. The TLFB will be used at each follow-up to establish: percentage days heavy drinking, percent days abstinent, length of initial abstinence, length of use episodes, severity of relapse and current alcohol/drug use pattern. The Alcohol TLFB has been shown to have good psychometric characteristics with a variety of groups, and can generate variables that provide a wide range of information about an individual's use (e.g., pattern, variability, and magnitude of use).</description>
  </secondary_outcome>
  <other_outcome>
    <measure>Beck Scale for Suicidal Ideation; Change from baseline in suicidal risk at post-treatment (2 mo) and follow up (3mo)</measure>
    <time_frame>Baseline, 8-10 weeks, 12-14 weeks</time_frame>
    <description>Beck Scale for Suicidal Ideation (BSSI): This scale is a 19-items instrument that evaluates the presence and intensity of suicidal thoughts in a week before evaluation (19). Each item is scored based on an ordinal scale from 0 to 2 and the total score is 0 to 38 with higher score indicating more risk for suicide.</description>
  </other_outcome>
  <number_of_arms>1</number_of_arms>
  <enrollment type="Anticipated">24</enrollment>
  <condition>Substance Use Disorder</condition>
  <condition>Post-traumatic Stress Disorder</condition>
  <condition>Moral Injury</condition>
  <arm_group>
    <arm_group_label>MSC</arm_group_label>
    <arm_group_type>Experimental</arm_group_type>
    <description>Mindful Self-Compassion Intervention</description>
  </arm_group>
  <intervention>
    <intervention_type>Behavioral</intervention_type>
    <intervention_name>Mindful Self-Compassion</intervention_name>
    <description>Mindful Self-Compassion Intervention</description>
    <arm_group_label>MSC</arm_group_label>
  </intervention>
  <eligibility>
    <criteria>
      <textblock>
        Inclusion Criteria:&#xD;
&#xD;
          -  moral injury as captured by at least one &quot;strongly agree&quot; response on the Moral Injury&#xD;
             Events Scale&#xD;
&#xD;
          -  diagnosis of PTSD (within the last 30 days) confirmed by the Clinician Administered&#xD;
             PTSD Scale (CAPS) with a total symptom score of 22 or more&#xD;
&#xD;
          -  diagnosis of a substance use disorder confirmed by the Structured Clinical Interview&#xD;
             for DSM-5 Section E (SCID-E) within the last year&#xD;
&#xD;
          -  willing and able to provide informed consent&#xD;
&#xD;
          -  not currently receiving trauma-focused treatment&#xD;
&#xD;
        Exclusion Criteria:&#xD;
&#xD;
          -  individuals with an acute psychotic disorder or acute psychotic symptoms are not&#xD;
             eligible if their symptoms are unstable and if they are not well connected with&#xD;
             appropriate mental health services&#xD;
&#xD;
          -  patients with a psychiatric hospitalization or suicide attempt within the past month&#xD;
             will be excluded&#xD;
&#xD;
          -  currently receiving trauma-focused treatment, e.g., (PE, CPT, CBT for PTSD)&#xD;
&#xD;
               -  Patients currently enrolled in trauma-focused treatment may be enrolled when they&#xD;
                  have completed the treatment if they remain interested and continue to have PTSD&#xD;
&#xD;
          -  individuals with life-threatening or unstable medical illness. Diagnoses of mild&#xD;
             cognitive impairment (e.g. mTBI) and other anxiety and depressive disorders will not&#xD;
             be excluded because of their high comorbidity with PTSD and SUD&#xD;
      </textblock>
    </criteria>
    <gender>All</gender>
    <minimum_age>18 Years</minimum_age>
    <maximum_age>N/A</maximum_age>
    <healthy_volunteers>No</healthy_volunteers>
  </eligibility>
  <overall_official>
    <last_name>Erica M. Eaton, PhD</last_name>
    <role>Principal Investigator</role>
    <affiliation>Providence VA Medical Center, Providence, RI</affiliation>
  </overall_official>
  <location>
    <facility>
      <name>Providence VA Medical Center, Providence, RI</name>
      <address>
        <city>Providence</city>
        <state>Rhode Island</state>
        <zip>02908</zip>
        <country>United States</country>
      </address>
    </facility>
  </location>
  <location_countries>
    <country>United States</country>
  </location_countries>
  <verification_date>January 2021</verification_date>
  <study_first_submitted>September 20, 2018</study_first_submitted>
  <study_first_submitted_qc>September 20, 2018</study_first_submitted_qc>
  <study_first_posted type="Actual">September 24, 2018</study_first_posted>
  <last_update_submitted>January 15, 2021</last_update_submitted>
  <last_update_submitted_qc>January 15, 2021</last_update_submitted_qc>
  <last_update_posted type="Actual">January 19, 2021</last_update_posted>
  <responsible_party>
    <responsible_party_type>Sponsor</responsible_party_type>
  </responsible_party>
  <keyword>PTSD</keyword>
  <keyword>substance use disorder</keyword>
  <keyword>moral injury</keyword>
  <keyword>self-compassion</keyword>
  <keyword>mindfulness</keyword>
  <keyword>Veterans</keyword>
  <condition_browse>
    <!-- CAUTION:  The following MeSH terms are assigned with an imperfect algorithm            -->
    <mesh_term>Disease</mesh_term>
    <mesh_term>Substance-Related Disorders</mesh_term>
    <mesh_term>Wounds and Injuries</mesh_term>
    <mesh_term>Stress Disorders, Traumatic</mesh_term>
    <mesh_term>Stress Disorders, Post-Traumatic</mesh_term>
  </condition_browse>
  <patient_data>
    <sharing_ipd>Yes</sharing_ipd>
    <ipd_description>A de-identified, anonymized dataset will be created and shared. The principal investigator will share de-identified datasets, statistics, and results collected from this proposal by depositing these data at the National Library of Medicine (NLM) PubMed Central website repository as this is a VA supported data repository. Additional documentation including metadata that will include information about the methodology and study procedures used to collect the data, details about code, and 'definition of variables will also be included.&#xD;
Both scientists and the public will benefit from sharing these data because data sharing incentivizes researchers to produce and ensure higher quality data for sharing with peers, the scientific community, and the public. Further, data sharing encourages collaboration among researchers to share resources to produce new findings and reduces redundancy of data production in scientific research, which saves investment dollars and time.</ipd_description>
    <ipd_info_type>Study Protocol</ipd_info_type>
    <ipd_info_type>Statistical Analysis Plan (SAP)</ipd_info_type>
    <ipd_info_type>Informed Consent Form (ICF)</ipd_info_type>
    <ipd_info_type>Clinical Study Report (CSR)</ipd_info_type>
    <ipd_time_frame>6 months post publication</ipd_time_frame>
    <ipd_access_criteria>6 months post publication</ipd_access_criteria>
  </patient_data>
  <!-- Results have not yet been posted for this study                                          -->
</clinical_study>

