<?xml version="1.0" encoding="UTF-8"?>
<clinical_study rank="4871">
  <!-- This xml conforms to an XML Schema at:
    https://clinicaltrials.gov/ct2/html/images/info/public.xsd -->
  <required_header>
    <download_date>ClinicalTrials.gov processed this data on February 08, 2021</download_date>
    <link_text>Link to the current ClinicalTrials.gov record.</link_text>
    <url>https://clinicaltrials.gov/show/NCT04068922</url>
  </required_header>
  <id_info>
    <org_study_id>IRB201802729</org_study_id>
    <secondary_id>4R00AG052642-03</secondary_id>
    <secondary_id>5K99AG052642-02</secondary_id>
    <nct_id>NCT04068922</nct_id>
  </id_info>
  <brief_title>Adaptability and Resilience in Aging Adults-2</brief_title>
  <acronym>ARIAA-2</acronym>
  <official_title>Adaptability and Resilience in Aging Adults-2</official_title>
  <sponsors>
    <lead_sponsor>
      <agency>University of Florida</agency>
      <agency_class>Other</agency_class>
    </lead_sponsor>
    <collaborator>
      <agency>National Institute on Aging (NIA)</agency>
      <agency_class>NIH</agency_class>
    </collaborator>
  </sponsors>
  <source>University of Florida</source>
  <oversight_info>
    <has_dmc>No</has_dmc>
    <is_fda_regulated_drug>No</is_fda_regulated_drug>
    <is_fda_regulated_device>No</is_fda_regulated_device>
  </oversight_info>
  <brief_summary>
    <textblock>
      Chronic low back pain is a major health concern among older adults and is associated with&#xD;
      increased economic, functional, and psychological burden. Resilience has been highlighted as&#xD;
      a crucial factor in positive health-related functioning, and a growing body of literature&#xD;
      supports the use of resilience-based interventions in chronic pain. Therefore, the goals of&#xD;
      this project are to examine the feasibility and acceptability of a resilience intervention&#xD;
      for chronic low back pain among older adults.&#xD;
    </textblock>
  </brief_summary>
  <detailed_description>
    <textblock>
      Chronic pain is one of the leading causes of disability, affecting over 100 million people in&#xD;
      the United States and resulting in tremendous health care costs and psychological burden.&#xD;
      Older adults are disproportionately impacted by pain, with an estimated 60-70% of people over&#xD;
      the age of 65 reporting persistent pain. Despite this, pain management is frequently&#xD;
      suboptimal among older adults as pharmacological therapies show limited clinical efficacy and&#xD;
      a greater risk of adverse effects, and nonpharmacological (e.g., psychological) treatments&#xD;
      are often underutilized.&#xD;
&#xD;
      Resilience is conceptualized as adaptive functioning in the face of adversity and comprises a&#xD;
      range of psychological, social, and physical resources. Increasing evidence suggests that&#xD;
      modifiable resilience factors are associated with more favorable pain outcomes, including&#xD;
      lower clinical pain/disability, higher quality of life, and enhanced psychological and&#xD;
      physical functioning. Although cross-sectional research supports the significance of these&#xD;
      resilience factors in pain adaptation, and positive psychological therapies have been shown&#xD;
      to yield improvements in health and well-being, strategies to augment resilience are&#xD;
      understudied in individuals with chronic pain.&#xD;
&#xD;
      Using a Stage Model approach,the aim of this project is to conduct a Stage I pilot study and&#xD;
      examine the feasibility and acceptability of a resilience intervention for chronic low back&#xD;
      pain among older adults. Intervention modules will specifically engage hope, self-efficacy,&#xD;
      positive affect, and pain acceptance.&#xD;
    </textblock>
  </detailed_description>
  <overall_status>Recruiting</overall_status>
  <start_date type="Actual">January 21, 2020</start_date>
  <completion_date type="Anticipated">May 1, 2021</completion_date>
  <primary_completion_date type="Anticipated">May 1, 2021</primary_completion_date>
  <phase>N/A</phase>
  <study_type>Interventional</study_type>
  <has_expanded_access>No</has_expanded_access>
  <study_design_info>
    <allocation>N/A</allocation>
    <intervention_model>Single Group Assignment</intervention_model>
    <primary_purpose>Treatment</primary_purpose>
    <masking>None (Open Label)</masking>
  </study_design_info>
  <primary_outcome>
    <measure>Session-level engagement</measure>
    <time_frame>Up to 7 Weeks</time_frame>
    <description>Treatment Engagement Questionnaire: 6-item study-adapted questionnaire assessing perceptions of engagement, interest in the session content, and usefulness of the home activities. Items are rated on a 0 to 8 scale with the mean value across sessions calculated. Higher scores indicate greater treatment engagement.</description>
  </primary_outcome>
  <primary_outcome>
    <measure>Treatment satisfaction</measure>
    <time_frame>8 Weeks</time_frame>
    <description>8-item Client Satisfaction Questionnaire: Response to self-reported quality of the treatment, willingness to recommend the treatment, and general satisfaction with the treatment. Items are rated on a 1 to 4 scale with the mean value calculated. Higher scores indicate greater satisfaction with the treatment.</description>
  </primary_outcome>
  <primary_outcome>
    <measure>Treatment credibility and expectancy</measure>
    <time_frame>Baseline and Week 1</time_frame>
    <description>Treatment Expectation Questionnaire: 7-item study-adapted questionnaire assessing the credibility and reasonableness of the intervention, and expectation for change in pain symptoms. Items are rated on a 0 to 10 scale or a 0% to 100% scale. Higher scores indicate greater treatment credibility and expectation for improvement.</description>
  </primary_outcome>
  <primary_outcome>
    <measure>Satisfaction with intervention content</measure>
    <time_frame>8 Weeks</time_frame>
    <description>Intervention Content Satisfaction Questionnaire: 33-item study-developed questionnaire assessing the usefulness of each intervention session module and home activity. Items are rated on a 0 to 4 scale with the mean value calculated. Higher scores indicate greater satisfaction with the intervention content.</description>
  </primary_outcome>
  <primary_outcome>
    <measure>Enrollment rate</measure>
    <time_frame>Baseline to Week 1</time_frame>
    <description>Percentage of participants who enroll that commence treatment.</description>
  </primary_outcome>
  <primary_outcome>
    <measure>Percentage of enrolled participant retention</measure>
    <time_frame>Baseline to 8 Weeks</time_frame>
    <description>Percentage of enrolled participants who complete the 8-week time-point.</description>
  </primary_outcome>
  <primary_outcome>
    <measure>Questionnaire feasibility</measure>
    <time_frame>Baseline to 8 Weeks</time_frame>
    <description>Completion rates of study measures (averaged across all sessions).</description>
  </primary_outcome>
  <primary_outcome>
    <measure>Home activity feasibility</measure>
    <time_frame>Up to 6 Weeks</time_frame>
    <description>Home Activities Questionnaire: 3-item study-adapted questionnaire assessing the degree of home-activity completion, level of understanding regarding home activities, and degree of time and effort needed to complete activities. Items are rated on a 0 to 6 scale with the mean value across sessions calculated. Higher scores indicate greater feasibility of home activity completion.</description>
  </primary_outcome>
  <number_of_arms>1</number_of_arms>
  <enrollment type="Anticipated">60</enrollment>
  <condition>Aging</condition>
  <condition>Chronic Low-back Pain</condition>
  <arm_group>
    <arm_group_label>Resilience Intervention</arm_group_label>
    <arm_group_type>Experimental</arm_group_type>
    <description>Participants will initially complete a baseline assessment assessing study eligibility. The Resilience intervention consists of seven weekly 1.5-hour group sessions guided by trained clinicians. Due to the COVID-19 pandemic, these group session may be conducted through Zoom. Skills and content will be directed toward improving pain management by enhancing positive emotions, setting goals, learning to live a life according to one's values, and boosting self-confidence in one's ability to manage pain. Self-administered activities include the identification of personal strengths, pleasant activity scheduling, expressing gratitude, values clarification, mindfulness practice, goal setting, positive reappraisal, and noting positive events.</description>
  </arm_group>
  <intervention>
    <intervention_type>Behavioral</intervention_type>
    <intervention_name>Resilience Intervention</intervention_name>
    <description>Resilience skills training including: pleasant activities, hope/goal-setting, pain acceptance, positive events/reappraisals, and self-efficacy.</description>
    <arm_group_label>Resilience Intervention</arm_group_label>
  </intervention>
  <eligibility>
    <criteria>
      <textblock>
        Inclusion Criteria:&#xD;
&#xD;
          -  Age 60 and older&#xD;
&#xD;
          -  Low back pain on at least half the days over the previous 6 months&#xD;
&#xD;
          -  Average daily back pain score ≥3 on a 0-10 numerical rating scale&#xD;
&#xD;
          -  At least moderate (≥3/10) CLBP-related interference on a 0-10 numerical rating scale&#xD;
&#xD;
          -  Able to read/write in English&#xD;
&#xD;
        Exclusion Criteria:&#xD;
&#xD;
          -  Current participation in another psychological treatment&#xD;
&#xD;
          -  Severe psychiatric illness not adequately controlled by medication (e.g.,&#xD;
             schizophrenia, bipolar disorder) or other conditions anticipated to impair&#xD;
             intervention engagement (e.g., substance abuse/dependence)&#xD;
&#xD;
          -  Presence of chronic, malignant pain (e.g., HIV, cancer) or systemic inflammatory&#xD;
             disease (e.g., rheumatoid arthritis, ankylosing spondylitis, systemic lupus&#xD;
             erythematosus, etc.)&#xD;
&#xD;
          -  Significant cognitive impairment on the MoCA&#xD;
&#xD;
          -  If currently taking prescription analgesic or psychotropic medication, must be&#xD;
             stabilized on these treatments for ≥4 weeks prior to the baseline assessment&#xD;
      </textblock>
    </criteria>
    <gender>All</gender>
    <minimum_age>60 Years</minimum_age>
    <maximum_age>N/A</maximum_age>
    <healthy_volunteers>No</healthy_volunteers>
  </eligibility>
  <overall_official>
    <last_name>Emily Bartley, PhD</last_name>
    <role>Principal Investigator</role>
    <affiliation>University of Florida</affiliation>
  </overall_official>
  <overall_contact>
    <last_name>Emily Bartley, PhD</last_name>
    <phone>352-273-8934</phone>
    <email>EBartley@dental.ufl.edu</email>
  </overall_contact>
  <location>
    <facility>
      <name>University of Florida</name>
      <address>
        <city>Gainesville</city>
        <state>Florida</state>
        <zip>32610</zip>
        <country>United States</country>
      </address>
    </facility>
    <status>Recruiting</status>
    <contact>
      <last_name>Emily Bartley, PhD</last_name>
      <phone>352-273-8934</phone>
      <email>EBartley@dental.ufl.edu</email>
    </contact>
    <investigator>
      <last_name>Emily J Bartley, Ph.D</last_name>
      <role>Principal Investigator</role>
    </investigator>
  </location>
  <location_countries>
    <country>United States</country>
  </location_countries>
  <verification_date>October 2020</verification_date>
  <study_first_submitted>August 23, 2019</study_first_submitted>
  <study_first_submitted_qc>August 23, 2019</study_first_submitted_qc>
  <study_first_posted type="Actual">August 28, 2019</study_first_posted>
  <last_update_submitted>October 21, 2020</last_update_submitted>
  <last_update_submitted_qc>October 21, 2020</last_update_submitted_qc>
  <last_update_posted type="Actual">October 23, 2020</last_update_posted>
  <responsible_party>
    <responsible_party_type>Sponsor</responsible_party_type>
  </responsible_party>
  <keyword>aging</keyword>
  <keyword>resilience</keyword>
  <keyword>low back pain</keyword>
  <keyword>positive affect</keyword>
  <keyword>hope</keyword>
  <keyword>self-efficacy</keyword>
  <keyword>acceptance</keyword>
  <condition_browse>
    <!-- CAUTION:  The following MeSH terms are assigned with an imperfect algorithm            -->
    <mesh_term>Back Pain</mesh_term>
    <mesh_term>Low Back Pain</mesh_term>
  </condition_browse>
  <patient_data>
    <sharing_ipd>No</sharing_ipd>
  </patient_data>
  <!-- Results have not yet been posted for this study                                          -->
</clinical_study>

