<?xml version="1.0" encoding="UTF-8"?>
<clinical_study rank="5012">
  <!-- This xml conforms to an XML Schema at:
    https://clinicaltrials.gov/ct2/html/images/info/public.xsd -->
  <required_header>
    <download_date>ClinicalTrials.gov processed this data on February 08, 2021</download_date>
    <link_text>Link to the current ClinicalTrials.gov record.</link_text>
    <url>https://clinicaltrials.gov/show/NCT04301518</url>
  </required_header>
  <id_info>
    <org_study_id>SP019</org_study_id>
    <nct_id>NCT04301518</nct_id>
  </id_info>
  <brief_title>Prematurity Risk Assessment Combined With Clinical Interventions for Improving Neonatal outcoMEs</brief_title>
  <acronym>PRIME</acronym>
  <official_title>Prematurity Risk Assessment Combined With Clinical Interventions for Improving Neonatal outcoMEs</official_title>
  <sponsors>
    <lead_sponsor>
      <agency>Sera Prognostics, Inc.</agency>
      <agency_class>Industry</agency_class>
    </lead_sponsor>
    <collaborator>
      <agency>High Risk Pregnancy Center, Las Vegas, Nevada</agency>
      <agency_class>Other</agency_class>
    </collaborator>
  </sponsors>
  <source>Sera Prognostics, Inc.</source>
  <oversight_info>
    <has_dmc>Yes</has_dmc>
    <is_fda_regulated_drug>No</is_fda_regulated_drug>
    <is_fda_regulated_device>No</is_fda_regulated_device>
  </oversight_info>
  <brief_summary>
    <textblock>
      This prospective, randomized, controlled study evaluates the safety and efficacy of a preterm&#xD;
      birth (PTB) prevention strategy versus standard of care pregnancy management to reduce the&#xD;
      incidence of adverse pregnancy outcomes.&#xD;
    </textblock>
  </brief_summary>
  <detailed_description>
    <textblock>
      Prospective subjects will be randomized to the PTB prevention strategy (PTB Prevention arm)&#xD;
      or to standard of care management (Control arm). Subjects randomized to the preterm birth&#xD;
      prevention strategy will receive either routine standard of care pregnancy management or a&#xD;
      multimodal intervention protocol reserved for higher risk pregnancies based on the results of&#xD;
      a commercially-available laboratory developed test, PreTRM® (Sera Prognostics, Inc). The&#xD;
      intervention protocol utilizes well-established high-risk pregnancy interventions to improve&#xD;
      maternal and neonatal health outcomes.&#xD;
&#xD;
      After enrollment, all subjects will have a blood sample collected once between 19 1/7 weeks&#xD;
      and 20 6/7 weeks (134-146 days) of pregnancy. Subjects will be randomized 1:1 to participate&#xD;
      in the preterm birth prevention strategy arm or standard of care for pregnancy (Control) arm.&#xD;
      Subjects randomized to the Control arm will not receive PreTRM® test results. Subjects&#xD;
      randomized to the PTB Prevention arm will receive the results of the PreTRM® test. Results&#xD;
      will be reported to the subject, the study Investigator, and the subject's primary pregnancy&#xD;
      care provider as &quot;higher risk&quot; of prematurity (≥15%) or &quot;not higher&quot; risk. Subjects with&#xD;
      results less than 15% risk (Not Higher Risk Group) by the PreTRM® test will receive standard&#xD;
      of care for the duration of pregnancy through hospital discharge. Subjects with results at&#xD;
      15% risk of preterm delivery or greater (Higher Risk Group, equivalent to 2.0-fold the&#xD;
      general population risk) by the PreTRM® test will complete a second consenting process to&#xD;
      receive a prespecified intervention protocol directed toward reducing risk of adverse&#xD;
      pregnancy outcomes inclusive of neonatal morbidity and mortality. All subjects will be&#xD;
      followed through the duration of the pregnancy and delivery, and their neonates until initial&#xD;
      hospital discharge to assess the course of pregnancy, labor, and any related maternal or&#xD;
      fetal complications.&#xD;
&#xD;
      Birth outcomes will be obtained, and liveborn neonates followed through hospital discharge.&#xD;
      Readmission of infants will be assessed at 180 days, 1 year and 3 years of life using the&#xD;
      HealthCore Integrated Research Database to evaluate longer-term outcomes and costs associated&#xD;
      with preterm delivery.&#xD;
    </textblock>
  </detailed_description>
  <overall_status>Recruiting</overall_status>
  <start_date type="Actual">November 6, 2020</start_date>
  <completion_date type="Anticipated">June 30, 2025</completion_date>
  <primary_completion_date type="Anticipated">September 30, 2022</primary_completion_date>
  <phase>N/A</phase>
  <study_type>Interventional</study_type>
  <has_expanded_access>No</has_expanded_access>
  <study_design_info>
    <allocation>Randomized</allocation>
    <intervention_model>Parallel Assignment</intervention_model>
    <intervention_model_description>To determine the efficacy and safety of a PTB prevention strategy, this study will utilize PreTRM® to prospectively stratify pregnant women with a singleton gestation into categories of risk of PTB and adverse neonatal outcomes. Subjects randomized into the PTB Prevention arm who score at or above the predetermined threshold risk will receive protocol-specified care for the prevention of PTB throughout gestation utilizing defined interventions.</intervention_model_description>
    <primary_purpose>Prevention</primary_purpose>
    <masking>None (Open Label)</masking>
  </study_design_info>
  <primary_outcome>
    <measure>Neonatal morbidity/mortality</measure>
    <time_frame>Through initial neonate discharge from hospital after birth for all neonates, assessed up to 180 days.</time_frame>
    <description>Reduction in composite neonatal morbidity and mortality in the PTB Prevention arm versus the Control arm.</description>
  </primary_outcome>
  <primary_outcome>
    <measure>Length of neonatal hospital stay</measure>
    <time_frame>Through initial neonate discharge from hospital after birth for all neonates, assessed up to 180 days.</time_frame>
    <description>Reduction in length of neonatal hospital stay for admissions from time of birth up to initial neonatal hospital discharge home or neonatal death, whichever occurs first, in the PTB Prevention arm versus the Control arm.</description>
  </primary_outcome>
  <secondary_outcome>
    <measure>Length of NICU hospital stay for neonates reduction</measure>
    <time_frame>Through initial neonate discharge from hospital after birth or until neonatal death, whichever occurs first, assessed up to 180 days.</time_frame>
    <description>Reduction in all days spent in the neonatal intensive care unit (NICU) for neonates from time of birth up to discharge home or neonatal death, whichever occurs first, in the PTB Prevention arm versus the Control arm.</description>
  </secondary_outcome>
  <secondary_outcome>
    <measure>Increase gestation</measure>
    <time_frame>Gestational age at delivery</time_frame>
    <description>Increase in duration of gestation in the PTB Prevention arm versus the Control arm.</description>
  </secondary_outcome>
  <other_outcome>
    <measure>Reduction in occurrence of one or more major neonatal morbidities</measure>
    <time_frame>3 year infant follow-up</time_frame>
    <description>Reduction in occurrence of one or more major neonatal morbidities (MNM) with high likelihood of major chronic illness - cystic periventricular leukomalacia, grade 3 and 4 intraventricular hemorrhage, grade 3 or higher retinopathy of prematurity and/or bronchopulmonary dysplasia - in the PTB Prevention arm versus the Control arm.</description>
  </other_outcome>
  <other_outcome>
    <measure>Cost reduction of neonatal hospitalizations for all admissions</measure>
    <time_frame>Birth up to neonatal discharge, assessed up to 180 days</time_frame>
    <description>Reduction in all-cause cost of neonatal hospitalizations for all admissions from time of birth up to neonatal discharge in the PTB Prevention arm versus the Control arm.</description>
  </other_outcome>
  <other_outcome>
    <measure>Cost reduction of neonatal hospitalizations for NICU admissions</measure>
    <time_frame>Birth up to neonatal discharge, assessed up to 180 days</time_frame>
    <description>Reduction in all-cause cost of neonatal hospitalizations, for NICU admissions from time of birth up to neonatal discharge in the PTB Prevention arm versus the Control arm.</description>
  </other_outcome>
  <other_outcome>
    <measure>Cost reduction of neonatal hospitalizations for PTB admissions</measure>
    <time_frame>Birth up to neonatal discharge, assessed up to 180 days</time_frame>
    <description>Reduction in all-cause cost of neonatal hospitalizations, for PTB admissions from time of birth up to neonatal discharge in the PTB Prevention arm versus the Control arm.</description>
  </other_outcome>
  <other_outcome>
    <measure>Cost reduction of neonatal hospitalizations for PTB admissions after sPTB</measure>
    <time_frame>Birth up to neonatal discharge, assessed up to 180 days</time_frame>
    <description>Reduction in all-cause cost of neonatal hospitalizations from time of birth up to neonatal discharge for admissions of preterm births after spontaneous rupture of membranes or spontaneous onset of labor (sPTB), in the PTB Prevention arm versus the Control arm.</description>
  </other_outcome>
  <other_outcome>
    <measure>Reduction in rate of preterm birth &lt;32 weeks gestation</measure>
    <time_frame>Delivery</time_frame>
    <description>Reduction in the rate of preterm birth &lt;32 weeks of gestation in the PTB Prevention arm versus the Control arm.</description>
  </other_outcome>
  <other_outcome>
    <measure>Reduction in rate of preterm birth &lt;35 weeks gestation</measure>
    <time_frame>Delivery</time_frame>
    <description>Reduction in the rate of preterm birth &lt;35 weeks of gestation in the PTB Prevention arm versus the Control arm</description>
  </other_outcome>
  <other_outcome>
    <measure>Reduction in rate of preterm birth &lt;37 weeks gestation</measure>
    <time_frame>Delivery</time_frame>
    <description>Reduction in the rate of preterm birth &lt;37 weeks of gestation in the PTB Prevention arm versus the Control arm.</description>
  </other_outcome>
  <other_outcome>
    <measure>Reduction in rate of preterm birth &lt;32 weeks gestation after sPTB</measure>
    <time_frame>Delivery</time_frame>
    <description>Reduction in the rate of preterm birth &lt;32 weeks of gestation after spontaneous rupture of membranes or spontaneous onset of labor (sPTB), in the PTB Prevention arm versus the Control arm.</description>
  </other_outcome>
  <other_outcome>
    <measure>Reduction in rate of preterm birth &lt;35 weeks gestation after sPTB</measure>
    <time_frame>Delivery</time_frame>
    <description>Reduction in the rate of preterm birth &lt;35 weeks of gestation after spontaneous rupture of membranes or spontaneous onset of labor (sPTB), in the PTB Prevention arm versus the Control arm.</description>
  </other_outcome>
  <other_outcome>
    <measure>Reduction in rate of preterm birth &lt;37 weeks gestation after sPTB</measure>
    <time_frame>Delivery</time_frame>
    <description>Reduction in the rate of preterm birth &lt;37 weeks of gestation after spontaneous rupture of membranes or spontaneous onset of labor (sPTB), in the PTB Prevention arm versus the Control arm.</description>
  </other_outcome>
  <other_outcome>
    <measure>NICU days reduction/NICU admissions &lt;37 weeks</measure>
    <time_frame>Through initial neonatal discharge from hospital after birth or until neonatal death, whichever occurs first, up to 180 days of life</time_frame>
    <description>Reduction in all days spent in the NICU for all NICU admissions of preterm neonates (&lt;37 weeks, only PTB with NICU admission) from birth up to neonatal discharge to home or neonatal death, whichever occurs first, in the PTB Prevention arm versus the Control arm.</description>
  </other_outcome>
  <other_outcome>
    <measure>NICU days reduction/NICU admissions of sPTB neonates with NICU admission</measure>
    <time_frame>Through initial neonatal discharge from hospital after birth or until neonatal death, whichever occurs first, up to 180 days of life</time_frame>
    <description>Reduction in all days spent in the NICU for all NICU admissions of spontaneous preterm neonates (only sPTB with NICU admission) from birth up to neonatal discharge to home or neonatal death, whichever occurs first, in the PTB Prevention arm versus the Control arm.</description>
  </other_outcome>
  <other_outcome>
    <measure>NICU days reduction/NICU admissions of all preterm neonates</measure>
    <time_frame>Through initial neonatal discharge from hospital after birth or until neonatal death, whichever occurs first, up to 180 days of life</time_frame>
    <description>Reduction in all days spent in the NICU from birth up to neonatal discharge to home or neonatal death, whichever occurs first, for all preterm neonates (independent of NICU admission including zero-length stays for those not admitted), in the PTB Prevention arm versus the Control arm.</description>
  </other_outcome>
  <other_outcome>
    <measure>NICU days reduction/NICU admissions of sPTB neonates</measure>
    <time_frame>Through initial neonatal discharge from hospital after birth or until neonatal death, whichever occurs first, up to 180 days of life</time_frame>
    <description>Reduction in all days spent in the NICU from birth up to neonatal discharge to home or neonatal death, whichever occurs first, for all sPTB neonates (independent of NICU admission including zero-length stays for those not admitted), in the PTB Prevention arm versus the Control arm.</description>
  </other_outcome>
  <other_outcome>
    <measure>Preterm neonatal hospital stay reduction</measure>
    <time_frame>Through initial neonatal discharge from hospital after birth or until neonatal death, whichever occurs first, up to 180 days of life</time_frame>
    <description>Reduction in length of neonatal hospital stay from birth up to neonatal discharge home or neonatal death, whichever occurs first, for all preterm neonates (&lt;37 weeks, all PTB), in the PTB Prevention arm versus the Control arm.</description>
  </other_outcome>
  <other_outcome>
    <measure>Preterm neonatal hospital stay reduction for sPTB</measure>
    <time_frame>Through initial neonatal discharge from hospital after birth or until neonatal death, whichever occurs first, up to 180 days of life</time_frame>
    <description>Reduction in length of neonatal hospital stay from birth up to neonatal discharge home or neonatal death, whichever occurs first, for all preterm neonates (&lt;37 weeks, all sPTB), in the PTB Prevention arm versus the Control arm.</description>
  </other_outcome>
  <other_outcome>
    <measure>Neonatal hospital and NICU stay reduction after readmission for all admissions</measure>
    <time_frame>From initial neonatal discharge to home (assessed up to 180 days of life) and within 180 days of life for those discharged prior to 180 days of life</time_frame>
    <description>Reduction in days of total hospital and NICU stay after readmission of infants after initial discharge home and within 180 days of life for all admissions, in the PTB Prevention arm versus the Control arm.</description>
  </other_outcome>
  <other_outcome>
    <measure>Neonatal hospital and NICU stay reduction after readmission for NICU admissions</measure>
    <time_frame>From initial neonatal discharge to home (assessed up to 180 days of life) and within 180 days of life for those discharged prior to 180 days of life</time_frame>
    <description>Reduction in days of total hospital and NICU stay after readmission of infants after initial discharge home and within 180 days of life for NICU admissions, in the PTB Prevention arm versus the Control arm.</description>
  </other_outcome>
  <other_outcome>
    <measure>Neonatal hospital and NICU stay reduction after readmission for PTB admissions</measure>
    <time_frame>From initial neonatal discharge to home (assessed up to 180 days of life) and within 180 days of life for those discharged prior to 180 days of life</time_frame>
    <description>Reduction in days of total hospital and NICU stay after readmission of infants after initial discharge home and within 180 days of life for PTB admissions, in the PTB Prevention arm versus the Control arm.</description>
  </other_outcome>
  <other_outcome>
    <measure>Neonatal hospital and NICU stay reduction after readmission for sPTB admissions</measure>
    <time_frame>From initial neonatal discharge to home (assessed up to 180 days of life) and within 180 days of life for those discharged prior to 180 days of life</time_frame>
    <description>Reduction in days of total hospital and NICU stay after readmission of infants after initial discharge home and within 180 days of life for sPTB admissions, in the PTB Prevention arm versus the Control arm.</description>
  </other_outcome>
  <other_outcome>
    <measure>Hospital readmission cost reduction for all admissions</measure>
    <time_frame>From initial neonatal discharge to home (assessed up to 180 days of life) and within 180 days of life for those discharged prior to 180 days of life</time_frame>
    <description>Reduction in all-cause costs of hospital readmission of infants after initial discharge and within 180 days of life for all admissions, in the PTB Prevention arm versus the Control arm.</description>
  </other_outcome>
  <other_outcome>
    <measure>Hospital readmission cost reduction for NICU admissions</measure>
    <time_frame>From initial neonatal discharge to home (assessed up to 180 days of life) and within 180 days of life for those discharged prior to 180 days of life</time_frame>
    <description>Reduction in all-cause costs of hospital readmission of infants after initial discharge and within 180 days of life for NICU admissions, in the PTB Prevention arm versus the Control arm.</description>
  </other_outcome>
  <other_outcome>
    <measure>Hospital readmission cost reduction for PTB admissions</measure>
    <time_frame>From initial neonatal discharge to home (assessed up to 180 days of life) and within 180 days of life for those discharged prior to 180 days of life</time_frame>
    <description>Reduction in all-cause costs of hospital readmission of infants after initial discharge and within 180 days of life for PTB admissions, in the PTB Prevention arm versus the Control arm.</description>
  </other_outcome>
  <other_outcome>
    <measure>Hospital readmission cost reduction for sPTB admissions</measure>
    <time_frame>From initial neonatal discharge to home (assessed up to 180 days of life) and within 180 days of life for those discharged prior to 180 days of life</time_frame>
    <description>Reduction in all-cause costs of hospital readmission of infants after initial discharge and within 180 days of life for sPTB admissions, in the PTB Prevention arm versus the Control arm.</description>
  </other_outcome>
  <other_outcome>
    <measure>Hospital readmission cost reduction for all admissions within first year of life</measure>
    <time_frame>From initial neonatal discharge to home (assessed up to 180 days of life) and within first year of life</time_frame>
    <description>Reduction in all-cause costs of hospital readmission of infants after initial discharge and within the first year of life for all admissions, in the PTB Prevention arm versus the Control arm.</description>
  </other_outcome>
  <other_outcome>
    <measure>Hospital readmission cost reduction within first year of life for NICU admissions</measure>
    <time_frame>From initial neonatal discharge to home (assessed up to 180 days of life) and within first year of life</time_frame>
    <description>Reduction in all-cause costs of hospital readmission of infants after initial discharge and within the first year of life for NICU admissions, in the PTB Prevention arm versus the Control arm.</description>
  </other_outcome>
  <other_outcome>
    <measure>Hospital readmission cost reduction within first year of life for PTB admissions</measure>
    <time_frame>From initial neonatal discharge to home (assessed up to 180 days of life) and within first year of life</time_frame>
    <description>Reduction in all-cause costs of hospital readmission of infants after initial discharge and within the first year of life for PTB admissions, in the PTB Prevention arm versus the Control arm.</description>
  </other_outcome>
  <other_outcome>
    <measure>Hospital readmission cost reduction within first year of life for sPTB admissions</measure>
    <time_frame>From initial neonatal discharge to home (assessed up to 180 days of life) and within first year of life</time_frame>
    <description>Reduction in all-cause costs of hospital readmission of infants after initial discharge and within the first year of life for sPTB admissions, in the PTB Prevention arm versus the Control arm.</description>
  </other_outcome>
  <other_outcome>
    <measure>Hospital readmission cost reduction within first three years of life for all admissions</measure>
    <time_frame>From initial neonatal discharge to home (assessed up to 180 days of life) and within first three years of life</time_frame>
    <description>Reduction in all-cause costs of hospital readmission of infants after initial discharge and within the first three years of life for all admissions, in the PTB Prevention arm versus the Control arm.</description>
  </other_outcome>
  <other_outcome>
    <measure>Hospital readmission cost reduction within first three years of life for NICU admissions</measure>
    <time_frame>From initial neonatal discharge to home (assessed up to 180 days of life) and within first three years of life</time_frame>
    <description>Reduction in all-cause costs of hospital readmission of infants after initial discharge and within the first three years of life for NICU admissions, in the PTB Prevention arm versus the Control arm.</description>
  </other_outcome>
  <other_outcome>
    <measure>Hospital readmission cost reduction within first three years of life for PTB admissions</measure>
    <time_frame>From initial neonatal discharge to home (assessed up to 180 days of life) and within first three years of life</time_frame>
    <description>Reduction in all-cause costs of hospital readmission of infants after initial discharge and within the first three years of life for PTB admissions, in the PTB Prevention arm versus the Control arm.</description>
  </other_outcome>
  <other_outcome>
    <measure>Hospital readmission cost reduction within first three years of life for sPTB admissions</measure>
    <time_frame>From initial neonatal discharge to home (assessed up to 180 days of life) and within first three years of life</time_frame>
    <description>Reduction in all-cause costs of hospital readmission of infants after initial discharge and within the first three years of life for sPTB admissions, in the PTB Prevention arm versus the Control arm.</description>
  </other_outcome>
  <other_outcome>
    <measure>NICU admission rate reduction</measure>
    <time_frame>Through initial neonatal discharge from hospital after birth or until neonatal death, whichever occurs first, assessed up to 180 days</time_frame>
    <description>Reduction in NICU admission rates in the immediate neonatal period prior to initial discharge home or neonatal death, whichever occurs first, in the PTB Prevention arm versus Control arm.</description>
  </other_outcome>
  <other_outcome>
    <measure>Neonatal morbidity and mortality index observation</measure>
    <time_frame>Within one year of primary analysis</time_frame>
    <description>Observation of the dependence of the composite neonatal morbidity and mortality index co-primary endpoint on severity of risk as defined by PreTRM® categorical test results and continuous risk score, both in comparison of the PTB Prevention arm versus the Control arm and with stratification of both arms by PreTRM® test result.</description>
  </other_outcome>
  <other_outcome>
    <measure>Neonatal hospital length of stay observation</measure>
    <time_frame>Within one year of primary analysis</time_frame>
    <description>Observation of the dependence of the length of neonatal hospital stay co-primary endpoint on severity of risk as defined by PreTRM® categorical test results and continuous risk score, both in comparison of the PTB Prevention arm versus the Control arm and with stratification of both arms by PreTRM® test result.</description>
  </other_outcome>
  <other_outcome>
    <measure>NICU length of stay observation</measure>
    <time_frame>Within one year of primary analysis</time_frame>
    <description>Observation of the dependence of the NICU length of stay secondary endpoint on severity of risk as defined by PreTRM® categorical test results and continuous risk score, both in comparison of the PTB Prevention arm versus the Control arm and with stratification of both arms by PreTRM® test result.</description>
  </other_outcome>
  <other_outcome>
    <measure>Duration of gestation observation</measure>
    <time_frame>Within one year of primary analysis</time_frame>
    <description>Observation of the dependence of the duration of gestation secondary endpoint on severity of risk as defined by PreTRM® categorical test results and continuous risk score, both in comparison of the PTB Prevention arm versus the Control arm and with stratification of both arms by PreTRM® test result.</description>
  </other_outcome>
  <other_outcome>
    <measure>Major neonatal morbidities observation</measure>
    <time_frame>Within one year of primary analysis</time_frame>
    <description>Observation of the dependence of the MNM exploratory endpoint on severity of risk as defined by PreTRM® categorical test results and continuous risk score, both in comparison of the PTB Prevention arm versus the Control arm and with stratification of both arms by PreTRM® test result.</description>
  </other_outcome>
  <other_outcome>
    <measure>NICU length of stay amongst preterm neonates observation</measure>
    <time_frame>Within one year of primary analysis</time_frame>
    <description>Observation of the dependence of the exploratory endpoint of dependence of NICU length of stay amongst preterm neonates on severity of risk as defined by PreTRM® categorical test results and continuous risk score, both in comparison of the PTB Prevention arm versus the Control arm and with stratification of both arms by PreTRM® test result.</description>
  </other_outcome>
  <other_outcome>
    <measure>Hospital length of stay amongst preterm neonates observation</measure>
    <time_frame>Within one year of primary analysis</time_frame>
    <description>Observation of the dependence of the exploratory endpoint of dependence of hospital length of stay amongst preterm neonates on severity of risk as defined by PreTRM® categorical test results and continuous risk score, both in comparison of the PTB Prevention arm versus the Control arm and with stratification of both arms by PreTRM® test result.</description>
  </other_outcome>
  <other_outcome>
    <measure>Preterm birth rate observation</measure>
    <time_frame>Within one year of primary analysis</time_frame>
    <description>Observation of the dependence of the preterm birth rate exploratory endpoint on severity of risk as defined by PreTRM® categorical test results and continuous risk score, both in comparison of the PTB Prevention arm versus the Control arm and with stratification of both arms by PreTRM® test result.</description>
  </other_outcome>
  <other_outcome>
    <measure>Neonatal hospitalization cost observation</measure>
    <time_frame>Within one year of primary analysis</time_frame>
    <description>Observation of the dependence of the exploratory endpoint of all-cause cost of neonatal hospitalization on severity of risk as defined by PreTRM® categorical test results and continuous risk score, both in comparison of the PTB Prevention arm versus the Control arm and with stratification of both arms by PreTRM® test result.</description>
  </other_outcome>
  <other_outcome>
    <measure>Preterm neonatal hospitalization observation</measure>
    <time_frame>Within one year of primary analysis</time_frame>
    <description>Observation of the dependence of the exploratory endpoint of all-cause cost of neonatal hospitalization amongst preterm neonates on severity of risk as defined by PreTRM® categorical test results and continuous risk score, both in comparison of the PTB Prevention arm versus the Control arm and with stratification of both arms by PreTRM® test result.</description>
  </other_outcome>
  <other_outcome>
    <measure>Intervention protocol observation/neonatal morbidity and mortality index</measure>
    <time_frame>Within one year of primary analysis</time_frame>
    <description>Observation of the contribution of components of the intervention protocol, including consideration of consent and adherence, to the co-primary endpoint of composite neonatal morbidity and mortality index.</description>
  </other_outcome>
  <other_outcome>
    <measure>Intervention protocol observation/length of neonatal hospital stay</measure>
    <time_frame>Within one year of primary analysis</time_frame>
    <description>Observation of the contribution of components of the intervention protocol, including consideration of consent and adherence, to the co-primary endpoint of length of neonatal hospital stay.</description>
  </other_outcome>
  <other_outcome>
    <measure>Intervention protocol observation/length of NICU stay</measure>
    <time_frame>Within one year of primary analysis</time_frame>
    <description>Observation of the contribution of components of the intervention protocol, including consideration of consent and adherence, to the, secondary endpoint of length of NICU stay.</description>
  </other_outcome>
  <other_outcome>
    <measure>Intervention protocol observation/duration of gestation</measure>
    <time_frame>Within one year of primary analysis</time_frame>
    <description>Observation of the contribution of components of the intervention protocol, including consideration of consent and adherence, to the secondary endpoint of duration of gestation.</description>
  </other_outcome>
  <other_outcome>
    <measure>Intervention protocol observation/major neonatal morbidities</measure>
    <time_frame>Within one year of primary analysis</time_frame>
    <description>Observation of the contribution of components of the intervention protocol, including consideration of consent and adherence, to the MNM and exploratory endpoint.</description>
  </other_outcome>
  <other_outcome>
    <measure>Intervention protocol observation/length of NICU stay amongst preterm neonates</measure>
    <time_frame>Within one year of primary analysis</time_frame>
    <description>Observation of the contribution of components of the intervention protocol, including consideration of consent and adherence, to the exploratory endpoint of length of NICU stay amongst preterm neonates.</description>
  </other_outcome>
  <other_outcome>
    <measure>Intervention protocol observation/length of hospital stay amongst preterm neonates</measure>
    <time_frame>Within one year of primary analysis</time_frame>
    <description>Observation of the contribution of components of the intervention protocol, including consideration of consent and adherence, to the exploratory endpoint of length of hospital stay amongst preterm neonates.</description>
  </other_outcome>
  <other_outcome>
    <measure>Intervention protocol observation/preterm birth rate</measure>
    <time_frame>Within one year of primary analysis</time_frame>
    <description>Observation of the contribution of components of the intervention protocol, including consideration of consent and adherence, to the exploratory endpoint of preterm birth rate.</description>
  </other_outcome>
  <other_outcome>
    <measure>Intervention protocol observation/neonatal hospitalization</measure>
    <time_frame>Within one year of primary analysis</time_frame>
    <description>Observation of the contribution of components of the intervention protocol, including consideration of consent and adherence, to the exploratory endpoint of all-cause cost of neonatal hospitalization.</description>
  </other_outcome>
  <other_outcome>
    <measure>Intervention protocol observation/neonatal hospitalization amongst preterm neonates</measure>
    <time_frame>Within one year of primary analysis</time_frame>
    <description>Observation of the contribution of components of the intervention protocol, including consideration of consent and adherence, to the exploratory endpoint of all-cause cost of neonatal hospitalization amongst preterm neonates.</description>
  </other_outcome>
  <other_outcome>
    <measure>COVID-19</measure>
    <time_frame>Within one year of primary analysis</time_frame>
    <description>Observation of percent of patients with SARS-CoV-2 after enrollment, as measured by a positive FDA-approved diagnostic test or COVID-19 salient symptoms requiring evaluation in an emergency room (ER) or hospital setting, compared across demographic groups</description>
  </other_outcome>
  <other_outcome>
    <measure>Anxiety - Generalized Anxiety Disorder 7-item (GAD-7)</measure>
    <time_frame>Within one year of primary analysis</time_frame>
    <description>Change (mean difference) in Generalized Anxiety Disorder 7-item (GAD-7) scores at enrollment and 6-weeks post-enrollment in a subset of subjects. Scale range 0 - 21, higher values correlate with higher anxiety</description>
  </other_outcome>
  <other_outcome>
    <measure>Anxiety - Perinatal Anxiety Screening Scale (PASS)</measure>
    <time_frame>Within one year of primary analysis</time_frame>
    <description>Change (mean difference) in perinatal Anxiety Screening Scale (PASS) scores at enrollment and 6-weeks post-enrollment in a subset of subjects. Scale range 0 - 93, higher values correlate with higher anxiety</description>
  </other_outcome>
  <number_of_arms>2</number_of_arms>
  <enrollment type="Anticipated">6500</enrollment>
  <condition>Preterm Labor</condition>
  <condition>Preterm Birth</condition>
  <arm_group>
    <arm_group_label>PTB Prevention</arm_group_label>
    <arm_group_type>Experimental</arm_group_type>
    <description>Approximately 6500 women will be screened, consented, and have the PreTRM® test sample collected. Randomization will occur 1:1 at each site. Those randomized to the PTB Prevention arm will receive the PreTRM® test results. If high risk, women will be consented to take part in the intervention. Those not higher risk will continue on with standard of care.</description>
  </arm_group>
  <arm_group>
    <arm_group_label>Control</arm_group_label>
    <arm_group_type>No Intervention</arm_group_type>
    <description>Approximately 6500 women will be screened, consented, and have the PreTRM® test sample collected. Randomization will occur 1:1 at each site. Those randomized to the Control arm will not receive the PreTRM® test results. Control arm subjects will continue on with standard of care.</description>
  </arm_group>
  <intervention>
    <intervention_type>Other</intervention_type>
    <intervention_name>Multimodal intervention strategy</intervention_name>
    <description>Once weekly nurse support&#xD;
200 mg/daily micronized progesterone as vaginal suppository&#xD;
81 mg/daily low dose aspirin&#xD;
two transvaginal ultrasounds&#xD;
cerclage placement if cervical length is less than or equal to 10 mm prior to 24 weeks gestation</description>
    <arm_group_label>PTB Prevention</arm_group_label>
  </intervention>
  <eligibility>
    <criteria>
      <textblock>
        Inclusion Criteria&#xD;
&#xD;
          1. Subject is 18 years of age or older&#xD;
&#xD;
          2. Subject is willing and able to provide informed consent and comply with intervention&#xD;
             if applicable&#xD;
&#xD;
          3. Subject gestational age is currently within 19 1/7 and 20 6/7 weeks using best&#xD;
             estimated due date&#xD;
&#xD;
          4. This is a singleton intrauterine pregnancy&#xD;
&#xD;
          5. Subject is a primary Anthem beneficiary, and the neonate is expected be an Anthem&#xD;
             beneficiary&#xD;
&#xD;
          6. Subject has no signs and/or symptoms of preterm labor and has intact membranes&#xD;
&#xD;
          7. Subject has had a 2nd trimester anatomic ultrasound, including evaluation of cervical&#xD;
             length, completed by the date of enrollment, but no earlier than 18 0/7 weeks&#xD;
             gestation&#xD;
&#xD;
          8. In the opinion of the Investigator, the subject's delivery data will be accessible&#xD;
             within 20 business days from delivery, and neonatal data will be available for data&#xD;
             collection purposes within 20 business days from discharge&#xD;
&#xD;
        Exclusion Criteria:&#xD;
&#xD;
          1. Subject has had a prior spontaneous preterm delivery (gestational age at birth less&#xD;
             than 37 0/7 weeks gestation)&#xD;
&#xD;
          2. Subject has cervical length less than 25 millimeters (mm) on 2nd trimester&#xD;
             transvaginal ultrasound at time of enrollment&#xD;
&#xD;
          3. Subject has taken progesterone or progesterone-derivative medication after 13 6/7&#xD;
             weeks gestation&#xD;
&#xD;
          4. Singleton gestation reduced from an original multiple gestation via embryonic&#xD;
             reduction or vanishing twin&#xD;
&#xD;
          5. There is a known major fetal anomaly or chromosomal/ genetic abnormality&#xD;
&#xD;
          6. Placenta accreta spectrum disorder (accreta/ increta/ percreta)&#xD;
&#xD;
          7. Placenta covers the internal os by more than 2.5 centimeters (cm) at time of 2nd&#xD;
             trimester anatomic ultrasound (18 0/7 and 20 6/7 weeks gestation)&#xD;
&#xD;
          8. The subject has experienced vaginal bleeding after 13 6/7 weeks gestation&#xD;
&#xD;
          9. One or more of the following uterine risk factors are present: fibroids &gt; 5.0cm,&#xD;
             uterine malformation, history of classical cesarean section, history of prior uterine&#xD;
             surgery with trans-myometrial penetration (excludes low transverse cesarean section)&#xD;
&#xD;
         10. The subject has a planned cesarean section or induction of labor prior to 370/7 weeks&#xD;
             gestation&#xD;
&#xD;
         11. The subject had a cerclage or pessary placed prior to enrollment window in the current&#xD;
             pregnancy&#xD;
&#xD;
         12. The subject has received enoxaparin, heparin, heparin sodium or other low molecular&#xD;
             weight heparin since last menstrual period&#xD;
&#xD;
         13. Subject has current diagnosis of polyhydramnios&#xD;
&#xD;
         14. Subject has known use of illicit drugs in the current pregnancy, including cocaine,&#xD;
             methamphetamine, and/or opioid use disorder in the current pregnancy&#xD;
&#xD;
         15. Subject is allergic to aspirin or has experienced gastrointestinal bleeding associated&#xD;
             with use&#xD;
&#xD;
         16. Subject is allergic to peanuts and/or peanut oil used in exogenous progesterone&#xD;
             formulation&#xD;
&#xD;
         17. Subject is participating in any other interventional research studies during the&#xD;
             current pregnancy&#xD;
&#xD;
         18. Subject has tested positive for COVID-19 via an U.S. Food and Drug Administration&#xD;
             (FDA)-authorized diagnostic test for SARS-CoV-2 after last menstrual period (LMP) date&#xD;
&#xD;
         19. Subject has been evaluated for COVID-19 salient symptoms per the American College of&#xD;
             Obstetrics and Gynecology/ Society for Maternal Fetal Medicine (ACOG/SMFM) &quot;Outpatient&#xD;
             Assessment and Management for Pregnant Women with Suspected or Confirmed Novel&#xD;
             Coronavirus (COVID-19)&quot; in an emergency room (ER) or hospital setting since the last&#xD;
             menstrual period (LMP) date.&#xD;
&#xD;
         20. Subject has a chronic medical disease(s) which require intensive medical surveillance&#xD;
             and may increase the risk of preterm delivery to include:&#xD;
&#xD;
               -  Lupus&#xD;
&#xD;
               -  Chronic lung diseases on oxygen replacement&#xD;
&#xD;
               -  Cardiac disease with high risk of maternal mortality, including Marfan syndrome&#xD;
                  with dilated aortic root and significant pulmonary hypertension&#xD;
&#xD;
               -  Neuromuscular diseases at risk for pulmonary insufficiency (e.g. myotonic&#xD;
                  dystrophy)&#xD;
&#xD;
               -  Renal failure on dialysis&#xD;
&#xD;
               -  Uncontrolled or poorly controlled hyperthyroidism&#xD;
      </textblock>
    </criteria>
    <gender>Female</gender>
    <gender_based>Yes</gender_based>
    <minimum_age>18 Years</minimum_age>
    <maximum_age>N/A</maximum_age>
    <healthy_volunteers>Accepts Healthy Volunteers</healthy_volunteers>
  </eligibility>
  <overall_official>
    <last_name>Brian Iriye, MD</last_name>
    <role>Principal Investigator</role>
    <affiliation>High Risk Pregnancy Center</affiliation>
  </overall_official>
  <overall_contact>
    <last_name>Ashley Magnavita, MPH</last_name>
    <phone>617-972-3182</phone>
    <email>amagnavita@healthcore.com</email>
  </overall_contact>
  <overall_contact_backup>
    <last_name>Gregory Massey</last_name>
    <phone>617-972-3206</phone>
    <email>gmassey@healthcore.com</email>
  </overall_contact_backup>
  <location>
    <facility>
      <name>High Risk Pregnancy Center</name>
      <address>
        <city>Las Vegas</city>
        <state>Nevada</state>
        <zip>89106</zip>
        <country>United States</country>
      </address>
    </facility>
    <status>Recruiting</status>
    <contact>
      <last_name>Jennifer Somdahl, RN</last_name>
      <phone>702-382-3200</phone>
      <email>jsomdahl@hrpregnancy.com</email>
    </contact>
    <investigator>
      <last_name>Brian Iriye, MD</last_name>
      <role>Principal Investigator</role>
    </investigator>
  </location>
  <location_countries>
    <country>United States</country>
  </location_countries>
  <verification_date>January 2021</verification_date>
  <study_first_submitted>March 5, 2020</study_first_submitted>
  <study_first_submitted_qc>March 9, 2020</study_first_submitted_qc>
  <study_first_posted type="Actual">March 10, 2020</study_first_posted>
  <last_update_submitted>January 11, 2021</last_update_submitted>
  <last_update_submitted_qc>January 11, 2021</last_update_submitted_qc>
  <last_update_posted type="Actual">January 14, 2021</last_update_posted>
  <responsible_party>
    <responsible_party_type>Sponsor</responsible_party_type>
  </responsible_party>
  <keyword>neonate</keyword>
  <keyword>NICU</keyword>
  <keyword>neonatal</keyword>
  <keyword>preterm</keyword>
  <condition_browse>
    <!-- CAUTION:  The following MeSH terms are assigned with an imperfect algorithm            -->
    <mesh_term>Premature Birth</mesh_term>
    <mesh_term>Obstetric Labor, Premature</mesh_term>
  </condition_browse>
  <patient_data>
    <sharing_ipd>No</sharing_ipd>
  </patient_data>
  <!-- Results have not yet been posted for this study                                          -->
</clinical_study>

