<?xml version="1.0" encoding="UTF-8"?>
<clinical_study rank="4905">
  <!-- This xml conforms to an XML Schema at:
    https://clinicaltrials.gov/ct2/html/images/info/public.xsd -->
  <required_header>
    <download_date>ClinicalTrials.gov processed this data on February 08, 2021</download_date>
    <link_text>Link to the current ClinicalTrials.gov record.</link_text>
    <url>https://clinicaltrials.gov/show/NCT04039165</url>
  </required_header>
  <id_info>
    <org_study_id>2019P001300</org_study_id>
    <nct_id>NCT04039165</nct_id>
  </id_info>
  <brief_title>Developing a Positive Psychology Intervention to Promote Health Behaviors in Metabolic Syndrome: RCT</brief_title>
  <official_title>Developing a Positive Psychology Intervention to Promote Health Behaviors in Metabolic Syndrome: A Randomized Controlled Pilot Trial</official_title>
  <sponsors>
    <lead_sponsor>
      <agency>Massachusetts General Hospital</agency>
      <agency_class>Other</agency_class>
    </lead_sponsor>
  </sponsors>
  <source>Massachusetts General Hospital</source>
  <oversight_info>
    <has_dmc>No</has_dmc>
    <is_fda_regulated_drug>No</is_fda_regulated_drug>
    <is_fda_regulated_device>No</is_fda_regulated_device>
  </oversight_info>
  <brief_summary>
    <textblock>
      Specific Aim #1 (Feasibility; primary aim): To assess the feasibility of the PP-MI&#xD;
      group-based physical activity intervention and outcome assessments in patients with MetS.&#xD;
&#xD;
      Hypothesis: The PP exercises and MI-based goal-setting sessions will be feasible: most (≥50%)&#xD;
      of participants will complete 6/9 exercises/sessions. Furthermore, the investigators will be&#xD;
      able to obtain objective physical activity measurement follow-up data from at least 80% of&#xD;
      enrolled participants at the end of the intervention and 24 weeks later.&#xD;
&#xD;
      Specific Aim #2 (Acceptability): To assess whether the intervention is acceptable to&#xD;
      participants, as measured by ratings provided after each PP-MI session.&#xD;
&#xD;
      Hypothesis: The intervention will be acceptable: participants will rate the PP-MI exercises&#xD;
      with a mean score of at least 7 out of 10 on ease of completion and helpfulness.&#xD;
&#xD;
      Specific Aim #3 (Outcomes): To assess whether this preliminary intervention appears to result&#xD;
      in improvement of physical activity, related health behaviors (sedentary time, diet quality),&#xD;
      psychological well-being (optimism, positive affect, anxiety, depression), and the&#xD;
      exploratory outcomes of MetS-relevant physiological markers (e.g., blood pressure, weight,&#xD;
      chart-reviewed lipids and HbA1C).&#xD;
&#xD;
      Hypothesis a: The intervention will lead to improvements in physical activity, related health&#xD;
      behaviors, optimism and positive affect, reductions in depression and anxiety at 9 weeks and&#xD;
      24 weeks compared to baseline (or the start of the intervention, for the WLC group).&#xD;
&#xD;
      Hypothesis b: The hypothesis is that there will be improvements in the exploratory outcomes&#xD;
      of the physiological markers, even if they do not reach significance.&#xD;
    </textblock>
  </brief_summary>
  <detailed_description>
    <textblock>
      This randomized pilot trial will test a group-based PP-MI intervention adapted for patients&#xD;
      with MetS. MGH outpatient community clinics will serve as the sources of recruitment and the&#xD;
      sites of the groups. The investigators will recruit up to 64 patients with MetS to complete&#xD;
      the study and provide follow-up data.&#xD;
&#xD;
      Baseline information about enrolled participants will be obtained from the patients, care&#xD;
      providers, and the electronic medical record as required for characterization of the&#xD;
      population. This information will include medical data related to MetS (e.g., blood sugar,&#xD;
      blood pressure, body mass index, triglycerides, cholesterol), current medications, and&#xD;
      sociodemographic data (age, gender, race/ethnicity, education, marital status).&#xD;
&#xD;
      Participants will attend 90-minute groups sessions that will be held at the clinics (MGH&#xD;
      Healthcare Centers). The overall structure of each session will be: 30 minutes for positive&#xD;
      psychology exercise review/discussion, 30 minutes for physical activity goal setting,&#xD;
      education, and discussion, and 30 minutes for a group walk or indoor exercises in inclement&#xD;
      weather. During times when in-person visits cannot happen (e.g., COVID-19), we will do&#xD;
      virtual group sessions instead of meeting at the clinics, conducted via videoconference&#xD;
      platform (i.e., Zoom). This study has been IRB-approved for waiver of informed consent&#xD;
      documentation, so we will receive informed consent from our potential participants via verbal&#xD;
      consent. We will mail/e-mail an IRB-approved study information fact sheet, providing them&#xD;
      written details about our study before obtaining verbal informed consent. Each participant's&#xD;
      verbal consent will be documented in REDCap. In addition, the group walks will not happen in&#xD;
      these particular circumstances, and all exercise will be done individually to comply with&#xD;
      social distancing measures.&#xD;
&#xD;
      Participants will be either randomized to an immediate intervention group or a wait-list&#xD;
      control (WLC) group. The wait-list control group will start the intervention at Week 10,&#xD;
      after the immediate intervention group completes its final session. Both groups will be asked&#xD;
      to wear an Actigraph GT3x+ accelerometer for 1 week at baseline, then week 9, and week 24 for&#xD;
      the intervention group, and at baseline, weeks 9, 17, and 33 for the WLC group.&#xD;
      Accelerometers such as this one are considered to be the standard for measuring habitual&#xD;
      physical activity. They are pedometer-size devices that attach to a belt and are worn at the&#xD;
      waist. Participants will also be given a wrist-worn Fitbit to keep, which they will be asked&#xD;
      to wear daily for the duration of the study in order to track their activity (steps).&#xD;
&#xD;
      Upon beginning the groups, participants will be provided with a treatment manual with weekly&#xD;
      PP exercises, information about the importance of physical activity and related health&#xD;
      behaviors, and how to set goals to improve these behaviors. The PI or a trained substitute&#xD;
      will lead all groups.&#xD;
&#xD;
      For the first session, in the PP portion, participants will discuss and be assigned the first&#xD;
      exercise- Gratitude for Positive Events- and will be instructed to complete the PP exercise&#xD;
      during the next week. Prior to completing the exercise, participants will be asked to rate&#xD;
      their current levels of happiness and optimism. Immediately after completing the exercise,&#xD;
      participants will rate the ease of exercise completion, overall utility of the exercise, and&#xD;
      their current levels of happiness and optimism, all using 10-point Likert scales. In the&#xD;
      first goal-setting session, the investigators will discuss the importance of physical&#xD;
      activity in MetS. Investigators will review instructions for Fitbit use and set a goal for&#xD;
      monitoring their baseline physical activity over the next week. Fitbits will not be used as&#xD;
      an outcome measure, but as a tool that participants can use to monitor their activity and set&#xD;
      goals. Finally, the last 30 minutes will be spent doing a group walk around the local clinic&#xD;
      neighborhood (or indoor exercise in the case of inclement weather). All group walks and&#xD;
      exercises will be done at a pace comfortable for participants.&#xD;
&#xD;
      Participants will be asked to complete the 8 total weekly PP exercises, set physical activity&#xD;
      goals, and attend as many group sessions as they can.&#xD;
&#xD;
      All sessions will include (a) a review and discussion of the past week's PP exercise, (b) a&#xD;
      discussion of the rationale of the next week's PP exercise using the PP manual, and (c)&#xD;
      assignment of the next week's PP exercise. For the goal-setting/MI portion, participants will&#xD;
      (a) review their goals and steps from the prior week, (b) discuss techniques for improving&#xD;
      physical activity (e.g., monitoring physical activity, taking standing breaks), and (c) set&#xD;
      goals for the next week. The exercises and content for both PP and MI will be assigned in the&#xD;
      same order for all participants receiving them.&#xD;
&#xD;
      At Weeks 9 and 24 (Weeks 17 and 33 for the wait-list control group), participants will&#xD;
      complete the same self-report questionnaires that were administered at baseline. The&#xD;
      investigators will collect the Actigraphs at baseline, weeks 9 and 24 (baseline, Weeks 9, 17&#xD;
      and 33 for the WLC group) and upload the data to assess for valid wear time. If participants&#xD;
      have not worn them for enough time (&gt;4 days), the investigators will send it home with them&#xD;
      and ask them to re-wear it and mail it back.&#xD;
    </textblock>
  </detailed_description>
  <overall_status>Recruiting</overall_status>
  <start_date type="Actual">July 25, 2019</start_date>
  <completion_date type="Anticipated">April 1, 2022</completion_date>
  <primary_completion_date type="Anticipated">February 1, 2022</primary_completion_date>
  <phase>N/A</phase>
  <study_type>Interventional</study_type>
  <has_expanded_access>No</has_expanded_access>
  <study_design_info>
    <allocation>Randomized</allocation>
    <intervention_model>Crossover Assignment</intervention_model>
    <intervention_model_description>A group of participants, who will be randomized to wait-list control group, is assigned to a waiting list and receives intervention after the active treatment group.</intervention_model_description>
    <primary_purpose>Treatment</primary_purpose>
    <masking>None (Open Label)</masking>
  </study_design_info>
  <primary_outcome>
    <measure>Feasibility of the PP-MI-Based Health Behavior Intervention</measure>
    <time_frame>8 weeks of group sessions</time_frame>
    <description>Feasibility will be measured by examining the number of completed exercises.</description>
  </primary_outcome>
  <secondary_outcome>
    <measure>Acceptability of Intervention</measure>
    <time_frame>8 weeks</time_frame>
    <description>Participants will rate the ease and usefulness of each weekly activity (0-10).</description>
  </secondary_outcome>
  <secondary_outcome>
    <measure>Physical Activity Adherence (Actigraph)</measure>
    <time_frame>Baseline, weeks 9, 24 (baseline, weeks 9, 17, 33 for the WLC group)</time_frame>
    <description>ActiGraph GT3X+ accelerometers are validated as measures of physical activity and have been used in numerous studies of physical activity in patients with medical illness. In this trial, participants will wear the accelerometer to assess the feasibility of doing so and to ensure adequate capture of physical activity.</description>
  </secondary_outcome>
  <secondary_outcome>
    <measure>Feasibility of Actigraph</measure>
    <time_frame>Baseline, weeks 9, 24 (baseline, weeks 9, 17, 33 for the WLC group)</time_frame>
    <description>Feasibility will be measured by examining the rates of use of the Actigraph.</description>
  </secondary_outcome>
  <secondary_outcome>
    <measure>Changes in Life Orientation Test- Revised Scores</measure>
    <time_frame>Baseline, weeks 9, 24 (Baseline, weeks 17 and 33 for the WLC group)</time_frame>
    <description>The LOT-R is a well-validated 6-item instrument used to measure dispositional optimism. (Range: 5-30)</description>
  </secondary_outcome>
  <secondary_outcome>
    <measure>Changes in Positive and Negative Affect Schedule Scores</measure>
    <time_frame>Baseline, weeks 9, 24 (Baseline, weeks 17 and 33 for the WLC group)</time_frame>
    <description>The positive affect items on the Positive and Negative Affect Schedule (PANAS), a well-validated scale used in other intervention trials, will be used to measure positive affect. (Range: 10-50)</description>
  </secondary_outcome>
  <secondary_outcome>
    <measure>Changes in The Hospital Anxiety and Depression Scale Scores</measure>
    <time_frame>Baseline, weeks 9, 24 (Baseline, weeks 17 and 33 for the WLC group)</time_frame>
    <description>The HADS will be used to measure depression and anxiety. This is a well-validated scale with few somatic symptom items that can confound mood/anxiety assessment in medically-ill patients. (Range: HADS-A, HADS-D; 0-21 each)</description>
  </secondary_outcome>
  <secondary_outcome>
    <measure>Changes in Barriers to Being Active Quiz Scores</measure>
    <time_frame>Baseline, weeks 9, 24 (Baseline, weeks 17 and 33 for the WLC group)</time_frame>
    <description>The BBAQ is a 21-item measure, published by the US Centers for Disease Control and Prevention (CDC), that explores seven main categories of barriers, including lack of time, energy, and resources. (Range: 0-63)</description>
  </secondary_outcome>
  <secondary_outcome>
    <measure>Changes in State Optimism Measure</measure>
    <time_frame>Baseline, weeks 9, 24 (Baseline, weeks 17 and 33 for the WLC group)</time_frame>
    <description>The SOM will be used to capture the changeable nature of optimism based on time and situation. (Range: 7-35)</description>
  </secondary_outcome>
  <secondary_outcome>
    <measure>Changes in The Medical Outcomes Study Short Form-12 Scores</measure>
    <time_frame>Baseline, weeks 9, 24 (Baseline, weeks 17 and 33 for the WLC group)</time_frame>
    <description>The SF-12 will be used to measure quality of life. This instrument has been used in many patient-oriented studies. (Range: SF-12 PCS and SF-12 MCS); range 0-100 each)</description>
  </secondary_outcome>
  <secondary_outcome>
    <measure>Changes in The International Physical Activity Questionnaire-Short Form Scores</measure>
    <time_frame>Pre-baseline screening, weeks 9, 24 (Pre-baseline, weeks 17 and 33 for the WLC group)</time_frame>
    <description>The IPAQ-SF is a validated scale that measures self-reported physical activity in the past 7 days in the domains of vigorous activity, moderate activity, and walking.</description>
  </secondary_outcome>
  <secondary_outcome>
    <measure>Changes in Behavioral Risk Factor Surveillance System Fruit and Vegetable Module</measure>
    <time_frame>Baseline, weeks 9, 24 (Baseline, weeks 17 and 33 for the WLC group)</time_frame>
    <description>The CDC's BRFSS Fruit and Vegetable Module is a brief questionnaire about frequency of eating different types of fruits and vegetables.</description>
  </secondary_outcome>
  <secondary_outcome>
    <measure>Changes in National Cancer Institute's Percentage Energy from Fat Screener Scores</measure>
    <time_frame>Baseline, weeks 9, 24 (Baseline, weeks 17 and 33 for the WLC group)</time_frame>
    <description>The National Cancer Institute's Percentage Energy from Fat Screen is a brief questionnaire that estimates people's typical percentage of energy derived from eating common fat-containing foods, as fat content is related to metabolic syndrome progression.</description>
  </secondary_outcome>
  <number_of_arms>2</number_of_arms>
  <enrollment type="Anticipated">64</enrollment>
  <condition>Metabolic Syndrome</condition>
  <arm_group>
    <arm_group_label>Intervention Group</arm_group_label>
    <arm_group_type>Experimental</arm_group_type>
    <description>Participants will complete an 8-week group physical activity and positive psychology program, in which they will complete exercises related to increasing positive emotions and physical activity during and between the group sessions. They will track their activity (steps) and set personalized physical activity goals each week, and complete a group walk or indoor exercise during the group sessions. The investigators will ask questions about participants' health and health behaviors, and ask them to wear a physical activity monitor at the beginning and end of the program. During times when in-person visits cannot happen (e.g., COVID-19), we will do virtual group sessions instead of meeting at the clinics, conducted via videoconference platform (i.e., Zoom), the group walks will not happen, and all exercise will be done individually to comply with social distancing measures.</description>
  </arm_group>
  <arm_group>
    <arm_group_label>Wait-list Control Comparison Group</arm_group_label>
    <arm_group_type>No Intervention</arm_group_type>
    <description>Participants in the waitlist control group will not receive any active intervention during the initial study period (weeks 1-9). At Week 10, this group will receive the same intervention and assessments as described in the active treatment group above.</description>
  </arm_group>
  <intervention>
    <intervention_type>Behavioral</intervention_type>
    <intervention_name>PP-MI Intervention</intervention_name>
    <description>The positive psychology exercises include gratitude-based activities, strengths-based activities, and meaning-based activities. The physical activity goal setting exercises include the following topics: health benefits, social resources, and neighborhood walkability.</description>
    <arm_group_label>Intervention Group</arm_group_label>
  </intervention>
  <eligibility>
    <criteria>
      <textblock>
        Inclusion Criteria:&#xD;
&#xD;
        Participants must have at least three of the five MetS criteria:&#xD;
&#xD;
          -  Elevated abdominal obesity (waist circumference &gt;102 cm in men or &gt;88 cm in women)&#xD;
&#xD;
               -  If waist circumference is not available, body mass index (BMI) will be used as a&#xD;
                  surrogate measure based on prior research (BMI ≥29.1 kg/m2 for men and 27.2 kg/m2&#xD;
                  for women).&#xD;
&#xD;
          -  Elevated blood pressure (systolic ≥130 and/or diastolic ≥85 mm Hg or be on blood&#xD;
             pressure medication).&#xD;
&#xD;
          -  Serum triglycerides ≥150 mg/dL&#xD;
&#xD;
          -  High-density lipoprotein (HDL) cholesterol &lt;40 mg/dL in men or &lt;50 mg/dL in women&#xD;
&#xD;
          -  Fasting plasma glucose &gt;100mg/dL.&#xD;
&#xD;
        OR&#xD;
&#xD;
          -  Fewer than 3 MetS criteria but with PCP approval&#xD;
&#xD;
          -  Suboptimal physical activity defined as ≤150 minutes/week moderate intensity activity,&#xD;
             which represents less than national-level recommendations.&#xD;
&#xD;
        Exclusion Criteria:&#xD;
&#xD;
          -  Inability to speak/read English&#xD;
&#xD;
          -  Cognitive deficits impeding ability to participate or provide informed consent&#xD;
             (measured by a 6-item screen)&#xD;
&#xD;
          -  Illness likely to lead to death in the next 6 months per PCP&#xD;
&#xD;
          -  Current treatment for cancer, liver, or renal disease&#xD;
&#xD;
          -  Pregnancy&#xD;
&#xD;
          -  Documented severe mental illness (e.g., psychosis, suicidality)&#xD;
&#xD;
          -  No telephone access&#xD;
&#xD;
          -  Inability to be physically active&#xD;
&#xD;
          -  Diabetes or known or suggested cardiac disease, given that this is a primary&#xD;
             prevention study.&#xD;
&#xD;
          -  Participation in any other research studies or clinical trials that focus on&#xD;
             increasing physical activities&#xD;
      </textblock>
    </criteria>
    <gender>All</gender>
    <minimum_age>18 Years</minimum_age>
    <maximum_age>100 Years</maximum_age>
    <healthy_volunteers>No</healthy_volunteers>
  </eligibility>
  <overall_official>
    <last_name>Rachel A Millstein, Ph.D.</last_name>
    <role>Principal Investigator</role>
    <affiliation>Massachusetts General Hospital</affiliation>
  </overall_official>
  <overall_contact>
    <last_name>Rachel A Millstein, Ph.D.</last_name>
    <phone>617-724-2047</phone>
    <email>ramillstein@partners.org</email>
  </overall_contact>
  <overall_contact_backup>
    <last_name>Jeff C Huffman, MD</last_name>
    <phone>617-724-2910</phone>
    <email>jhuffman@partners.org</email>
  </overall_contact_backup>
  <location>
    <facility>
      <name>Massachusetts General Hospital- Revere Health Center</name>
      <address>
        <city>Revere</city>
        <state>Massachusetts</state>
        <zip>02151</zip>
        <country>United States</country>
      </address>
    </facility>
    <status>Recruiting</status>
    <contact>
      <last_name>Rachel A Millstein, Ph.D.</last_name>
      <phone>617-724-2047</phone>
      <email>RAMILLSTEIN@mgh.harvard.edu</email>
    </contact>
  </location>
  <location_countries>
    <country>United States</country>
  </location_countries>
  <verification_date>December 2020</verification_date>
  <study_first_submitted>July 29, 2019</study_first_submitted>
  <study_first_submitted_qc>July 29, 2019</study_first_submitted_qc>
  <study_first_posted type="Actual">July 31, 2019</study_first_posted>
  <last_update_submitted>December 1, 2020</last_update_submitted>
  <last_update_submitted_qc>December 1, 2020</last_update_submitted_qc>
  <last_update_posted type="Actual">December 3, 2020</last_update_posted>
  <responsible_party>
    <responsible_party_type>Principal Investigator</responsible_party_type>
    <investigator_affiliation>Massachusetts General Hospital</investigator_affiliation>
    <investigator_full_name>Rachel Millstein</investigator_full_name>
    <investigator_title>Assistant Professor, Department of Psychiatry</investigator_title>
  </responsible_party>
  <condition_browse>
    <!-- CAUTION:  The following MeSH terms are assigned with an imperfect algorithm            -->
    <mesh_term>Metabolic Syndrome</mesh_term>
    <mesh_term>Syndrome</mesh_term>
  </condition_browse>
  <patient_data>
    <sharing_ipd>No</sharing_ipd>
  </patient_data>
  <!-- Results have not yet been posted for this study                                          -->
</clinical_study>

