<?xml version="1.0" encoding="UTF-8"?>
<clinical_study rank="4565">
  <!-- This xml conforms to an XML Schema at:
    https://clinicaltrials.gov/ct2/html/images/info/public.xsd -->
  <required_header>
    <download_date>ClinicalTrials.gov processed this data on February 08, 2021</download_date>
    <link_text>Link to the current ClinicalTrials.gov record.</link_text>
    <url>https://clinicaltrials.gov/show/NCT03852537</url>
  </required_header>
  <id_info>
    <org_study_id>18-010925</org_study_id>
    <nct_id>NCT03852537</nct_id>
  </id_info>
  <brief_title>Steroid Dosing by bioMARker Guided Titration in Critically Ill Patients With Pneumonia</brief_title>
  <official_title>SMART Trial: Steroid Dosing by bioMARker Guided Titration in Critically Ill Patients With Pneumonia</official_title>
  <sponsors>
    <lead_sponsor>
      <agency>Mayo Clinic</agency>
      <agency_class>Other</agency_class>
    </lead_sponsor>
  </sponsors>
  <source>Mayo Clinic</source>
  <oversight_info>
    <has_dmc>No</has_dmc>
    <is_fda_regulated_drug>Yes</is_fda_regulated_drug>
    <is_fda_regulated_device>No</is_fda_regulated_device>
    <is_us_export>No</is_us_export>
  </oversight_info>
  <brief_summary>
    <textblock>
      In community acquired pneumonia, corticosteroids have been shown to have potential benefit.&#xD;
      However, the limited and variable use of adjunctive corticosteroids in critically ill&#xD;
      patients is largely due to an inability to identify patients that will benefit from the use&#xD;
      of anti-inflammatory medications. This study compares usual care to a novel&#xD;
      biomarker-tailored steroid dosing algorithm for patients with community acquired pneumonia.&#xD;
&#xD;
      In April 2020, in response to the SARS CoV-2 pandemic, we added a COVID-19 arm to this study.&#xD;
      The study will evaluate the role of biomarker-titrated adjuvant corticosteroid administration&#xD;
      compared to usual care in patients admitted to hospital with SARS CoV-2 (COVID-19) infection&#xD;
      and acute respiratory failure.&#xD;
    </textblock>
  </brief_summary>
  <detailed_description>
    <textblock>
      This is a two-arm single-center pilot phase II clinical trial. Patients will be screened at&#xD;
      the time of hospital admission and will be required to be enrolled within the clinical trial&#xD;
      within 48 hours of hospital admission.&#xD;
&#xD;
      In the individualized, biomarker-concordant arm, all patients will receive steroids once at&#xD;
      the time of admission, then a daily morning dose. In order to account for varying turnaround&#xD;
      time at different laboratories, CRP levels will be drawn with early morning labs, and used to&#xD;
      determine the steroid dosing for the day. Patients will receive daily CRP measurements for&#xD;
      the first 5 days of the hospitalization, or until hospital discharge. CRP measurements will&#xD;
      be discontinued once the CRP is less than 50mmol/L.&#xD;
&#xD;
      Steroid administration will be facilitated using standardized computerized physician order&#xD;
      entry. The patients, treating physicians and outcome assessors will be blinded to the group&#xD;
      assignment. Steroid order sets will include 6 hourly point of care glucose monitoring, and an&#xD;
      insulin sliding scale for glucose levels to facilitate glucose management. The need for&#xD;
      insulin drip will be determined by the treating physician. Additional testing including serum&#xD;
      and urine ketones will be informed by the glucose level, serum anion gap and bicarbonate&#xD;
      levels in routine basic metabolic panels and determined by the treating physician.&#xD;
&#xD;
      In the usual care arm, patients will receive daily CRP measurements for the first 5 days of&#xD;
      the hospitalization, or until hospital discharge.&#xD;
    </textblock>
  </detailed_description>
  <overall_status>Recruiting</overall_status>
  <start_date type="Actual">December 2, 2019</start_date>
  <completion_date type="Anticipated">July 2022</completion_date>
  <primary_completion_date type="Anticipated">July 2021</primary_completion_date>
  <phase>Phase 2</phase>
  <study_type>Interventional</study_type>
  <has_expanded_access>No</has_expanded_access>
  <study_design_info>
    <allocation>Randomized</allocation>
    <intervention_model>Parallel Assignment</intervention_model>
    <primary_purpose>Treatment</primary_purpose>
    <masking>Double (Participant, Investigator)</masking>
  </study_design_info>
  <primary_outcome>
    <measure>Feasibility of the timely initiation of corticosteroids and implementation of biomarker-titrated corticosteroid dosing: percentage of eligible patients adhered to the timely initiation</measure>
    <time_frame>Within 30 days of enrollment in study.</time_frame>
    <description>A percentage of eligible patients adhered to the timely initiation (within 12 hours of emergency room admission) and daily corticosteroid treatment according to ESICM/SCCM clinical practice guideline (control group) or biomarker concordance (intervention group)</description>
  </primary_outcome>
  <secondary_outcome>
    <measure>Mortality</measure>
    <time_frame>Within 30 days and 90 days of study enrollment</time_frame>
    <description>Death from any cause</description>
  </secondary_outcome>
  <secondary_outcome>
    <measure>Progression of disease</measure>
    <time_frame>Within hospitalization or 30 days of study enrollment (whichever is sooner)</time_frame>
    <description>Progression of disease is defined by the need for high flow nasal cannula oxygen, noninvasive or invasive ventilation. Given the proliferation of high flow nasal cannula oxygen use in lieu of mechanical ventilation, instead of ventilator-free days the investigators opt for using advanced respiratory support free days where &quot;advanced respiratory support&quot; includes both invasive and noninvasive mechanical ventilation and the high flow nasal cannula oxygen.</description>
  </secondary_outcome>
  <secondary_outcome>
    <measure>Evolution of respiratory failure</measure>
    <time_frame>Within 72 hours of enrollment in study.</time_frame>
    <description>Measured by respiratory component of SOFA at time of ICU admission, after 24 hours, after 48 hours and after 72 hours and by the organ failure free days. In the absence of daily arterial blood gas analysis, PaO2/FiO2 ratio will be replaced by SpO2/FiO2 ratio</description>
  </secondary_outcome>
  <secondary_outcome>
    <measure>Evolution of kidney failure</measure>
    <time_frame>Within 72 hours of enrollment in study.</time_frame>
    <description>Assessed by renal component of Sequential Organ Failure Assessment (SOFA) Score score. This is a scale from 0-4 (with 0 indicating no renal failure and 4 indicating severe renal failure).</description>
  </secondary_outcome>
  <secondary_outcome>
    <measure>Evolution of shock</measure>
    <time_frame>Within 72 hours of enrollment in study.</time_frame>
    <description>Assessed by cardiac component of Sequential Organ Failure Assessment (SOFA) Score score. This is a scale from 0-4 (with 0 indicating no cardiovascular failure and 4 indicating severe cardiovascular failure).</description>
  </secondary_outcome>
  <secondary_outcome>
    <measure>Length of stay</measure>
    <time_frame>From time of study enrollment up to discharge from hospital, to a maximum of 1 year.</time_frame>
    <description>In hospital and in ICU</description>
  </secondary_outcome>
  <secondary_outcome>
    <measure>Incidence of Treatment-Emergent Adverse Events [Safety and Tolerability]: Hyperglycemia</measure>
    <time_frame>Up to day +5 following study enrollment.</time_frame>
    <description>Number of participants who have hyperglycemia while receiving corticosteroids. Hyperglycemia is defined as a consistently elevated blood sugar level requiring insulin administration.</description>
  </secondary_outcome>
  <secondary_outcome>
    <measure>Incidence of Treatment-Emergent Adverse Events [Safety and Tolerability]: Delirium</measure>
    <time_frame>Up to day +5 following study enrollment.</time_frame>
    <description>Number of participants who develop delirium while receiving corticosteroids. Delirium will be assessed by Confusion Assessment Method for the ICU (CAM-ICU) measurement tool. The CAM-ICU is a binary (yes/no) scale for assessing the presence of delirium.</description>
  </secondary_outcome>
  <secondary_outcome>
    <measure>Incidence of Treatment-Emergent Adverse Events [Safety and Tolerability]: Secondary Infection</measure>
    <time_frame>Up to day +14 following study enrollment.</time_frame>
    <description>Number of participants who develop secondary infections during and after steroid therapy. A secondary infection is defined as a new infection that develops after initiation of corticosteroid therapy, until 5 days after steroids are discontinued.</description>
  </secondary_outcome>
  <number_of_arms>2</number_of_arms>
  <enrollment type="Anticipated">90</enrollment>
  <condition>Pneumonia</condition>
  <arm_group>
    <arm_group_label>Usual Care</arm_group_label>
    <arm_group_type>Active Comparator</arm_group_type>
    <description>Usual care as determined by the patient's primary team.</description>
  </arm_group>
  <arm_group>
    <arm_group_label>Biomarker-adjusted Steroid Dosing</arm_group_label>
    <arm_group_type>Experimental</arm_group_type>
    <description>Individualized, biomarker concordant steroid use: dosing, titration and duration according to CRP level. This is a predetermined dosing table that adjusts dose of steroid by CRP level. Specifically: if CRP &lt; 50 mmol/L: discontinue steroid; if CRP is between 51-100 mmol/L: 0.5 mg methylprednisolone (or dose equivalent of oral prednisone); if CRP is between 101-150 mmol/L: 0.75 mg/kg methylprednisolone (or dose equivalent of oral prednisone); if CRP level is between 151-200 mmol/L: 1 mg/kg methylprednisolone (or dose equivalent of oral prednisone); if CRP level &gt; 200 mmol/L: 1.5 mg/kg methylprednisolone (or dose equivalent of oral prednisone).</description>
  </arm_group>
  <intervention>
    <intervention_type>Drug</intervention_type>
    <intervention_name>Methylprednisolone</intervention_name>
    <description>Methylprednisolone will be administered based on CRP-guided protocol outlined under 'Biomarker-adjusted steroid dosing'.</description>
    <arm_group_label>Biomarker-adjusted Steroid Dosing</arm_group_label>
  </intervention>
  <intervention>
    <intervention_type>Other</intervention_type>
    <intervention_name>Usual Care</intervention_name>
    <description>Usual care as determined by the patients treatment team.</description>
    <arm_group_label>Usual Care</arm_group_label>
  </intervention>
  <eligibility>
    <criteria>
      <textblock>
        For the Pneumonia arm of the study:&#xD;
&#xD;
        Inclusion criteria:&#xD;
&#xD;
          -  Patients admitted to hospital with community acquired pneumonia.&#xD;
&#xD;
          -  Acute respiratory failure (SaO2/FiO2 &lt; 315 or PaO2/FiO2 &lt; 300).&#xD;
&#xD;
        Exclusion Criteria:&#xD;
&#xD;
          -  Pre-admission chronic use of steroids or other immunosuppressive medications&#xD;
&#xD;
          -  Adrenal insufficiency&#xD;
&#xD;
          -  Comfort care&#xD;
&#xD;
          -  Leukopenia &lt;1000/mm or neutropenia &lt;500/mm (except if attributable to pneumonia) and&#xD;
             HIV positive with a CD4 count &lt;100&#xD;
&#xD;
          -  Recent or past history of bone marrow or solid organ transplantation&#xD;
&#xD;
          -  Hospital admission in the previous 90 days&#xD;
&#xD;
          -  Suspected flare of Interstitial lung disease (infectious and non-infectious)&#xD;
&#xD;
        For the COVID-19 arm of the study:&#xD;
&#xD;
        Inclusion criteria:&#xD;
&#xD;
          -  Patients admitted to hospital with COVID-19 pneumonia (confirmed by positive SARS&#xD;
             CoV-2 testing).&#xD;
&#xD;
          -  Acute respiratory failure (SaO2/FiO2 &lt; 315 or PaO2/FiO2 &lt; 300).&#xD;
&#xD;
        Exclusion critieria:&#xD;
&#xD;
          -  Same as pneumonia arm above.&#xD;
      </textblock>
    </criteria>
    <gender>All</gender>
    <minimum_age>18 Years</minimum_age>
    <maximum_age>N/A</maximum_age>
    <healthy_volunteers>No</healthy_volunteers>
  </eligibility>
  <overall_official>
    <last_name>Hemang Yadav</last_name>
    <role>Principal Investigator</role>
    <affiliation>Mayo Clinic</affiliation>
  </overall_official>
  <location>
    <facility>
      <name>Mayo Clinic in Rochester</name>
      <address>
        <city>Rochester</city>
        <state>Minnesota</state>
        <zip>55905</zip>
        <country>United States</country>
      </address>
    </facility>
    <status>Recruiting</status>
    <contact>
      <last_name>Amy L Amsbaugh</last_name>
      <phone>507-255-5123</phone>
      <email>amsbaugh.amy@mayo.edu</email>
    </contact>
    <investigator>
      <last_name>Hemang Yadav</last_name>
      <role>Principal Investigator</role>
    </investigator>
  </location>
  <location_countries>
    <country>United States</country>
  </location_countries>
  <link>
    <url>https://www.mayo.edu/research/clinical-trials</url>
    <description>Mayo Clinic Clinical Trials</description>
  </link>
  <verification_date>April 2020</verification_date>
  <study_first_submitted>February 15, 2019</study_first_submitted>
  <study_first_submitted_qc>February 22, 2019</study_first_submitted_qc>
  <study_first_posted type="Actual">February 25, 2019</study_first_posted>
  <last_update_submitted>April 20, 2020</last_update_submitted>
  <last_update_submitted_qc>April 20, 2020</last_update_submitted_qc>
  <last_update_posted type="Actual">April 22, 2020</last_update_posted>
  <responsible_party>
    <responsible_party_type>Principal Investigator</responsible_party_type>
    <investigator_affiliation>Mayo Clinic</investigator_affiliation>
    <investigator_full_name>Hemang Yadav</investigator_full_name>
    <investigator_title>Principal Investigator</investigator_title>
  </responsible_party>
  <keyword>Pneumonia, steroid, COVID-19, SARS CoV-2</keyword>
  <condition_browse>
    <!-- CAUTION:  The following MeSH terms are assigned with an imperfect algorithm            -->
    <mesh_term>Pneumonia</mesh_term>
  </condition_browse>
  <intervention_browse>
    <!-- CAUTION:  The following MeSH terms are assigned with an imperfect algorithm            -->
    <mesh_term>Methylprednisolone</mesh_term>
    <mesh_term>Methylprednisolone Acetate</mesh_term>
    <mesh_term>Methylprednisolone Hemisuccinate</mesh_term>
    <mesh_term>Prednisolone</mesh_term>
    <mesh_term>Prednisolone acetate</mesh_term>
    <mesh_term>Prednisolone hemisuccinate</mesh_term>
    <mesh_term>Prednisolone phosphate</mesh_term>
  </intervention_browse>
  <!-- Results have not yet been posted for this study                                          -->
</clinical_study>

