<?xml version="1.0" encoding="UTF-8"?>
<clinical_study rank="4970">
  <!-- This xml conforms to an XML Schema at:
    https://clinicaltrials.gov/ct2/html/images/info/public.xsd -->
  <required_header>
    <download_date>ClinicalTrials.gov processed this data on February 08, 2021</download_date>
    <link_text>Link to the current ClinicalTrials.gov record.</link_text>
    <url>https://clinicaltrials.gov/show/NCT04043364</url>
  </required_header>
  <id_info>
    <org_study_id>NFR 273581</org_study_id>
    <nct_id>NCT04043364</nct_id>
  </id_info>
  <brief_title>Live@Home.Path: Innovating the Clinical Pathway for Home Dwelling Persons With Dementia and Their Families</brief_title>
  <acronym>LIVE</acronym>
  <official_title>LIVE@Home.Path: a Mixed Method, Stepped Wedge and Randomized Controlled Trial Innovating the Clinical Pathway for Home-dwelling Persons With Dementia and Their Families</official_title>
  <sponsors>
    <lead_sponsor>
      <agency>University of Bergen</agency>
      <agency_class>Other</agency_class>
    </lead_sponsor>
    <collaborator>
      <agency>Haraldsplass Deaconal Hospital</agency>
      <agency_class>Other</agency_class>
    </collaborator>
    <collaborator>
      <agency>Western Norway University of Applied Sciences</agency>
      <agency_class>Other</agency_class>
    </collaborator>
    <collaborator>
      <agency>Norwegian Reseach Centre AS (NORCE)</agency>
      <agency_class>Other</agency_class>
    </collaborator>
    <collaborator>
      <agency>Norwegian National Advisory Unit on Ageing and Health</agency>
      <agency_class>Other</agency_class>
    </collaborator>
    <collaborator>
      <agency>Natioal Association for Public Health</agency>
      <agency_class>Other</agency_class>
    </collaborator>
    <collaborator>
      <agency>Municipality of Bergen</agency>
      <agency_class>Other</agency_class>
    </collaborator>
    <collaborator>
      <agency>Municipally of Kristiansund</agency>
      <agency_class>Other</agency_class>
    </collaborator>
    <collaborator>
      <agency>Municipally of Bærum</agency>
      <agency_class>Other</agency_class>
    </collaborator>
    <collaborator>
      <agency>The Dignity Centre</agency>
      <agency_class>Other</agency_class>
    </collaborator>
    <collaborator>
      <agency>Harvard McLean University</agency>
      <agency_class>Other</agency_class>
    </collaborator>
    <collaborator>
      <agency>Yale School of Medicine</agency>
      <agency_class>Other</agency_class>
    </collaborator>
    <collaborator>
      <agency>University College, London</agency>
      <agency_class>Other</agency_class>
    </collaborator>
    <collaborator>
      <agency>University of Leiden</agency>
      <agency_class>Other</agency_class>
    </collaborator>
    <collaborator>
      <agency>Tohoku University</agency>
      <agency_class>Other</agency_class>
    </collaborator>
    <collaborator>
      <agency>King's College London</agency>
      <agency_class>Other</agency_class>
    </collaborator>
    <collaborator>
      <agency>The University of Hong Kong</agency>
      <agency_class>Other</agency_class>
    </collaborator>
  </sponsors>
  <source>University of Bergen</source>
  <oversight_info>
    <has_dmc>No</has_dmc>
    <is_fda_regulated_drug>No</is_fda_regulated_drug>
    <is_fda_regulated_device>No</is_fda_regulated_device>
  </oversight_info>
  <brief_summary>
    <textblock>
      This study aims at developing, implementing and evaluating a complex intervention involving&#xD;
      Learning, Innovation, Volunteers and Empowerment for home dwelling persons with dementia and&#xD;
      their caregivers. The investigators hypothesise that a successfully implemented intervention&#xD;
      will reduce caregivers burden and be cost-effective.&#xD;
    </textblock>
  </brief_summary>
  <detailed_description>
    <textblock>
      The provision of economically viable and proper care for the growing group of home-dwelling&#xD;
      people with dementia (PWD) is one of the most pressing issues in our society. While a cure&#xD;
      for dementia is not yet available, professionals and policy-makers highly prioritize the&#xD;
      support of caregivers who experience a vast burden. However, there is a lack of high-quality&#xD;
      research investigating clinical, social and economic factors that may add beneficial effects.&#xD;
      This project aims to develop, test, and implement a complex intervention for PWD, intended to&#xD;
      reduce caregivers' burden, which will aid PWD to stay safely, longer and independently at&#xD;
      home with dignity and cost-effectiveness. The term informal caregivers' burden may include&#xD;
      different meanings for different people and be related to economic burden, depression and&#xD;
      anxiety, quality of life (QoL), or simply the quality of sleep and recreation. In a stepped&#xD;
      wedge, cluster randomized controlled trial, involving primary and secondary health care&#xD;
      systems in Bergen, Bærum and Kristiansand the 24-month LIVE@Home.Path study will be&#xD;
      undertaken in a stepped wedge design. The user-inspired and tailored intervention includes a&#xD;
      designated coordinator to the PWD and caregiver for 6 months to introduce a complex&#xD;
      intervention involving a) Learning b) Innovation c) Volunteers and d) Empowerment.&#xD;
&#xD;
      Qualitative interviews will determine users' values and wishes, and promotors and barriers&#xD;
      for successful implementation of the intervention. Primary and secondary outcomes on&#xD;
      cognitive, emotional and social factors, cost-benefit analyses, and QoL of PWD and families&#xD;
      will be assessed every 6-month over 2 years.&#xD;
&#xD;
      Update spring 2020: The COVID-19 pandemic severely hampered the implementation of the&#xD;
      intervention for the second group. We therefore had to change the design, postponing the&#xD;
      intervention in Bærum and Kristiansand, and delivering the intervention in Bergen by phone.&#xD;
      In addition, we initiated the PAN.DEM in the LIVE@Home.Path trial, collecting data from phone&#xD;
      interviews with caregivers on change in Health services and neuropsychiatric symptoms, risk&#xD;
      perception and restrictions. Changes in design approved by Ethical committee (REK: 10861).&#xD;
    </textblock>
  </detailed_description>
  <overall_status>Recruiting</overall_status>
  <start_date type="Actual">August 1, 2019</start_date>
  <completion_date type="Anticipated">June 2021</completion_date>
  <primary_completion_date type="Anticipated">June 2021</primary_completion_date>
  <phase>N/A</phase>
  <study_type>Interventional</study_type>
  <has_expanded_access>No</has_expanded_access>
  <study_design_info>
    <allocation>Randomized</allocation>
    <intervention_model>Sequential Assignment</intervention_model>
    <intervention_model_description>Mixed method, stepped wedge randomized controlled trial</intervention_model_description>
    <primary_purpose>Supportive Care</primary_purpose>
    <masking>None (Open Label)</masking>
  </study_design_info>
  <primary_outcome>
    <measure>Resource Utilization in Dementia</measure>
    <time_frame>up to 24 months follow up, assesment every 6 months</time_frame>
    <description>RUD:A validated tool for assessment of time use for cost effectiveness analyses, measuring total time use in hours/day for different activities, numbers of contact points with care professionals and use of medications, high time use, many contacts and many medications indicates high resource use</description>
  </primary_outcome>
  <primary_outcome>
    <measure>Relative stress scale</measure>
    <time_frame>up to 24 months follow up, assessment every 6 months</time_frame>
    <description>RSS: measuring caregiver distress, 15 items ranging from 0-4, high score indicates high burden</description>
  </primary_outcome>
  <secondary_outcome>
    <measure>Activities of daily living, instrumental</measure>
    <time_frame>24 months follow up, assesment every 6 months</time_frame>
    <description>I-ADL scale assessing instrumental activities such as use of telephone, economy, household, public transport and shopping, range from 8-31, higher score indicates poorer functioning</description>
  </secondary_outcome>
  <secondary_outcome>
    <measure>Depression and mood</measure>
    <time_frame>24 months follow up, assesment every 6 months</time_frame>
    <description>CSDD: Cornell scale for depression in dementia, range 0-38, high score indicates high symptom load</description>
  </secondary_outcome>
  <secondary_outcome>
    <measure>Agitation</measure>
    <time_frame>24 months follow up, assesment every 6 months</time_frame>
    <description>CMAI: Cohen-Mansfield Agitation Inventory, 29 items assessing the frequency of agitated behaviour, range 29-203, high score indicates higher severity</description>
  </secondary_outcome>
  <secondary_outcome>
    <measure>Neuropsychiatric symptoms</measure>
    <time_frame>24 months follow up, assesment every 6 months</time_frame>
    <description>NPI: presence, severity and burden of depression, anxiety, psychosis and motor disturbances, range from 0-144, high score indicates frequent, severe and burdensome symptoms</description>
  </secondary_outcome>
  <secondary_outcome>
    <measure>Adverse events</measure>
    <time_frame>24 months follow up, assesment every 6 months</time_frame>
    <description>Falls, disappearances outdoor, admissions to acute wards, fire hazard</description>
  </secondary_outcome>
  <secondary_outcome>
    <measure>Use of assistive technology</measure>
    <time_frame>24 months follow up, assesment every 6 months</time_frame>
    <description>number of technical aids, cognitive intervention devices and assisted-living systems</description>
  </secondary_outcome>
  <secondary_outcome>
    <measure>Use of volunteers</measure>
    <time_frame>24 months follow up, assesment every 6 months</time_frame>
    <description>number of participants with contact with a volunteer, number of hours spent with volunteer</description>
  </secondary_outcome>
  <secondary_outcome>
    <measure>Activities of daily living, personal</measure>
    <time_frame>24 months follow up, assesment every 6 months</time_frame>
    <description>P-ADL, assessing personal activities such as toileting, grooming, dressing, transfer and eating, scale range 6-30, higher score indicates poorer personal functioning</description>
  </secondary_outcome>
  <secondary_outcome>
    <measure>Quality of Life</measure>
    <time_frame>24 months follow up, assesment every 6 months</time_frame>
    <description>EQ-5D-5L, Descriptive measure of health related quality of life comprising 5 Dimensions With 5 Levels each, scores can be converted to a single summary index number</description>
  </secondary_outcome>
  <secondary_outcome>
    <measure>Quality of Life VAS scale</measure>
    <time_frame>24 months follow up, assesment every 6 months</time_frame>
    <description>EQ-5D, Descriptive measure of quality of life rated on a VAS scale range 0-100, high score indicates good health</description>
  </secondary_outcome>
  <secondary_outcome>
    <measure>Quality of Life</measure>
    <time_frame>24 months follow up, assesment every 6 months</time_frame>
    <description>QoL-AD: Quality of life in Alzheimer dementia, 13 items likert scale, range from 13-52 points, high score indicates high quality of life</description>
  </secondary_outcome>
  <secondary_outcome>
    <measure>Use of volunteers</measure>
    <time_frame>24 months follow up, assesment every 6 months</time_frame>
    <description>number of hours spent with a volunteer</description>
  </secondary_outcome>
  <secondary_outcome>
    <measure>Change achieving</measure>
    <time_frame>at the start of intervention, and every 6 months</time_frame>
    <description>Clinical global impression of change, to quantify and track patient progress and treatment response on a scale from 1 to 7, at which 7 indicates substantial worsening.</description>
  </secondary_outcome>
  <secondary_outcome>
    <measure>Caregiver depression</measure>
    <time_frame>24 months follow up, assesment every 6 months</time_frame>
    <description>GDS: Geriatric depression scale, 30 items rated yeas or no, high score indicates high burden</description>
  </secondary_outcome>
  <secondary_outcome>
    <measure>Comorbidity</measure>
    <time_frame>24 months follow up, assesment every 6 months</time_frame>
    <description>GMHR: General medical health rating scale, 4 point likert scale, range from 1-4, high score indicates high comorbidity burden</description>
  </secondary_outcome>
  <secondary_outcome>
    <measure>Pain in dementia</measure>
    <time_frame>24 months follow up, assesment every 6 months</time_frame>
    <description>MOBID-2: assesses the intensity of pain based on interpretation of pain related behaviour, range from 0-10, high score indicates high pain intensity</description>
  </secondary_outcome>
  <secondary_outcome>
    <measure>Change in cognitive performance</measure>
    <time_frame>Baseline</time_frame>
    <description>IQ CODE: Proxy rater instrument for assessment of change in cognitive performance the last 10 years, range 16-80, high score indicates great decline</description>
  </secondary_outcome>
  <secondary_outcome>
    <measure>Medication use</measure>
    <time_frame>At the start of the intervention, and every 6 onth follow up</time_frame>
    <description>Self and proxy reported use of medications, both regular and on demand</description>
  </secondary_outcome>
  <secondary_outcome>
    <measure>Participation in educational programs</measure>
    <time_frame>24 months follow up, assessment every 6 months</time_frame>
    <description>Participation in educational programes, both for persons with dementia and for caregivers.</description>
  </secondary_outcome>
  <other_outcome>
    <measure>COVID-19: risk perception</measure>
    <time_frame>month 6 to month 12 (during COVID-19 lock down in Norway)</time_frame>
    <description>Caregivers perception of risk of contamination With Sars-Cov-10</description>
  </other_outcome>
  <other_outcome>
    <measure>COVID-19: restrictions</measure>
    <time_frame>month 6 to month 12 (during COVID-19 lock down in Norway)</time_frame>
    <description>Change in services and contact due to restrictions of COVID-19</description>
  </other_outcome>
  <other_outcome>
    <measure>COVID-19: caregiver burden</measure>
    <time_frame>month 6 to month 12 (during COVID-19 lock down in Norway)</time_frame>
    <description>Caregivers perception of caregiver burden during COVID-19</description>
  </other_outcome>
  <other_outcome>
    <measure>COVID-19: neuropsychiatric symptoms</measure>
    <time_frame>month 6 to month 12 (during COVID-19 lock down in Norway)</time_frame>
    <description>NPI: change in presence, severity and burden of depression, anxiety, psychosis and motor disturbances</description>
  </other_outcome>
  <other_outcome>
    <measure>COVID-19: depression and mood</measure>
    <time_frame>month 6 to month 12 (during COVID-19 lock down in Norway)</time_frame>
    <description>CSDD: Change in cornell scale for depression in dementia.</description>
  </other_outcome>
  <number_of_arms>2</number_of_arms>
  <enrollment type="Anticipated">312</enrollment>
  <condition>Dementia</condition>
  <condition>Home-dwelling</condition>
  <condition>Caregiver</condition>
  <arm_group>
    <arm_group_label>LIVE</arm_group_label>
    <arm_group_type>Experimental</arm_group_type>
    <description>A multicomponent intervention focusing on Learning, Innovation, Volunteers and Empowerment organized by a local coordinator.</description>
  </arm_group>
  <arm_group>
    <arm_group_label>Treatment as usual</arm_group_label>
    <arm_group_type>No Intervention</arm_group_type>
    <description>Care coordination and facilitation as usual.</description>
  </arm_group>
  <intervention>
    <intervention_type>Behavioral</intervention_type>
    <intervention_name>LIVE</intervention_name>
    <description>Learning, Innovation, Volunteers and Empowerment</description>
    <arm_group_label>LIVE</arm_group_label>
  </intervention>
  <eligibility>
    <criteria>
      <textblock>
        Inclusion Criteria:&#xD;
&#xD;
          1. Home-dwelling people with dementia (PWD) equal or above 65 years diagnosed according&#xD;
             to national guidelines&#xD;
&#xD;
          2. Mini mental state examination score 15-24&#xD;
&#xD;
          3. Functional Assessment Staging Test (FAST score 4-7)&#xD;
&#xD;
          4. Living with a partner, or have regular contact with a caregiver minimum 1 hour/week&#xD;
&#xD;
        Exclusion Criteria:&#xD;
&#xD;
          1. Participate in other trials&#xD;
&#xD;
          2. Expected survival under 4 weeks&#xD;
      </textblock>
    </criteria>
    <gender>All</gender>
    <minimum_age>65 Years</minimum_age>
    <maximum_age>N/A</maximum_age>
    <healthy_volunteers>No</healthy_volunteers>
  </eligibility>
  <overall_official>
    <last_name>Bettina Husebø, MD, PhD</last_name>
    <role>Principal Investigator</role>
    <affiliation>University of Bergen</affiliation>
  </overall_official>
  <overall_contact>
    <last_name>Bettina Husebø, MD,PhD</last_name>
    <phone>+4755586735</phone>
    <email>Bettina.Husebo@uib.no</email>
  </overall_contact>
  <overall_contact_backup>
    <last_name>Line I Berge, MD,PhD</last_name>
    <phone>+4755586100</phone>
    <email>line.iden.berge@gmail.com</email>
  </overall_contact_backup>
  <location>
    <facility>
      <name>University of Bergen</name>
      <address>
        <city>Bergen</city>
        <zip>5009</zip>
        <country>Norway</country>
      </address>
    </facility>
    <status>Recruiting</status>
  </location>
  <location_countries>
    <country>Norway</country>
  </location_countries>
  <verification_date>January 2020</verification_date>
  <study_first_submitted>March 15, 2019</study_first_submitted>
  <study_first_submitted_qc>July 31, 2019</study_first_submitted_qc>
  <study_first_posted type="Actual">August 2, 2019</study_first_posted>
  <last_update_submitted>August 31, 2020</last_update_submitted>
  <last_update_submitted_qc>August 31, 2020</last_update_submitted_qc>
  <last_update_posted type="Actual">September 2, 2020</last_update_posted>
  <responsible_party>
    <responsible_party_type>Sponsor</responsible_party_type>
  </responsible_party>
  <keyword>Learning</keyword>
  <keyword>Innovation</keyword>
  <keyword>Volunteers</keyword>
  <keyword>Empowerment</keyword>
  <condition_browse>
    <!-- CAUTION:  The following MeSH terms are assigned with an imperfect algorithm            -->
    <mesh_term>Dementia</mesh_term>
  </condition_browse>
  <patient_data>
    <sharing_ipd>No</sharing_ipd>
    <ipd_description>We plan to make individual participant data available to collaborators and researchers affiliated with the project.</ipd_description>
  </patient_data>
  <!-- Results have not yet been posted for this study                                          -->
</clinical_study>

