<?xml version="1.0" encoding="UTF-8"?>
<clinical_study rank="3330">
  <!-- This xml conforms to an XML Schema at:
    https://clinicaltrials.gov/ct2/html/images/info/public.xsd -->
  <required_header>
    <download_date>ClinicalTrials.gov processed this data on February 08, 2021</download_date>
    <link_text>Link to the current ClinicalTrials.gov record.</link_text>
    <url>https://clinicaltrials.gov/show/NCT04310865</url>
  </required_header>
  <id_info>
    <org_study_id>YHQW-Severe-V2.0</org_study_id>
    <nct_id>NCT04310865</nct_id>
  </id_info>
  <brief_title>Yinhu Qingwen Granula for the Treatment of Severe CoVID-19</brief_title>
  <official_title>An Adaptive, Randomized, Double-blind, Parallel-controlled Clinical Trial of Yinhu Qingwen Granula for the Treatment of Severe CoVID-19</official_title>
  <sponsors>
    <lead_sponsor>
      <agency>Zhong Wang</agency>
      <agency_class>Other</agency_class>
    </lead_sponsor>
    <collaborator>
      <agency>Wuhan Leishenshan Hospital</agency>
      <agency_class>Other</agency_class>
    </collaborator>
    <collaborator>
      <agency>The First Affiliated Hospital of Dalian Medical University</agency>
      <agency_class>Other</agency_class>
    </collaborator>
    <collaborator>
      <agency>Tanshan People's Hospital</agency>
      <agency_class>Other</agency_class>
    </collaborator>
    <collaborator>
      <agency>North China University of Science and Technology Affiliated Hospital</agency>
      <agency_class>Other</agency_class>
    </collaborator>
    <collaborator>
      <agency>Jizhong Energy Fengfeng Group Hospital</agency>
      <agency_class>Other</agency_class>
    </collaborator>
  </sponsors>
  <source>China Academy of Chinese Medical Sciences</source>
  <oversight_info>
    <has_dmc>Yes</has_dmc>
    <is_fda_regulated_drug>No</is_fda_regulated_drug>
    <is_fda_regulated_device>No</is_fda_regulated_device>
  </oversight_info>
  <brief_summary>
    <textblock>
      In December 2019, Wuhan, in Hubei province, China, became the center of an outbreak of&#xD;
      pneumonia caused by CoVID-19, and the number of cases of infection with CoVID-19 identified&#xD;
      in Wuhan increased markedly over the later part of January 2020, with cases identified in&#xD;
      multiple other Provinces of China and internationally.Given no specific antiviral therapy for&#xD;
      CoVID-19 infection and the availability of Yinhu Qingwen Granula as a potential antiviral&#xD;
      Chinese medicine based on vivo antiviral studies in CoVID-19, this adaptive,&#xD;
      randomized,double-blind,controlled trial will evaluate the efficacy and safety of Yinhu&#xD;
      Qingwen Granula in patients hospitalized with severe CoVID-19.&#xD;
    </textblock>
  </brief_summary>
  <detailed_description>
    <textblock>
      In December 2019, Wuhan, in Hubei province, China, became the center of an outbreak of&#xD;
      pneumonia caused by CoVID-19, and the number of cases of infection with CoVID-19 identified&#xD;
      in Wuhan increased markedly over the later part of January 2020, with cases identified in&#xD;
      multiple other Provinces of China and internationally.The clinical spectrum of CoVID-19&#xD;
      infection appears to be wide,including asymptomatic infection, mild upper respiratory&#xD;
      disease, severe viral pneumonia with respiratory failure, and even death. However,there is no&#xD;
      specific antiviral therapy for CoVID-19 infection, which provides a window of opportunity for&#xD;
      testing candidate antiviral therapies. Previous experiences with SARS and MERS-CoV, highlight&#xD;
      the need of the early intervention with Chinese medicine, and so as for CoVID-19 infection.&#xD;
      The treatment of Chinese medicine for CoVID-19 infection suggested its benefits to improve of&#xD;
      clinical outcomes, reduce the risk of disease progression, accelerate recovery, and reduce&#xD;
      intensive supportive care and long-term hospitalization.Yinhu Qingwen Granula was a kind of&#xD;
      herbal granula made from &quot;Yinhu Qingwen Decoction&quot;, which consists of 11 common non-toxic&#xD;
      traditional Chinese medicine such as Polygonum cuspidatum, Honeysuckle, Nepeta, Ligustrum&#xD;
      lucidum. Previous vivo antiviral studies showed its activity for the inbition of CoVID-19.&#xD;
      This clinical trial is planned to evaluate the improvement of the changes in the ratio of&#xD;
      PaO2 to FiO2 from the baseline for patients with severe CoVID-19 as the primary outcome, and&#xD;
      to evaluate the effect of the symptoms relief and virus clearance as well as the clinical&#xD;
      safety.&#xD;
    </textblock>
  </detailed_description>
  <overall_status>Suspended</overall_status>
  <why_stopped>
    There were no eligible patients with CoVID-19 in the paticipated centers.&#xD;
  </why_stopped>
  <start_date type="Anticipated">November 2020</start_date>
  <completion_date type="Anticipated">June 30, 2021</completion_date>
  <primary_completion_date type="Anticipated">March 30, 2021</primary_completion_date>
  <phase>Phase 2/Phase 3</phase>
  <study_type>Interventional</study_type>
  <has_expanded_access>No</has_expanded_access>
  <study_design_info>
    <allocation>Randomized</allocation>
    <intervention_model>Parallel Assignment</intervention_model>
    <primary_purpose>Prevention</primary_purpose>
    <masking>Quadruple (Participant, Care Provider, Investigator, Outcomes Assessor)</masking>
  </study_design_info>
  <primary_outcome>
    <measure>changes in the ratio of PaO2 to FiO2 from baseline</measure>
    <time_frame>Day 10</time_frame>
  </primary_outcome>
  <secondary_outcome>
    <measure>PaO2</measure>
    <time_frame>up to 30 days</time_frame>
  </secondary_outcome>
  <secondary_outcome>
    <measure>blood oxygen saturation (SpO2)</measure>
    <time_frame>up to 30 days</time_frame>
  </secondary_outcome>
  <secondary_outcome>
    <measure>clinical status rating on the 7-point ordinal scale</measure>
    <time_frame>up to 30 days</time_frame>
    <description>The ordinal scale is an assessment of the clinical status at the first assessment of a given study day. The scale is as follows: 1) Death; 2) Hospitalized, on invasive mechanical ventilation or extracorporeal membrane oxygenation (ECMO); 3) Hospitalized, on non-invasive ventilation or high flow oxygen devices; 4) Hospitalized, requiring supplemental oxygen; 5) Hospitalized, not requiring supplemental oxygen; 6) Not hospitalized, limitation on activities; 7) Not hospitalized, no limitations on activities.</description>
  </secondary_outcome>
  <secondary_outcome>
    <measure>Time to Clinical Improvement (TTCI)</measure>
    <time_frame>up to 30 days</time_frame>
    <description>TTCI is defined as the time (in days) from initiation of study treatment (Yinhu Qingwen Granula or its low-dose granula) until a decline of two categories from status at randomisation on the 7-point ordinal scale of clinical status which ranges from 0 (death) to 6 (Not hospitalized, no limitations on activities).</description>
  </secondary_outcome>
  <secondary_outcome>
    <measure>Duration (hours) of non-invasive mechanical ventilation or high-flow nasal catheter oxygen inhalation use</measure>
    <time_frame>up to 30 days</time_frame>
  </secondary_outcome>
  <secondary_outcome>
    <measure>Duration (hours) of invasive mechanical ventilation use</measure>
    <time_frame>up to 30 days</time_frame>
  </secondary_outcome>
  <secondary_outcome>
    <measure>Duration (hours) of extracorporeal membrane oxygenation (ECMO) use</measure>
    <time_frame>up to 30 days</time_frame>
  </secondary_outcome>
  <secondary_outcome>
    <measure>Duration (days) of Oxygen use</measure>
    <time_frame>up to 30 days</time_frame>
  </secondary_outcome>
  <secondary_outcome>
    <measure>The proportion of the patients reporting 2019-nCoV RT-PCR negativity at Day 10 after treatment</measure>
    <time_frame>Day 10</time_frame>
  </secondary_outcome>
  <secondary_outcome>
    <measure>The counts/percentage of Lymphocyte</measure>
    <time_frame>up to 30 days</time_frame>
  </secondary_outcome>
  <secondary_outcome>
    <measure>Time to hospital discharge with clinical recovery from the randomisation</measure>
    <time_frame>up to 30 days</time_frame>
  </secondary_outcome>
  <secondary_outcome>
    <measure>The incidence of critical status conversion in 30 days</measure>
    <time_frame>up to 30 days</time_frame>
    <description>Critical status is defined as: 1) respiratory failure with the need of invasive mechanical ventilation; or 2) shock; or 3) other system organ failure with ICU admission.</description>
  </secondary_outcome>
  <secondary_outcome>
    <measure>All-cause mortality within 30 days</measure>
    <time_frame>up to 30 days</time_frame>
  </secondary_outcome>
  <secondary_outcome>
    <measure>Frequency of severe adverse drug events</measure>
    <time_frame>up to 30 days</time_frame>
  </secondary_outcome>
  <number_of_arms>2</number_of_arms>
  <enrollment type="Anticipated">116</enrollment>
  <condition>COVID-19</condition>
  <condition>Severe Pneumonia</condition>
  <condition>Chinese Medicine</condition>
  <arm_group>
    <arm_group_label>Yinhu Qingwen Granula Group</arm_group_label>
    <arm_group_type>Experimental</arm_group_type>
    <description>Based on the standard medical treatment, the patients will be given Yinhu Qingwen Granula for 10 days.</description>
  </arm_group>
  <arm_group>
    <arm_group_label>Yinhu Qingwen Granula Low-dose Group</arm_group_label>
    <arm_group_type>Placebo Comparator</arm_group_type>
    <description>Based on the standard medical treatment, the patients will be given 10% dose of Yinhu Qingwen Granula for 10 days.</description>
  </arm_group>
  <intervention>
    <intervention_type>Drug</intervention_type>
    <intervention_name>Yinhu Qingwen Granula</intervention_name>
    <description>Yinhu Qingwen Granula is a kind of herbal granula made from &quot;Yinhu Qingwen Decoction&quot;, which consits of 11 Chinese herbal medicine as Honeysuckle, Polygonum cuspidatum, Schizonepeta, Longspur epimedium, etc. The granula will be dissolved into 600ml decoction and divided to 3 times (once with 200ml). It will be given a 200ml per time, three times a day, for 10 days.</description>
    <arm_group_label>Yinhu Qingwen Granula Group</arm_group_label>
  </intervention>
  <intervention>
    <intervention_type>Drug</intervention_type>
    <intervention_name>Yin Hu Qing Wen Granula(low does)</intervention_name>
    <description>This intervention is given as 10% dose of YinHu QingWen Granula.The granula will be dissolved into 600ml decoction and divided to 3 times (once with 200ml).</description>
    <arm_group_label>Yinhu Qingwen Granula Low-dose Group</arm_group_label>
  </intervention>
  <intervention>
    <intervention_type>Other</intervention_type>
    <intervention_name>standard medical treatment</intervention_name>
    <description>Standard medical treatment is adhered to the protocol of the treatment for the severe CoVID-19 according to the guideline approved by National Health Commission of China.</description>
    <arm_group_label>Yinhu Qingwen Granula Group</arm_group_label>
    <arm_group_label>Yinhu Qingwen Granula Low-dose Group</arm_group_label>
  </intervention>
  <eligibility>
    <criteria>
      <textblock>
        Inclusion Criteria:&#xD;
&#xD;
          1. Age ≥18 years at time of signing Informed Consent Form;&#xD;
&#xD;
          2. Those who meet the diagnosis of severe new coronavirus pneumonia with laboratory&#xD;
             confirmed infection with CoVID-19;&#xD;
&#xD;
          3. Lung involvement confirmed with chest imaging;&#xD;
&#xD;
          4. Hospitalized with a Pa02/Fi02 ratio ≤300mgHg;&#xD;
&#xD;
          5. 40%&gt; lymphocyte percentage ≥5%;&#xD;
&#xD;
          6. No difficulty swallowing oral medications.&#xD;
&#xD;
        Exclusion Criteria:&#xD;
&#xD;
          1. Allergies, those who are known to be allergic to research drugs or drug excipients;&#xD;
&#xD;
          2. The patient weighs less than 40 kg;&#xD;
&#xD;
          3. Patients with diarrhea;&#xD;
&#xD;
          4. Shock;&#xD;
&#xD;
          5. Patients with respiratory failure at the time of enrollment who need invasive&#xD;
             mechanical ventilation;&#xD;
&#xD;
          6. The clinician judges that ICU admission is needed;&#xD;
&#xD;
          7. Patients who participated in other clinical trials within 1 month;&#xD;
&#xD;
          8. Known patients with impaired renal function (estimated creatinine clearance &lt;60 mL /&#xD;
             min (male: Cr (ml / min) = (140-age) × body weight (kg) / 72 × blood creatinine&#xD;
             concentration (mg / dl); female: Cr (ml / min) = (140-age) × weight (kg) / 85 × blood&#xD;
             creatinine concentration (mg / dl));&#xD;
&#xD;
          9. During the screening or within 24 hours before screening, patients were found to have&#xD;
             any of the following laboratory parameter abnormalities (based on the local laboratory&#xD;
             reference range): ALT or AST level&gt; 5 times the upper limit of normal range (ULN) or&#xD;
             ALT or AST level&gt; 3 times ULN and total bilirubin levels&gt; 2 times ULN;&#xD;
&#xD;
         10. Being pregnant or breastfeeding, or having a positive pregnancy test at the time of&#xD;
             pre-dose inspection, or planning to become pregnant within 3 months after study&#xD;
             treatment;&#xD;
&#xD;
         11. Will be transferred to another hospital which is not the study site within 72 hours.&#xD;
      </textblock>
    </criteria>
    <gender>All</gender>
    <minimum_age>18 Years</minimum_age>
    <maximum_age>N/A</maximum_age>
    <healthy_volunteers>No</healthy_volunteers>
  </eligibility>
  <overall_official>
    <last_name>Dong Shang, M.D.</last_name>
    <role>Principal Investigator</role>
    <affiliation>Wuhan Leishenshan (Thunder God Mountain) Hospital/The First Affiliated Hospital of Dalian Medical University</affiliation>
  </overall_official>
  <overall_official>
    <last_name>Jiang-Rong Huang, M.D.</last_name>
    <role>Principal Investigator</role>
    <affiliation>Yangtze University Health Science Center</affiliation>
  </overall_official>
  <overall_official>
    <last_name>Xiao-Dong Li, M.D.</last_name>
    <role>Principal Investigator</role>
    <affiliation>Hubei Hospital of Traditional Chinese Medicine</affiliation>
  </overall_official>
  <overall_official>
    <last_name>Zhong Wang, M.D.</last_name>
    <role>Study Director</role>
    <affiliation>China Academy of Chinese Medical Sciences</affiliation>
  </overall_official>
  <location>
    <facility>
      <name>Wuhan No.7 Hospital/Jizhong Energy Fengfeng Group Hospital</name>
      <address>
        <city>Wuhan</city>
        <state>Hubei</state>
        <zip>430071</zip>
        <country>China</country>
      </address>
    </facility>
  </location>
  <location>
    <facility>
      <name>Wuhan No.7 Hospital/North China University of Science and Technology Affiliated Hospital</name>
      <address>
        <city>Wuhan</city>
        <state>Hubei</state>
        <zip>430071</zip>
        <country>China</country>
      </address>
    </facility>
  </location>
  <location>
    <facility>
      <name>Zhongnan Hospital of Wuhan University/Tanshan People's Hospital</name>
      <address>
        <city>Wuhan</city>
        <state>Hubei</state>
        <zip>430071</zip>
        <country>China</country>
      </address>
    </facility>
  </location>
  <location>
    <facility>
      <name>Wuhan Leishenshan (Thunder God Mountain) Hospital/The First Affiliated Hospital of Dalian Medical University</name>
      <address>
        <city>Wuhan</city>
        <state>Hubei</state>
        <zip>430200</zip>
        <country>China</country>
      </address>
    </facility>
  </location>
  <location_countries>
    <country>China</country>
  </location_countries>
  <verification_date>May 2020</verification_date>
  <study_first_submitted>March 15, 2020</study_first_submitted>
  <study_first_submitted_qc>March 15, 2020</study_first_submitted_qc>
  <study_first_posted type="Actual">March 17, 2020</study_first_posted>
  <last_update_submitted>May 7, 2020</last_update_submitted>
  <last_update_submitted_qc>May 7, 2020</last_update_submitted_qc>
  <last_update_posted type="Actual">May 11, 2020</last_update_posted>
  <responsible_party>
    <responsible_party_type>Sponsor-Investigator</responsible_party_type>
    <investigator_affiliation>China Academy of Chinese Medical Sciences</investigator_affiliation>
    <investigator_full_name>Zhong Wang</investigator_full_name>
    <investigator_title>Professor</investigator_title>
  </responsible_party>
  <condition_browse>
    <!-- CAUTION:  The following MeSH terms are assigned with an imperfect algorithm            -->
    <mesh_term>Pneumonia</mesh_term>
  </condition_browse>
  <!-- Results have not yet been posted for this study                                          -->
</clinical_study>

