<?xml version="1.0" encoding="UTF-8"?>
<clinical_study rank="4962">
  <!-- This xml conforms to an XML Schema at:
    https://clinicaltrials.gov/ct2/html/images/info/public.xsd -->
  <required_header>
    <download_date>ClinicalTrials.gov processed this data on February 08, 2021</download_date>
    <link_text>Link to the current ClinicalTrials.gov record.</link_text>
    <url>https://clinicaltrials.gov/show/NCT03716869</url>
  </required_header>
  <id_info>
    <org_study_id>STUDY00010090</org_study_id>
    <secondary_id>R40MC31765</secondary_id>
    <nct_id>NCT03716869</nct_id>
  </id_info>
  <brief_title>Universal vs. Targeted School Screening for Adolescent Major Depressive Disorder</brief_title>
  <official_title>Randomized Controlled Trial of Universal vs. Targeted School Screening for Adolescent Major Depressive Disorder</official_title>
  <sponsors>
    <lead_sponsor>
      <agency>Milton S. Hershey Medical Center</agency>
      <agency_class>Other</agency_class>
    </lead_sponsor>
    <collaborator>
      <agency>Health Resources and Services Administration (HRSA)</agency>
      <agency_class>U.S. Fed</agency_class>
    </collaborator>
    <collaborator>
      <agency>Patient-Centered Outcomes Research Institute</agency>
      <agency_class>Other</agency_class>
    </collaborator>
  </sponsors>
  <source>Milton S. Hershey Medical Center</source>
  <oversight_info>
    <has_dmc>Yes</has_dmc>
    <is_fda_regulated_drug>No</is_fda_regulated_drug>
    <is_fda_regulated_device>No</is_fda_regulated_device>
  </oversight_info>
  <brief_summary>
    <textblock>
      The primary goal of the proposed study is to compare the effectiveness of universal school&#xD;
      based screening for adolescent major depressive disorder to the current school process of&#xD;
      targeted screening based on concerning behavior.&#xD;
    </textblock>
  </brief_summary>
  <detailed_description>
    <textblock>
      The prevalence of annual major depressive disorder (MDD) episodes has increased by greater&#xD;
      than 50% from 2008 to 2015 among US adolescents. Paralleling the rise in MDD, suicide is now&#xD;
      the 2nd leading cause of adolescent deaths. Despite the US Preventive Services Task Force&#xD;
      (USPSTF) 2009 endorsement of universal screening for adolescent MDD in primary care, MDD&#xD;
      screening occurs in less than 2% of office visits.&#xD;
&#xD;
      The primary goal of the proposed study is to compare the effectiveness of universal versus&#xD;
      targeted adolescent MDD screening in a school setting. Universal screening was chosen to be&#xD;
      conducted in schools because, compared to medical settings; schools are more likely to&#xD;
      regularly engage with adolescents.&#xD;
&#xD;
      The hypothesis is that universal school-based screening with the validated Patient Health&#xD;
      Questionnaire (PHQ) will result in increased rates of MDD screening, identification and&#xD;
      treatment engagement. The Penn State team brings a breadth of experience in pediatrics,&#xD;
      community-engaged research, adolescent health, psychiatry and engagement with minority&#xD;
      populations.&#xD;
    </textblock>
  </detailed_description>
  <overall_status>Active, not recruiting</overall_status>
  <start_date type="Actual">July 1, 2018</start_date>
  <completion_date type="Anticipated">February 2021</completion_date>
  <primary_completion_date type="Actual">November 20, 2020</primary_completion_date>
  <phase>N/A</phase>
  <study_type>Interventional</study_type>
  <has_expanded_access>No</has_expanded_access>
  <study_design_info>
    <allocation>Randomized</allocation>
    <intervention_model>Parallel Assignment</intervention_model>
    <primary_purpose>Screening</primary_purpose>
    <masking>None (Open Label)</masking>
  </study_design_info>
  <primary_outcome>
    <measure>MDD composite: Adolescents MDD screen positive by PHQ-9 (universal arm) or with concern for MDD prompting Student Assistance Program (SAP) triage request, identified with MDD by SAP, and who engage with at least one SAP recommended service or treatment</measure>
    <time_frame>up to 9 months</time_frame>
    <description>Universal 1) Adolescents with PHQ-9 score &gt;10 (screen Sept-Mar of the school year) or who at any point in the year exhibit behavior concerning for MDD prompting a SAP triage request, 2) Adolescents identified with MDD by SAP triage, and 3) Adolescents who successfully engage with at least one SAP recommendation.&#xD;
Prior Sept-Nov screening adjusted per school preference.&#xD;
Targeted&#xD;
1) Adolescents with behavior concerning for MDD prompting a SAP triage request, 2) Adolescents identified with MDD by SAP triage, and 3) Adolescents who successfully engage with at least one SAP recommendation&#xD;
Concern for MDD based on a primary or secondary potentially MDD related SAP &quot;incoming referral reason&quot;&#xD;
SAP triage is not diagnostic, so MDD identified based on recommendations for MDD related school or community services (e.g. mental health treatment services)&#xD;
HRSA funds mostly rural schools (anticipated N=4738; all rural but one school) and PCORI funds urban schools (anticipated N=7768)</description>
  </primary_outcome>
  <secondary_outcome>
    <measure>MDD screen positive/concern: Adolescents who screen positive for MDD either by PHQ-9 (universal screening arm only) or by concern for MDD prompting a request for SAP triage</measure>
    <time_frame>up to 9 months</time_frame>
    <description>Universal screening arm: Adolescents who have a PHQ-9 score &gt;10 (screening with the PHQ-9 is planned during the academic year, e.g. September to March) or who at any point in the school year exhibit behavior concerning for MDD which prompts self or collateral request for SAP triage.&#xD;
Targeted screening arm: Adolescents with behavior concerning for MDD which prompts self or collateral request for SAP triage at any point during the school year.&#xD;
Concern for MDD is based on a primary or secondary potentially MDD related SAP &quot;incoming referral reason&quot;.</description>
  </secondary_outcome>
  <secondary_outcome>
    <measure>Suicidal Adolescent</measure>
    <time_frame>up to 9 months</time_frame>
    <description>Universal screening arm: Patient health questionnaire positive response to question #9 re: suicidal thoughts, which requires management by the state-mandated school crisis plan or student self or collateral report of suicidal thoughts, which requires management by the state-mandated school crisis plan (source school district).&#xD;
Targeted screening arm: Student self or collateral report of suicidal thoughts, which requires management by the state-mandated school crisis plan (source school district).&#xD;
Any student suicide attempts or completed suicides shared with the school district will also be included.</description>
  </secondary_outcome>
  <secondary_outcome>
    <measure>MDD identification: Adolescents who are identified as having MDD based on triage by the school SAP team</measure>
    <time_frame>up to 9 months</time_frame>
    <description>Universal and targeted screening arms: Adolescents who are identified as having MDD based on triage by the school SAP team.&#xD;
As SAP triage is not diagnostic, MDD identified will be based on SAP recommendations for school or community services which are MDD related (e.g. mental health treatment services).</description>
  </secondary_outcome>
  <secondary_outcome>
    <measure>MDD treatment engagement: Successful engagement with at least one SAP recommendation</measure>
    <time_frame>up to 9 months</time_frame>
    <description>Universal and targeted screening arms: Adolescents who successfully engage with at least one SAP recommendation. This may be fulfilled by parental report that an appointment was successfully scheduled.</description>
  </secondary_outcome>
  <secondary_outcome>
    <measure>Standardized test scores: Keystone exams mathematics (school district). This information may no longer be available due to COVID-19 school closures and cancellation of state standardized testing.</measure>
    <time_frame>up to 9 months</time_frame>
    <description>This performance measure represents the percentage of all students scoring Proficient or Advanced on the Mathematics Algebra I Keystone Exam. Algebra I Keystone scores reflect students' best score to date for all 11th grade students enrolled in the school for the full academic year.</description>
  </secondary_outcome>
  <secondary_outcome>
    <measure>Standardized test scores: Keystone exams English language arts (ELA; school district) This information may no longer be available due to COVID-19 school closures and cancellation of state standardized testing.</measure>
    <time_frame>up to 9 months</time_frame>
    <description>This performance measure represents the percentage of all students scoring Proficient or Advanced on the ELA/Literature Keystone Exam. Literature Keystone scores reflect students' best score to date for all 11th grade students enrolled in the school for the full academic year.</description>
  </secondary_outcome>
  <secondary_outcome>
    <measure>Standardized test scores: Keystone exams science (school district) This information may no longer be available due to COVID-19 school closures and cancellation of state standardized testing.</measure>
    <time_frame>up to 9 months</time_frame>
    <description>This performance measure represents the percentage of all students scoring Proficient or Advanced on the Science/Biology Keystone Exam. Biology Keystone scores reflect students' best score to date for all 11th grade students enrolled in the school for the full academic year.</description>
  </secondary_outcome>
  <secondary_outcome>
    <measure>Preliminary Scholastic Aptitude Test (PSAT)/Plan (school district) This information may no longer be available due to COVID-19 school closures and cancellation of state standardized testing.</measure>
    <time_frame>up to 9 months</time_frame>
    <description>This performance measure represents the percent of 12th grade students who have taken the PSAT or Plan at any time over the course of their educational experience.</description>
  </secondary_outcome>
  <secondary_outcome>
    <measure>Scholastic Aptitude Test (SAT)/ American College Testing (ACT) performance (school district) This information may no longer be available due to COVID-19 school closures and cancellation of state standardized testing.</measure>
    <time_frame>up to 9 months</time_frame>
    <description>This performance measure represents the percent of 12th grade students meeting both SAT College and Career Readiness benchmarks and/or scoring 22 or higher on the ACT taken at any time over the course of their educational experience.</description>
  </secondary_outcome>
  <secondary_outcome>
    <measure>Student school policy violations and suspensions based on school district data</measure>
    <time_frame>up to 9 months</time_frame>
    <description>data aggregate by grade level only&#xD;
schools currently track the number of student policy violations (e.g. for drug and alcohol, violence) and student suspensions</description>
  </secondary_outcome>
  <secondary_outcome>
    <measure>Missed school days</measure>
    <time_frame>up to 9 months</time_frame>
    <description>data aggregate by grade level only</description>
  </secondary_outcome>
  <secondary_outcome>
    <measure>Grade point average</measure>
    <time_frame>up to 9 months</time_frame>
    <description>data aggregate by grade level only</description>
  </secondary_outcome>
  <secondary_outcome>
    <measure>Grade advancement: This measure represents the percent of students promoted in each grade for the school (grades 9-11, school district data)</measure>
    <time_frame>up to 9 months</time_frame>
    <description>data aggregate by grade level only</description>
  </secondary_outcome>
  <secondary_outcome>
    <measure>Graduation: This measure represents the percent of students who graduate 12th grade with a high school diploma (school district data)</measure>
    <time_frame>up to 9 months</time_frame>
    <description>data aggregate by grade level only</description>
  </secondary_outcome>
  <other_outcome>
    <measure>Subgroup analyses based on school district demographic data</measure>
    <time_frame>up to 9 months</time_frame>
    <description>Sex (Male, Female), Ethnicity, Race, Rural/Urban</description>
  </other_outcome>
  <number_of_arms>2</number_of_arms>
  <enrollment type="Anticipated">12506</enrollment>
  <condition>Major Depressive Disorder</condition>
  <condition>Major Depressive Episode</condition>
  <arm_group>
    <arm_group_label>Targeted Screening Arm (Current Process)</arm_group_label>
    <arm_group_type>No Intervention</arm_group_type>
    <description>Students randomized to the targeted screening arm will complete their routine school-based health screenings. Students will be followed through the academic year for referrals to the Student Assistance Program (SAP). SAP currently exists in all Pennsylvania (PA) schools and functions like a triage service. If a student exhibits behavior concerning for MDD (raised by any contact, e.g. teachers, nurse, parent, peer, or even self-referral), SAP will triage the student and based on the initial assessment provide recommendations for school or community-based services.</description>
  </arm_group>
  <arm_group>
    <arm_group_label>Universal Screening Arm (Intervention)</arm_group_label>
    <arm_group_type>Experimental</arm_group_type>
    <description>Students randomized to the universal screening arm will complete the Patient Health Questionnaire (PHQ-9) during the academic year. This screening tool includes nine close-ended questions with a scoring system ranging from 0 to 27. Scores &gt;10 are considered a &quot;positive&quot; screen. Students with a positive PHQ-9 result will then proceed to SAP triage as per the current process for those referred via the targeted screening arm.</description>
  </arm_group>
  <intervention>
    <intervention_type>Other</intervention_type>
    <intervention_name>Universal Screening Arm</intervention_name>
    <description>Students with PHQ-9 score &gt;10, corresponding to a positive MDD screen, will proceed through the same SAP triage process as students referred by traditional means.&#xD;
SAP triage will determine MDD identification. As SAP triage is not diagnostic, MDD identification is based on SAP recommendations for MDD related school or community services.&#xD;
Treatment engagement will be tracked per current SAP processes.&#xD;
To immediately identify and address suicidal intent, the survey will flag a positive response to PHQ-9 question 9 in real time. A suicidal student would proceed directly to management through the school crisis plan.&#xD;
Students in the intervention arm will also be tracked for behavior concerning for MDD at any point in the school year prompting SAP triage referral.</description>
    <arm_group_label>Universal Screening Arm (Intervention)</arm_group_label>
  </intervention>
  <eligibility>
    <criteria>
      <textblock>
        Inclusion Criteria:&#xD;
&#xD;
          -  Students in grades 9-12 at 14 public schools in Pennsylvania. This is a change from&#xD;
             the originally anticipated 16 schools, as 2 were unable to continue participation.&#xD;
             Anticipated enrollment numbers will be updated once the data are finalized.&#xD;
&#xD;
        HRSA funding for primarily rural school districts (only one is urban). PCORI funding for&#xD;
        urban school districts.&#xD;
&#xD;
        Exclusion Criteria:&#xD;
&#xD;
          -  Students whose parents complete the opt-out consent&#xD;
&#xD;
          -  Students not enrolled in one of the participating schools&#xD;
&#xD;
          -  Students not in grades 9-12&#xD;
&#xD;
          -  Students with disabilities that are deemed unable to participate by the school&#xD;
             district&#xD;
      </textblock>
    </criteria>
    <gender>All</gender>
    <minimum_age>N/A</minimum_age>
    <maximum_age>N/A</maximum_age>
    <healthy_volunteers>No</healthy_volunteers>
  </eligibility>
  <overall_official>
    <last_name>Deepa Sekhar, MD</last_name>
    <role>Principal Investigator</role>
    <affiliation>Penn State College of Medicine</affiliation>
  </overall_official>
  <location>
    <facility>
      <name>The Pennsylvania State University</name>
      <address>
        <city>Hershey</city>
        <state>Pennsylvania</state>
        <zip>17036</zip>
        <country>United States</country>
      </address>
    </facility>
  </location>
  <location_countries>
    <country>United States</country>
  </location_countries>
  <verification_date>December 2020</verification_date>
  <study_first_submitted>October 15, 2018</study_first_submitted>
  <study_first_submitted_qc>October 22, 2018</study_first_submitted_qc>
  <study_first_posted type="Actual">October 23, 2018</study_first_posted>
  <last_update_submitted>December 23, 2020</last_update_submitted>
  <last_update_submitted_qc>December 23, 2020</last_update_submitted_qc>
  <last_update_posted type="Actual">December 24, 2020</last_update_posted>
  <responsible_party>
    <responsible_party_type>Principal Investigator</responsible_party_type>
    <investigator_affiliation>Milton S. Hershey Medical Center</investigator_affiliation>
    <investigator_full_name>Deepa Sekhar</investigator_full_name>
    <investigator_title>Associate Professor, Department of Pediatrics</investigator_title>
  </responsible_party>
  <keyword>adolescent; mental health; depression; suicide</keyword>
  <condition_browse>
    <!-- CAUTION:  The following MeSH terms are assigned with an imperfect algorithm            -->
    <mesh_term>Depressive Disorder</mesh_term>
    <mesh_term>Depression</mesh_term>
    <mesh_term>Depressive Disorder, Major</mesh_term>
  </condition_browse>
  <patient_data>
    <sharing_ipd>No</sharing_ipd>
  </patient_data>
  <!-- Results have not yet been posted for this study                                          -->
</clinical_study>

