<?xml version="1.0" encoding="UTF-8"?>
<clinical_study rank="4885">
  <!-- This xml conforms to an XML Schema at:
    https://clinicaltrials.gov/ct2/html/images/info/public.xsd -->
  <required_header>
    <download_date>ClinicalTrials.gov processed this data on February 08, 2021</download_date>
    <link_text>Link to the current ClinicalTrials.gov record.</link_text>
    <url>https://clinicaltrials.gov/show/NCT04091893</url>
  </required_header>
  <id_info>
    <org_study_id>1415639</org_study_id>
    <nct_id>NCT04091893</nct_id>
  </id_info>
  <brief_title>The Development and Effectiveness of Museum-Based Experiences for Individuals With Chronic Pain</brief_title>
  <official_title>The Analgesic Museum: The Development and Effectiveness of Museum-Based Experiences to Reduce Social Isolation and Pain Among Individuals With Chronic Pain</official_title>
  <sponsors>
    <lead_sponsor>
      <agency>University of California, Davis</agency>
      <agency_class>Other</agency_class>
    </lead_sponsor>
  </sponsors>
  <source>University of California, Davis</source>
  <oversight_info>
    <has_dmc>No</has_dmc>
    <is_fda_regulated_drug>No</is_fda_regulated_drug>
    <is_fda_regulated_device>No</is_fda_regulated_device>
  </oversight_info>
  <brief_summary>
    <textblock>
      Aim 1: To conduct a formative evaluation of museum-based programming to address loneliness&#xD;
      and social isolation.&#xD;
&#xD;
      Aim 2: To develop a consensus-derived Model Museum-Based Program (MMBP) to address loneliness&#xD;
      among individuals with chronic pain.&#xD;
&#xD;
      Aim 3: To evaluate the feasibility of museum experiences to reduce loneliness and pain among&#xD;
      isolated individuals with chronic pain.&#xD;
&#xD;
      Due to safety concerns related to the covid pandemic in-person museum programming could not&#xD;
      continue and virtual versions of the interventions were created. We will publish results on&#xD;
      both the in-person and virtual versions of the intervention as well as a pooled analysis.&#xD;
    </textblock>
  </brief_summary>
  <overall_status>Active, not recruiting</overall_status>
  <start_date type="Actual">October 12, 2019</start_date>
  <completion_date type="Anticipated">May 30, 2021</completion_date>
  <primary_completion_date type="Anticipated">February 25, 2021</primary_completion_date>
  <phase>N/A</phase>
  <study_type>Interventional</study_type>
  <has_expanded_access>No</has_expanded_access>
  <study_design_info>
    <allocation>Randomized</allocation>
    <intervention_model>Parallel Assignment</intervention_model>
    <primary_purpose>Treatment</primary_purpose>
    <masking>Single (Investigator)</masking>
  </study_design_info>
  <primary_outcome>
    <measure>Program satisfaction - quality: NRS</measure>
    <time_frame>Post-intervention (immediately)</time_frame>
    <description>&quot;Please rate your satisfaction with the overall quality of your experience at the museum?&quot;&#xD;
NRS - 0 (extremely dissatisfied) - 10 (extremely satisfied)</description>
  </primary_outcome>
  <primary_outcome>
    <measure>Primary clinical outcome for preliminary estimate of efficacy - Social disconnection</measure>
    <time_frame>Post-intervention (immediately)</time_frame>
    <description>Social disconnection scale; 12 items; scored 1 (not at all) - 5 (very much); range 12-60</description>
  </primary_outcome>
  <secondary_outcome>
    <measure>Change in pain during intervention: 1=Yes/0=No</measure>
    <time_frame>Post-intervention (immediately)</time_frame>
    <description>Did you experience any pain relief during the museum experience? 1=Yes/0=No</description>
  </secondary_outcome>
  <secondary_outcome>
    <measure>Percent change in pain during intervention</measure>
    <time_frame>Post-intervention (immediately)</time_frame>
    <description>If &quot;Yes&quot;, what percent pain relief did you receive? 0%-100%</description>
  </secondary_outcome>
  <secondary_outcome>
    <measure>Social disconnection</measure>
    <time_frame>Post-intervention (3-month follow up)</time_frame>
    <description>Social disconnection scale; 12 items; scored 1 (not at all) - 5 (very much); range 12-60</description>
  </secondary_outcome>
  <secondary_outcome>
    <measure>Pain unpleasantness</measure>
    <time_frame>Post-intervention (immediately)</time_frame>
    <description>Numerical rating scale (NRS) score of 0 &quot;not unpleasant&quot; - 10 &quot;Most unpleasant sensation imaginable (&quot;intolerable&quot;)&quot;</description>
  </secondary_outcome>
  <secondary_outcome>
    <measure>Pain unpleasantness</measure>
    <time_frame>Post-intervention (3-month follow up)</time_frame>
    <description>Numerical rating scale (NRS) score of 0 &quot;not unpleasant&quot; - 10 &quot;Most unpleasant sensation imaginable (&quot;intolerable&quot;)&quot;</description>
  </secondary_outcome>
  <secondary_outcome>
    <measure>Pain intensity: Numerical rating scale (NRS) score</measure>
    <time_frame>Post-intervention (immediately)</time_frame>
    <description>Numerical rating scale (NRS) score of 0 &quot;no pain&quot; - 10 &quot;worst pain imaginable&quot;</description>
  </secondary_outcome>
  <secondary_outcome>
    <measure>Pain intensity: Numerical rating scale (NRS) score</measure>
    <time_frame>Post-intervention (3-month follow up)</time_frame>
    <description>Numerical rating scale (NRS) score of 0 &quot;no pain&quot; - 10 &quot;worst pain imaginable&quot;</description>
  </secondary_outcome>
  <secondary_outcome>
    <measure>Pain interference</measure>
    <time_frame>Post-intervention (3-month follow up)</time_frame>
    <description>PEG scale - a 3 item scale to assess average pain intensity [P], interference with enjoyment of life [E], and interference with general activity [G].&#xD;
Item 1: What number best describes your pain on the average in the last week?&#xD;
Numerical rating scale (NRS) score of 0 &quot;no pain&quot; - 10 &quot;worst pain imaginable&quot;&#xD;
Item 2: What number best describes how, during the past week, pain has interfered with your enjoyment of life?&#xD;
Numerical rating scale (NRS) score of 0 &quot;does not interfere&quot; - 10 &quot;completely interferes&quot;&#xD;
Item 3: What number best describes how, during the past week, pain has interfered with your general activity?&#xD;
Numerical rating scale (NRS) score of 0 &quot;does not interfere&quot; - 10 &quot;completely interferes&quot;</description>
  </secondary_outcome>
  <secondary_outcome>
    <measure>Pain Catastrophizing Scale (PCS)</measure>
    <time_frame>Post-intervention (3-month follow up)</time_frame>
    <description>The PCS is a 13 item scale, with each item rated on a 5-point scale between: 0 (Not at all) and 4 (all the time). The PCS is broken into three subscales including: magnification, rumination, and helplessness. The total range of scores is between 0-52 with higher values reflecting more salient impacts of pain on one's day to day experience.</description>
  </secondary_outcome>
  <secondary_outcome>
    <measure>Chronic Pain Acceptance Questionnaire 8 (CPAQ-8)</measure>
    <time_frame>Post-intervention (immediately)</time_frame>
    <description>8 items scale designed to measure acceptance of pain.&#xD;
Likert scale 0 (never true) - 6 (always true)</description>
  </secondary_outcome>
  <secondary_outcome>
    <measure>Chronic Pain Acceptance Questionnaire 8 (CPAQ-8)</measure>
    <time_frame>Post-intervention (3-month follow up)</time_frame>
    <description>8 items scale designed to measure acceptance of pain. Likert scale 0 (never true) - 6 (always true)</description>
  </secondary_outcome>
  <secondary_outcome>
    <measure>PHQ 4</measure>
    <time_frame>Post-intervention (3-month follow up)</time_frame>
    <description>4 item scale to measure psychological distress (2 items depression; 2 items anxiety) Likert scale 0 (not at all), 1 (several days), 2 (more than half the days) and 3 (nearly every day)</description>
  </secondary_outcome>
  <secondary_outcome>
    <measure>Program satisfaction - recommend: NRS</measure>
    <time_frame>Post-intervention (immediately)</time_frame>
    <description>How likely would you be to recommend this program to someone with a similar condition? NRS - 0 (extremely likely) - 10 (extremely unlikely)</description>
  </secondary_outcome>
  <secondary_outcome>
    <measure>Affinity for art</measure>
    <time_frame>Post-intervention (immediately)</time_frame>
    <description>Participants respond to the following prompt: &quot;I like art&quot; Likert scale: 0 (not at all) - 5 (very much)</description>
  </secondary_outcome>
  <secondary_outcome>
    <measure>Affinity for art</measure>
    <time_frame>Post-intervention (3-month follow up)</time_frame>
    <description>Participants respond to the following prompt: &quot;I like art&quot; Likert scale: 0 (not at all) - 5 (very much)</description>
  </secondary_outcome>
  <number_of_arms>4</number_of_arms>
  <enrollment type="Anticipated">64</enrollment>
  <condition>Chronic Pain</condition>
  <arm_group>
    <arm_group_label>Usual care/wait list</arm_group_label>
    <arm_group_type>Active Comparator</arm_group_type>
  </arm_group>
  <arm_group>
    <arm_group_label>Art Rx</arm_group_label>
    <arm_group_type>Experimental</arm_group_type>
  </arm_group>
  <arm_group>
    <arm_group_label>Artful Meditation</arm_group_label>
    <arm_group_type>Experimental</arm_group_type>
  </arm_group>
  <arm_group>
    <arm_group_label>Art Rx + Artful Meditation</arm_group_label>
    <arm_group_type>Experimental</arm_group_type>
  </arm_group>
  <intervention>
    <intervention_type>Behavioral</intervention_type>
    <intervention_name>Usual care/wait list</intervention_name>
    <description>Individuals in this group can continue with their usual care (but receive no museum-based intervention)</description>
    <arm_group_label>Usual care/wait list</arm_group_label>
  </intervention>
  <intervention>
    <intervention_type>Behavioral</intervention_type>
    <intervention_name>Art Rx</intervention_name>
    <description>Individuals in this group participate in a specialized tour of an art museum</description>
    <arm_group_label>Art Rx</arm_group_label>
    <arm_group_label>Art Rx + Artful Meditation</arm_group_label>
  </intervention>
  <intervention>
    <intervention_type>Behavioral</intervention_type>
    <intervention_name>Artful Meditation</intervention_name>
    <description>Individuals in this group participate in a meditation and art appreciation program at an art museum</description>
    <arm_group_label>Art Rx + Artful Meditation</arm_group_label>
    <arm_group_label>Artful Meditation</arm_group_label>
  </intervention>
  <eligibility>
    <criteria>
      <textblock>
        Inclusion Criteria:&#xD;
&#xD;
          -  18 years of age or older&#xD;
&#xD;
          -  English speaking&#xD;
&#xD;
          -  Chronic pain (6 months or longer)&#xD;
&#xD;
          -  Moderate pain or greater (4/10 or greater on a Numerical Rating Scale, range of 0 (no&#xD;
             pain) - 10 (worst pain imaginable), in response to the question &quot;Over the past week&#xD;
             what was your average pain intensity?&quot;)&#xD;
&#xD;
          -  Moderately lonely or greater (Score of 4 or greater on 3 item Loneliness scale, range&#xD;
             of 3 - 9)&#xD;
&#xD;
        Exclusion Criteria:&#xD;
&#xD;
          -  Participated in an Art Rx tour&#xD;
&#xD;
          -  Participated in an Artful Meditation program&#xD;
&#xD;
          -  Dementia or Alzheimer's disease&#xD;
      </textblock>
    </criteria>
    <gender>All</gender>
    <minimum_age>18 Years</minimum_age>
    <maximum_age>N/A</maximum_age>
    <healthy_volunteers>Accepts Healthy Volunteers</healthy_volunteers>
  </eligibility>
  <location>
    <facility>
      <name>UC Davis Ambulatory Care Center</name>
      <address>
        <city>Sacramento</city>
        <state>California</state>
        <zip>95817</zip>
        <country>United States</country>
      </address>
    </facility>
  </location>
  <location_countries>
    <country>United States</country>
  </location_countries>
  <verification_date>November 2020</verification_date>
  <study_first_submitted>September 6, 2019</study_first_submitted>
  <study_first_submitted_qc>September 16, 2019</study_first_submitted_qc>
  <study_first_posted type="Actual">September 17, 2019</study_first_posted>
  <last_update_submitted>November 16, 2020</last_update_submitted>
  <last_update_submitted_qc>November 16, 2020</last_update_submitted_qc>
  <last_update_posted type="Actual">November 17, 2020</last_update_posted>
  <responsible_party>
    <responsible_party_type>Sponsor</responsible_party_type>
  </responsible_party>
  <condition_browse>
    <!-- CAUTION:  The following MeSH terms are assigned with an imperfect algorithm            -->
    <mesh_term>Chronic Pain</mesh_term>
  </condition_browse>
  <patient_data>
    <sharing_ipd>No</sharing_ipd>
  </patient_data>
  <!-- Results have not yet been posted for this study                                          -->
</clinical_study>

