<?xml version="1.0" encoding="UTF-8"?>
<clinical_study rank="3529">
  <!-- This xml conforms to an XML Schema at:
    https://clinicaltrials.gov/ct2/html/images/info/public.xsd -->
  <required_header>
    <download_date>ClinicalTrials.gov processed this data on February 08, 2021</download_date>
    <link_text>Link to the current ClinicalTrials.gov record.</link_text>
    <url>https://clinicaltrials.gov/show/NCT04336215</url>
  </required_header>
  <id_info>
    <org_study_id>2020000679</org_study_id>
    <nct_id>NCT04336215</nct_id>
  </id_info>
  <brief_title>Rutgers COVID-19 Cohort Study</brief_title>
  <official_title>Cohort Study of SARS-CoV-2 Incidence, Transmission, and Disease Severity in Healthcare Workers</official_title>
  <sponsors>
    <lead_sponsor>
      <agency>Rutgers, The State University of New Jersey</agency>
      <agency_class>Other</agency_class>
    </lead_sponsor>
  </sponsors>
  <source>Rutgers, The State University of New Jersey</source>
  <oversight_info>
    <has_dmc>No</has_dmc>
    <is_fda_regulated_drug>No</is_fda_regulated_drug>
    <is_fda_regulated_device>No</is_fda_regulated_device>
  </oversight_info>
  <brief_summary>
    <textblock>
      The specific objective is to rapidly establish a prospective cohort to characterize the&#xD;
      factors related to viral transmission and disease severity in a large healthcare system in&#xD;
      healthcare settings and HCW (healthcare worker) households. Investigators propose to address&#xD;
      this hypothesis by recruiting and longitudinally following 500 HCW and 250 age- and&#xD;
      sex-matched NHCW (Non-healthcare workers) within a large academic health system, Rutgers&#xD;
      Biomedical and Health Sciences (RBHS). By intensively following participants over a six-month&#xD;
      period and collecting serial biospecimens (nasopharyngeal/throat swabs, blood, and saliva)&#xD;
      and questionnaire data at nine time points, investigators can uniquely characterize Severe&#xD;
      Acute Respiratory Syndrome Coronavirus 2 (SARS-CoV-2) transmission and risk factors for&#xD;
      Coronavirus Disease 19 (COVID-19) among health care workers and their families&#xD;
    </textblock>
  </brief_summary>
  <detailed_description>
    <textblock>
      This prospective longitudinal cohort study is comprised of: (1) 500 HCW from two RBHS&#xD;
      hospitals: Robert Wood Johnson University Hospital (RWJUH) in New Brunswick and University&#xD;
      Hospital (UH) in Newark ; (both hospital presidents have approved the study) (2) 250 NHCW&#xD;
      from Rutgers faculty, staff, and hospital employees without patient contact; and (3)&#xD;
      household members of participants who contract SARS-CoV-2 during the study period. At&#xD;
      baseline, investigators will obtain nasopharyngeal or throat swabs, saliva, and blood (for&#xD;
      detecting SARS-CoV-2 positivity and immunity, respectively) and collect questionnaire data on&#xD;
      sociodemographic factors, lifestyle, and medical history. In participants who test negative&#xD;
      for SARS-CoV-2 at baseline, nasopharyngeal/throat swabs, saliva, and blood collection will be&#xD;
      collected every two weeks for two months, after which monthly samples will be collected for&#xD;
      four additional months (9 visits total, including baseline). Weekly questionnaire data and&#xD;
      daily temperature data will be collected from each participant for the first two months of&#xD;
      the study. Participants with positive nasopharyngeal/throat swabs or saliva will be&#xD;
      immediately referred for medical care or home isolation as medically appropriate.&#xD;
      Investigators will calculate and compare incidence rates and risk factors of SARS-CoV-2&#xD;
      positivity and COVID-19 in healthcare workers and non-healthcare workers and assess symptoms,&#xD;
      severity of disease, and rates and direction of household transmission.&#xD;
    </textblock>
  </detailed_description>
  <overall_status>Recruiting</overall_status>
  <start_date type="Actual">April 7, 2020</start_date>
  <completion_date type="Anticipated">October 21, 2021</completion_date>
  <primary_completion_date type="Anticipated">September 1, 2020</primary_completion_date>
  <study_type>Observational</study_type>
  <has_expanded_access>No</has_expanded_access>
  <study_design_info>
    <observational_model>Cohort</observational_model>
    <time_perspective>Prospective</time_perspective>
  </study_design_info>
  <primary_outcome>
    <measure>Prevalence</measure>
    <time_frame>up to 24 weeks</time_frame>
    <description>Prevalence and 95% confidence intervals, using standard epidemiological methods (Aims 1, 2, and 3).</description>
  </primary_outcome>
  <primary_outcome>
    <measure>Incidence</measure>
    <time_frame>up to 24 weeks</time_frame>
    <description>Incidence and 95% confidence intervals, using standard epidemiological methods (Aims 1, 2, and 3).</description>
  </primary_outcome>
  <number_of_groups>3</number_of_groups>
  <enrollment type="Anticipated">750</enrollment>
  <condition>Coronavirus</condition>
  <condition>SARS-CoV-2</condition>
  <arm_group>
    <arm_group_label>Healthcare Workers</arm_group_label>
    <description>500 HCW with high intensity direct patient care from two RBHS-affiliated academic hospitals: Robert Wood Johnson University Hospital (New Brunswick, NJ) and University Hospital (Newark, NJ) and Rutgers School of Dental Medicine (Newark, NJ) . Since rates of asymptomatic carriage, clinical infection, and morbidity likely vary by age and sex, the aim is to recruit 125 HCW in each of the following 4 groups: males ages 20-59; males ages ≥60; females ages 20-59; and females ages ≥60.</description>
  </arm_group>
  <arm_group>
    <arm_group_label>Non-Healthcare Workers</arm_group_label>
    <description>250 non-healthcare workers (NHCW) from Rutgers faculty, postdoctoral students, students, other trainees, administrators, and staff who do not have patient contact. The aim is to recruit even numbers of NHCW from each of these 4 groups: males ages 20-59; males ages ≥60; females ages 20-59; females ages ≥60.</description>
  </arm_group>
  <arm_group>
    <arm_group_label>Household Members</arm_group_label>
    <description>Complementing the HCW cohort study, approximately 540 household members in a subset of the participants who test positive and negative for SARS-CoV-2 will be invited to be followed prospectively to assess patterns of viral transmission. The target population will be multigenerational households (e.g., with children and/or parents) from up to 6 infected HCW, 6 infected NHCW, 4 uninfected HCW, and 4 uninfected NHCW at each timepoint. The participant will ask household members to contact research staff if they wish to volunteer for the study. Research coordinators will individually consent adult members of the household for questionnaire and serial samples collection. When children are in the home, parental permission as well as assent for children ages 7 and older (written at ages 12 and older) will be the course of action. The estimated 540 participants assumes 20 houses per timepoint, 9 timepoints, and an average of 3 participants per house.</description>
  </arm_group>
  <intervention>
    <intervention_type>Other</intervention_type>
    <intervention_name>Non-Interventional</intervention_name>
    <description>This non-interventional study poses no additional risks to people with pre-existing conditions.</description>
    <arm_group_label>Healthcare Workers</arm_group_label>
    <arm_group_label>Household Members</arm_group_label>
    <arm_group_label>Non-Healthcare Workers</arm_group_label>
  </intervention>
  <biospec_retention>Samples With DNA</biospec_retention>
  <biospec_descr>
    <textblock>
      nasopharyngeal or throat swabs, saliva, and blood (for detecting SARS-CoV-2 positivity and&#xD;
      immunity)&#xD;
    </textblock>
  </biospec_descr>
  <eligibility>
    <study_pop>
      <textblock>
        -  HCW from two RBHS hospitals: Robert Wood Johnson University Hospital (RWJUH) in New&#xD;
             Brunswick and University Hospital (UH) in Newark ; (both hospital presidents have&#xD;
             approved the study)&#xD;
&#xD;
          -  NHCW from Rutgers faculty, staff, and hospital employees without patient contact;&#xD;
&#xD;
          -  Household members of participants who contract SARS-CoV-2 during the study period.&#xD;
      </textblock>
    </study_pop>
    <sampling_method>Non-Probability Sample</sampling_method>
    <criteria>
      <textblock>
        Inclusion Criteria:&#xD;
&#xD;
          -  20 years and older&#xD;
&#xD;
          -  Hospital and RBHS healthcare workers who have regular direct patient contact (≥3&#xD;
             patients/shift) in emergency rooms or inpatient settings that is expected to continue&#xD;
             regularly over the next ≥3 months and who work ≥20 hours in the hospital weekly&#xD;
             (residents, clinical fellows, attending physicians, nurse practitioners, physician&#xD;
             assistants, registered nurses, license practice nurses, medical technicians,&#xD;
             respiratory therapists, physical therapists, clinical pharmacists, dentists, dental&#xD;
             hygienists, or dental assistants)&#xD;
&#xD;
          -  Hospital workers who do not have patient contact and non-healthcare from the Rutgers&#xD;
             faculty, postdoctoral students, administrators, and staff.&#xD;
&#xD;
          -  Household members in a subset of the participants who test positive and negative for&#xD;
             SARS-CoV-2&#xD;
&#xD;
        Exclusion Criteria:&#xD;
&#xD;
          -  Previous diagnosis with COVID-19&#xD;
&#xD;
          -  Pregnant or have been diagnosed with a new medical condition in the past 30 days or&#xD;
             have had a change in medications in the past 30 days&#xD;
&#xD;
          -  Participants who have been hospitalized in the past 30 days, had and had an emergency&#xD;
             room, urgent care visit, or have had surgery.&#xD;
&#xD;
          -  Participants who have a fever on the day of their first visit to the study site (for&#xD;
             consent, biospecimen collection, etc.).&#xD;
      </textblock>
    </criteria>
    <gender>All</gender>
    <minimum_age>20 Years</minimum_age>
    <maximum_age>N/A</maximum_age>
    <healthy_volunteers>Accepts Healthy Volunteers</healthy_volunteers>
  </eligibility>
  <overall_official>
    <last_name>Jeffrey L Carson, MD</last_name>
    <role>Principal Investigator</role>
    <affiliation>Rutgers Biomedical Health Sciences</affiliation>
  </overall_official>
  <overall_official>
    <last_name>Reynold A Panettieri, MD</last_name>
    <role>Principal Investigator</role>
    <affiliation>Rutgers Institute for Translational Medicine and Science</affiliation>
  </overall_official>
  <overall_contact>
    <last_name>Jeffrey L Carson, MD</last_name>
    <phone>732-235-7122</phone>
    <email>jeffrey.carson@rutgers.edu</email>
  </overall_contact>
  <overall_contact_backup>
    <last_name>Reynold A Panettieri, MD</last_name>
    <phone>732-235-6404</phone>
    <email>rp856@rbhs.rutgers.edu</email>
  </overall_contact_backup>
  <location>
    <facility>
      <name>Clinical Research Center Rutgers-Robert Wood Johnson Medical School RWJUH East Tower -</name>
      <address>
        <city>New Brunswick</city>
        <state>New Jersey</state>
        <zip>08901</zip>
        <country>United States</country>
      </address>
    </facility>
    <status>Recruiting</status>
  </location>
  <location>
    <facility>
      <name>Robert Wood Johnson University Hospital</name>
      <address>
        <city>New Brunswick</city>
        <state>New Jersey</state>
        <zip>08901</zip>
        <country>United States</country>
      </address>
    </facility>
    <status>Recruiting</status>
  </location>
  <location>
    <facility>
      <name>Clinical Research Unit Rutgers New Jersey Medical School</name>
      <address>
        <city>Newark</city>
        <state>New Jersey</state>
        <zip>07103</zip>
        <country>United States</country>
      </address>
    </facility>
    <status>Recruiting</status>
  </location>
  <location>
    <facility>
      <name>Rutgers School of Dental Medicine</name>
      <address>
        <city>Newark</city>
        <state>New Jersey</state>
        <zip>07103</zip>
        <country>United States</country>
      </address>
    </facility>
    <status>Recruiting</status>
  </location>
  <location>
    <facility>
      <name>University Hospital</name>
      <address>
        <city>Newark</city>
        <state>New Jersey</state>
        <zip>07103</zip>
        <country>United States</country>
      </address>
    </facility>
    <status>Recruiting</status>
  </location>
  <location>
    <facility>
      <name>Environmental and Occupational Health Sciences Institute</name>
      <address>
        <city>Piscataway</city>
        <state>New Jersey</state>
        <zip>08854</zip>
        <country>United States</country>
      </address>
    </facility>
    <status>Recruiting</status>
  </location>
  <location>
    <facility>
      <name>RUCDR Infinite Biologics</name>
      <address>
        <city>Piscataway</city>
        <state>New Jersey</state>
        <zip>08854</zip>
        <country>United States</country>
      </address>
    </facility>
    <status>Recruiting</status>
  </location>
  <location_countries>
    <country>United States</country>
  </location_countries>
  <reference>
    <citation>Colizza V, Barrat A, Barthelemy M, Valleron AJ, Vespignani A. Modeling the worldwide spread of pandemic influenza: baseline case and containment interventions. PLoS Med. 2007 Jan;4(1):e13.</citation>
    <PMID>17253899</PMID>
  </reference>
  <reference>
    <citation>Bai Y, Yao L, Wei T, Tian F, Jin DY, Chen L, Wang M. Presumed Asymptomatic Carrier Transmission of COVID-19. JAMA. 2020 Apr 14;323(14):1406-1407. doi: 10.1001/jama.2020.2565.</citation>
    <PMID>32083643</PMID>
  </reference>
  <reference>
    <citation>Schulert GS, Zhang M, Fall N, Husami A, Kissell D, Hanosh A, Zhang K, Davis K, Jentzen JM, Napolitano L, Siddiqui J, Smith LB, Harms PW, Grom AA, Cron RQ. Whole-Exome Sequencing Reveals Mutations in Genes Linked to Hemophagocytic Lymphohistiocytosis and Macrophage Activation Syndrome in Fatal Cases of H1N1 Influenza. J Infect Dis. 2016 Apr 1;213(7):1180-8. doi: 10.1093/infdis/jiv550. Epub 2015 Nov 23.</citation>
    <PMID>26597256</PMID>
  </reference>
  <reference>
    <citation>Harris PA, Taylor R, Thielke R, Payne J, Gonzalez N, Conde JG. Research electronic data capture (REDCap)--a metadata-driven methodology and workflow process for providing translational research informatics support. J Biomed Inform. 2009 Apr;42(2):377-81. doi: 10.1016/j.jbi.2008.08.010. Epub 2008 Sep 30.</citation>
    <PMID>18929686</PMID>
  </reference>
  <reference>
    <citation>Mahase E. Covid-19: WHO declares pandemic because of &quot;alarming levels&quot; of spread, severity, and inaction. BMJ. 2020 Mar 12;368:m1036. doi: 10.1136/bmj.m1036.</citation>
    <PMID>32165426</PMID>
  </reference>
  <reference>
    <citation>Rothan HA, Byrareddy SN. The epidemiology and pathogenesis of coronavirus disease (COVID-19) outbreak. J Autoimmun. 2020 May;109:102433. doi: 10.1016/j.jaut.2020.102433. Epub 2020 Feb 26. Review.</citation>
    <PMID>32113704</PMID>
  </reference>
  <reference>
    <citation>Han Y, Yang H. The transmission and diagnosis of 2019 novel coronavirus infection disease (COVID-19): A Chinese perspective. J Med Virol. 2020 Jun;92(6):639-644. doi: 10.1002/jmv.25749. Epub 2020 Mar 12.</citation>
    <PMID>32141619</PMID>
  </reference>
  <reference>
    <citation>Anderson RM, Heesterbeek H, Klinkenberg D, Hollingsworth TD. How will country-based mitigation measures influence the course of the COVID-19 epidemic? Lancet. 2020 Mar 21;395(10228):931-934. doi: 10.1016/S0140-6736(20)30567-5. Epub 2020 Mar 9.</citation>
    <PMID>32164834</PMID>
  </reference>
  <reference>
    <citation>Lai CC, Shih TP, Ko WC, Tang HJ, Hsueh PR. Severe acute respiratory syndrome coronavirus 2 (SARS-CoV-2) and coronavirus disease-2019 (COVID-19): The epidemic and the challenges. Int J Antimicrob Agents. 2020 Mar;55(3):105924. doi: 10.1016/j.ijantimicag.2020.105924. Epub 2020 Feb 17.</citation>
    <PMID>32081636</PMID>
  </reference>
  <reference>
    <citation>Fauci AS, Lane HC, Redfield RR. Covid-19 - Navigating the Uncharted. N Engl J Med. 2020 Mar 26;382(13):1268-1269. doi: 10.1056/NEJMe2002387. Epub 2020 Feb 28.</citation>
    <PMID>32109011</PMID>
  </reference>
  <reference>
    <citation>Wu Z, McGoogan JM. Characteristics of and Important Lessons From the Coronavirus Disease 2019 (COVID-19) Outbreak in China: Summary of a Report of 72 314 Cases From the Chinese Center for Disease Control and Prevention. JAMA. 2020 Apr 7;323(13):1239-1242. doi: 10.1001/jama.2020.2648.</citation>
    <PMID>32091533</PMID>
  </reference>
  <reference>
    <citation>Pan X, Chen D, Xia Y, Wu X, Li T, Ou X, Zhou L, Liu J. Asymptomatic cases in a family cluster with SARS-CoV-2 infection. Lancet Infect Dis. 2020 Apr;20(4):410-411. doi: 10.1016/S1473-3099(20)30114-6. Epub 2020 Feb 19.</citation>
    <PMID>32087116</PMID>
  </reference>
  <reference>
    <citation>Del Rio C, Malani PN. COVID-19-New Insights on a Rapidly Changing Epidemic. JAMA. 2020 Apr 14;323(14):1339-1340. doi: 10.1001/jama.2020.3072.</citation>
    <PMID>32108857</PMID>
  </reference>
  <reference>
    <citation>Zhang H, Penninger JM, Li Y, Zhong N, Slutsky AS. Angiotensin-converting enzyme 2 (ACE2) as a SARS-CoV-2 receptor: molecular mechanisms and potential therapeutic target. Intensive Care Med. 2020 Apr;46(4):586-590. doi: 10.1007/s00134-020-05985-9. Epub 2020 Mar 3.</citation>
    <PMID>32125455</PMID>
  </reference>
  <verification_date>April 2020</verification_date>
  <study_first_submitted>April 2, 2020</study_first_submitted>
  <study_first_submitted_qc>April 3, 2020</study_first_submitted_qc>
  <study_first_posted type="Actual">April 7, 2020</study_first_posted>
  <last_update_submitted>April 14, 2020</last_update_submitted>
  <last_update_submitted_qc>April 14, 2020</last_update_submitted_qc>
  <last_update_posted type="Actual">April 15, 2020</last_update_posted>
  <responsible_party>
    <responsible_party_type>Principal Investigator</responsible_party_type>
    <investigator_affiliation>Rutgers, The State University of New Jersey</investigator_affiliation>
    <investigator_full_name>Reynold Panettieri, MD</investigator_full_name>
    <investigator_title>Director, Rutgers Institute for Translational Medicine &amp; Science</investigator_title>
  </responsible_party>
  <condition_browse>
    <!-- CAUTION:  The following MeSH terms are assigned with an imperfect algorithm            -->
    <mesh_term>Coronavirus Infections</mesh_term>
  </condition_browse>
  <patient_data>
    <sharing_ipd>No</sharing_ipd>
  </patient_data>
  <!-- Results have not yet been posted for this study                                          -->
</clinical_study>

