<?xml version="1.0" encoding="UTF-8"?>
<clinical_study rank="2059">
  <!-- This xml conforms to an XML Schema at:
    https://clinicaltrials.gov/ct2/html/images/info/public.xsd -->
  <required_header>
    <download_date>ClinicalTrials.gov processed this data on February 08, 2021</download_date>
    <link_text>Link to the current ClinicalTrials.gov record.</link_text>
    <url>https://clinicaltrials.gov/show/NCT04273581</url>
  </required_header>
  <id_info>
    <org_study_id>20200214-COVID-19-S-T</org_study_id>
    <nct_id>NCT04273581</nct_id>
  </id_info>
  <brief_title>The Efficacy and Safety of Thalidomide Combined With Low-dose Hormones in the Treatment of Severe COVID-19</brief_title>
  <official_title>The Efficacy and Safety of Thalidomide Combined With Low-dose Hormones in the Treatment of Severe New Coronavirus (COVID-19) Pneumonia: a Prospective, Multicenter, Randomized, Double-blind, Placebo, Parallel Controlled Clinical Study</official_title>
  <sponsors>
    <lead_sponsor>
      <agency>First Affiliated Hospital of Wenzhou Medical University</agency>
      <agency_class>Other</agency_class>
    </lead_sponsor>
    <collaborator>
      <agency>Second Affiliated Hospital of Wenzhou Medical University</agency>
      <agency_class>Other</agency_class>
    </collaborator>
    <collaborator>
      <agency>Wenzhou Central Hospital</agency>
      <agency_class>Other</agency_class>
    </collaborator>
  </sponsors>
  <source>First Affiliated Hospital of Wenzhou Medical University</source>
  <oversight_info>
    <has_dmc>Yes</has_dmc>
    <is_fda_regulated_drug>No</is_fda_regulated_drug>
    <is_fda_regulated_device>No</is_fda_regulated_device>
  </oversight_info>
  <brief_summary>
    <textblock>
      In view of the fact that there is currently no effective antiviral therapy, the prevention or&#xD;
      treatment of lung injury caused by COVID-19 can be an alternative target for current&#xD;
      treatment. Patients with severe COVID-19 have rapid disease progression and high mortality.&#xD;
      There is currently no effective treatment method, which may be related to the excessive&#xD;
      immune response caused by cytokine storm. This study will evaluate thalidomide combined with&#xD;
      low-dose hormone adjuvant therapy for severe COVID-19 Patient effectiveness and safety.&#xD;
    </textblock>
  </brief_summary>
  <detailed_description>
    <textblock>
      Thalidomide has been clinically reported, and combined with antiviral drugs and other&#xD;
      conventional treatments have achieved good results in the treatment of severe H1N1,&#xD;
      especially after the death of a young severe patient. After the addition of thalidomide, the&#xD;
      reported 35 patients did not Deaths. Subsequent basic research at Fudan University confirmed&#xD;
      that thalidomide can treat H1N1 lung injury. And think that the combination with antiviral&#xD;
      drugs may be a better alternative strategy for H1N1 before the vaccine is successfully&#xD;
      developed.&#xD;
&#xD;
      In view of the fact that there is currently no effective antiviral therapy, the prevention or&#xD;
      treatment of lung injury caused by COVID-19 can be an alternative target for current&#xD;
      treatment. Patients with severe COVID-19 have rapid disease progression and high mortality.&#xD;
      There is currently no effective treatment method, which may be related to the excessive&#xD;
      immune response caused by cytokine storm.It has been reported that the combined use of&#xD;
      thalidomide and dexamethasone can effectively inhibit NK / T-cell lymphoma combined with&#xD;
      ECSIT V140A mutation of hematophilic syndrome. The AIDS immune reconstitution syndrome (IRIS)&#xD;
      is also an abnormal inflammatory response in nature. It has been reported that thalidomide as&#xD;
      an immunomodulatory agent for the treatment of IRIS is effective. This study will evaluate&#xD;
      thalidomide combined with low-dose hormone adjuvant therapy for severe COVID-19 Patient&#xD;
      effectiveness and safety.&#xD;
&#xD;
      Although the death rate of COVID-19 infected persons is not high, their rapid infectiousness&#xD;
      and the lack of effective antiviral treatment currently have become the focus of the national&#xD;
      and international epidemic. Thalidomide has been available for more than sixty years, and has&#xD;
      been widely used in clinical applications. It has been proved to be safe and effective in&#xD;
      IPF, severe H1N1 influenza lung injury and paraquat poisoning lung injury, and the mechanism&#xD;
      of anti-inflammatory and anti-fibrosis is relatively clear. As the current research on&#xD;
      COVID-19 at home and abroad mainly focuses on the exploration of antiviral efficacy, this&#xD;
      study intends to find another way to start with host treatment in the case that antiviral is&#xD;
      difficult to overcome in the short term, in order to control or relieve lung inflammation&#xD;
      caused by the virus To improve lung function.&#xD;
    </textblock>
  </detailed_description>
  <overall_status>Not yet recruiting</overall_status>
  <start_date type="Anticipated">February 18, 2020</start_date>
  <completion_date type="Anticipated">May 30, 2020</completion_date>
  <primary_completion_date type="Anticipated">April 30, 2020</primary_completion_date>
  <phase>Phase 2</phase>
  <study_type>Interventional</study_type>
  <has_expanded_access>No</has_expanded_access>
  <study_design_info>
    <allocation>Randomized</allocation>
    <intervention_model>Parallel Assignment</intervention_model>
    <primary_purpose>Treatment</primary_purpose>
    <masking>Quadruple (Participant, Care Provider, Investigator, Outcomes Assessor)</masking>
  </study_design_info>
  <primary_outcome>
    <measure>Time to Clinical Improvement (TTCI)</measure>
    <time_frame>up to 28 days</time_frame>
    <description>TTCI is defined as the time (in days) from initiation of study treatment (active or placebo) until a decline of two categories from admission status on a six-category ordinal scale of clinical status which ranges from 1 (discharged) to 6 (death). Six-category ordinal scale: 6. Death; 5. ICU, requiring ECMO and/or IMV; 4. ICU/hospitalization, requiring NIV/ HFNC therapy; 3. Hospitalization, requiring supplemental oxygen (but not NIV/ HFNC); 2. Hospitalization, not requiring supplemental oxygen; 1. Hospital discharge. Abbreviation: IMV, invasive mechanical ventilation; NIV, non-invasive mechanical ventilation; HFNC, High-flow nasal cannula.</description>
  </primary_outcome>
  <secondary_outcome>
    <measure>Clinical status</measure>
    <time_frame>days 7, 14, 21, and 28</time_frame>
    <description>Clinical status, assessed by the ordinal scale at fixed time points</description>
  </secondary_outcome>
  <secondary_outcome>
    <measure>Time to Hospital Discharge OR NEWS2 (National Early Warning Score 2) of ≤ 2 maintained for 24 hours</measure>
    <time_frame>up to 28 days</time_frame>
  </secondary_outcome>
  <secondary_outcome>
    <measure>All cause mortality</measure>
    <time_frame>up to 28 days</time_frame>
  </secondary_outcome>
  <secondary_outcome>
    <measure>Duration (days) of mechanical ventilation</measure>
    <time_frame>up to 28 days</time_frame>
  </secondary_outcome>
  <secondary_outcome>
    <measure>Duration (days) of extracorporeal membrane oxygenation</measure>
    <time_frame>up to 28 days</time_frame>
  </secondary_outcome>
  <secondary_outcome>
    <measure>Duration (days) of supplemental oxygenation</measure>
    <time_frame>up to 28 days</time_frame>
  </secondary_outcome>
  <secondary_outcome>
    <measure>Length of hospital stay (days)</measure>
    <time_frame>up to 28 days</time_frame>
  </secondary_outcome>
  <secondary_outcome>
    <measure>Time to 2019-nCoV RT-PCR negativity in upper and lower respiratory tract specimens</measure>
    <time_frame>up to 28 days</time_frame>
  </secondary_outcome>
  <secondary_outcome>
    <measure>Change (reduction) in 2019-nCoV viral load in upper and lower respiratory tract specimens as assessed by area under viral load curve.</measure>
    <time_frame>up to 28 days</time_frame>
  </secondary_outcome>
  <secondary_outcome>
    <measure>Frequency of serious adverse drug events</measure>
    <time_frame>up to 28 days</time_frame>
  </secondary_outcome>
  <secondary_outcome>
    <measure>Serum TNF-α, IL-1β, IL-2, IL-6, IL-7, IL-10, GSCF, IP10#MCP1, MIP1α and other cytokine expression levels before and after treatment</measure>
    <time_frame>up to 28 days</time_frame>
  </secondary_outcome>
  <number_of_arms>2</number_of_arms>
  <enrollment type="Anticipated">40</enrollment>
  <condition>COVID-19 Thalidomide</condition>
  <arm_group>
    <arm_group_label>Control group</arm_group_label>
    <arm_group_type>Placebo Comparator</arm_group_type>
    <description>α-interferon： nebulized inhalation, 5 million U or equivalent dose added 2ml of sterile water for injection, 2 times a day, for 7 days； Abidol, 200mg / time, 3 times a day, for 7 days; Methylprednisolone： 40mg, q12h， for 5 days. placebo：100mg/d，qn，for 14 days.</description>
  </arm_group>
  <arm_group>
    <arm_group_label>Thalidomide group</arm_group_label>
    <arm_group_type>Experimental</arm_group_type>
    <description>α-interferon： nebulized inhalation, 5 million U or equivalent dose added 2ml of sterile water for injection, 2 times a day, for 7 days； Abidol, 200mg / time, 3 times a day, for 7 days; Methylprednisolone： 40mg, q12h， for 5 days. thalidomide：100mg/d，qn，for 14 days.</description>
  </arm_group>
  <intervention>
    <intervention_type>Drug</intervention_type>
    <intervention_name>placebo</intervention_name>
    <description>100mg/d，qn，for 14 days.</description>
    <arm_group_label>Control group</arm_group_label>
  </intervention>
  <intervention>
    <intervention_type>Drug</intervention_type>
    <intervention_name>Thalidomide</intervention_name>
    <description>100mg/d，qn，for 14 days.</description>
    <arm_group_label>Thalidomide group</arm_group_label>
    <other_name>fanyingting</other_name>
  </intervention>
  <eligibility>
    <criteria>
      <textblock>
        Inclusion Criteria:&#xD;
&#xD;
          1. Age ≥18 years;&#xD;
&#xD;
          2. The laboratory (RT-PCR) confirmed the diagnosis of severe patients infected with&#xD;
             CoVID-19 (refer to the fifth edition of the Chinese diagnosis and treatment guideline&#xD;
             for trial); the diagnosis of new coronavirus pneumonia was confirmed, and any of the&#xD;
             following: 1) Respiratory distress, breathing ≥30 beats / min; 2) In the resting&#xD;
             state, the oxygen saturation is ≤93%; 3) Arterial blood oxygen partial pressure /&#xD;
             oxygen concentration ≤300mmHg&#xD;
&#xD;
          3. The diagnosis is less than or equal to 12 days;&#xD;
&#xD;
        Exclusion Criteria:&#xD;
&#xD;
          1. Severe liver disease (such as Child Pugh score ≥ C, AST&gt; 5 times the upper limit);&#xD;
             severe renal dysfunction (the glomerulus is 30ml / min / 1.73m2 or less)&#xD;
&#xD;
          2. Pregnancy or breastfeeding or positive pregnancy test;&#xD;
&#xD;
          3. In the 30 days before the screening assessment, have taken any experimental treatment&#xD;
             drugs for CoVID-19 (including off-label, informed consent use or trial-related);&#xD;
&#xD;
          4. Those with a history of thromboembolism, except for those caused by PICC.&#xD;
      </textblock>
    </criteria>
    <gender>All</gender>
    <minimum_age>18 Years</minimum_age>
    <maximum_age>N/A</maximum_age>
    <healthy_volunteers>No</healthy_volunteers>
  </eligibility>
  <overall_official>
    <last_name>Jinglin Xia, MD</last_name>
    <role>Principal Investigator</role>
    <affiliation>First Affiliated Hospital of Wenzhou Medical University</affiliation>
  </overall_official>
  <overall_contact>
    <last_name>Jinglin Xia, MD</last_name>
    <phone>0577-55578166</phone>
    <email>xiajinglin@fudan.edu.cn</email>
  </overall_contact>
  <link>
    <url>http://doi.org/10.1101/2020.02.06.20020974</url>
    <description>Clinical characteristics of 2019 novel coronavirus infection in China by Nan-Shan Zhong</description>
  </link>
  <reference>
    <citation>Jin YH, Cai L, Cheng ZS, Cheng H, Deng T, Fan YP, Fang C, Huang D, Huang LQ, Huang Q, Han Y, Hu B, Hu F, Li BH, Li YR, Liang K, Lin LK, Luo LS, Ma J, Ma LL, Peng ZY, Pan YB, Pan ZY, Ren XQ, Sun HM, Wang Y, Wang YY, Weng H, Wei CJ, Wu DF, Xia J, Xiong Y, Xu HB, Yao XM, Yuan YF, Ye TS, Zhang XC, Zhang YW, Zhang YG, Zhang HM, Zhao Y, Zhao MJ, Zi H, Zeng XT, Wang YY, Wang XH; , for the Zhongnan Hospital of Wuhan University Novel Coronavirus Management and Research Team, Evidence-Based Medicine Chapter of China International Exchange and Promotive Association for Medical and Health Care (CPAM). A rapid advice guideline for the diagnosis and treatment of 2019 novel coronavirus (2019-nCoV) infected pneumonia (standard version). Mil Med Res. 2020 Feb 6;7(1):4. doi: 10.1186/s40779-020-0233-6.</citation>
    <PMID>32029004</PMID>
  </reference>
  <reference>
    <citation>Russell CD, Millar JE, Baillie JK. Clinical evidence does not support corticosteroid treatment for 2019-nCoV lung injury. Lancet. 2020 Feb 15;395(10223):473-475. doi: 10.1016/S0140-6736(20)30317-2. Epub 2020 Feb 7.</citation>
    <PMID>32043983</PMID>
  </reference>
  <reference>
    <citation>Bartlett JB, Dredge K, Dalgleish AG. The evolution of thalidomide and its IMiD derivatives as anticancer agents. Nat Rev Cancer. 2004 Apr;4(4):314-22. doi: 10.1038/nrc1323. Review.</citation>
    <PMID>15057291</PMID>
  </reference>
  <reference>
    <citation>Zhao L, Xiao K, Wang H, Wang Z, Sun L, Zhang F, Zhang X, Tang F, He W. Thalidomide has a therapeutic effect on interstitial lung fibrosis: evidence from in vitro and in vivo studies. Clin Exp Immunol. 2009 Aug;157(2):310-5. doi: 10.1111/j.1365-2249.2009.03962.x.</citation>
    <PMID>19604271</PMID>
  </reference>
  <reference>
    <citation>Wang D, Hu B, Hu C, Zhu F, Liu X, Zhang J, Wang B, Xiang H, Cheng Z, Xiong Y, Zhao Y, Li Y, Wang X, Peng Z. Clinical Characteristics of 138 Hospitalized Patients With 2019 Novel Coronavirus-Infected Pneumonia in Wuhan, China. JAMA. 2020 Mar 17;323(11):1061-1069. doi: 10.1001/jama.2020.1585.</citation>
    <PMID>32031570</PMID>
  </reference>
  <reference>
    <citation>Wen H, Ma H, Cai Q, Lin S, Lei X, He B, Wu S, Wang Z, Gao Y, Liu W, Liu W, Tao Q, Long Z, Yan M, Li D, Kelley KW, Yang Y, Huang H, Liu Q. Recurrent ECSIT mutation encoding V140A triggers hyperinflammation and promotes hemophagocytic syndrome in extranodal NK/T cell lymphoma. Nat Med. 2018 Feb;24(2):154-164. doi: 10.1038/nm.4456. Epub 2018 Jan 1.</citation>
    <PMID>29291352</PMID>
  </reference>
  <reference>
    <citation>Zhu H, Shi X, Ju D, Huang H, Wei W, Dong X. Anti-inflammatory effect of thalidomide on H1N1 influenza virus-induced pulmonary injury in mice. Inflammation. 2014 Dec;37(6):2091-8. doi: 10.1007/s10753-014-9943-9.</citation>
    <PMID>24912813</PMID>
  </reference>
  <reference>
    <citation>Kwon HY, Han YJ, Im JH, Baek JH, Lee JS. Two cases of immune reconstitution inflammatory syndrome in HIV patients treated with thalidomide. Int J STD AIDS. 2019 Oct;30(11):1131-1135. doi: 10.1177/0956462419847297. Epub 2019 Sep 19.</citation>
    <PMID>31533530</PMID>
  </reference>
  <verification_date>February 2020</verification_date>
  <study_first_submitted>February 14, 2020</study_first_submitted>
  <study_first_submitted_qc>February 14, 2020</study_first_submitted_qc>
  <study_first_posted type="Actual">February 18, 2020</study_first_posted>
  <last_update_submitted>February 19, 2020</last_update_submitted>
  <last_update_submitted_qc>February 19, 2020</last_update_submitted_qc>
  <last_update_posted type="Actual">February 21, 2020</last_update_posted>
  <responsible_party>
    <responsible_party_type>Sponsor</responsible_party_type>
  </responsible_party>
  <intervention_browse>
    <!-- CAUTION:  The following MeSH terms are assigned with an imperfect algorithm            -->
    <mesh_term>Thalidomide</mesh_term>
  </intervention_browse>
  <!-- Results have not yet been posted for this study                                          -->
</clinical_study>

