<?xml version="1.0" encoding="UTF-8"?>
<clinical_study rank="2729">
  <!-- This xml conforms to an XML Schema at:
    https://clinicaltrials.gov/ct2/html/images/info/public.xsd -->
  <required_header>
    <download_date>ClinicalTrials.gov processed this data on February 08, 2021</download_date>
    <link_text>Link to the current ClinicalTrials.gov record.</link_text>
    <url>https://clinicaltrials.gov/show/NCT04324528</url>
  </required_header>
  <id_info>
    <org_study_id>CYCOV</org_study_id>
    <nct_id>NCT04324528</nct_id>
  </id_info>
  <brief_title>Cytokine Adsorption in Severe COVID-19 Pneumonia Requiring Extracorporeal Membrane Oxygenation</brief_title>
  <acronym>CYCOV</acronym>
  <official_title>Cytokine Adsorption in Severe COVID-19 Pneumonia Requiring Extracorporeal Membrane Oxygenation</official_title>
  <sponsors>
    <lead_sponsor>
      <agency>Dr. Alexander Supady</agency>
      <agency_class>Other</agency_class>
    </lead_sponsor>
  </sponsors>
  <source>University Hospital Freiburg</source>
  <oversight_info>
    <has_dmc>No</has_dmc>
    <is_fda_regulated_drug>No</is_fda_regulated_drug>
    <is_fda_regulated_device>No</is_fda_regulated_device>
  </oversight_info>
  <brief_summary>
    <textblock>
      In December 2019 in the city of Wuhan in China, a series of patients with unclear pneumonia&#xD;
      was noticed, some of whom have died of it. In virological analyses of samples from the&#xD;
      patients' deep respiratory tract, a novel coronavirus was isolated (SARS-CoV-2). The disease&#xD;
      spread rapidly in the city of Wuhan at the beginning of 2020 and soon beyond in China and, in&#xD;
      the coming weeks, around the world.&#xD;
&#xD;
      Initial studies described numerous severe courses, particularly those associated with&#xD;
      increased patient age and previous cardiovascular, metabolic and respiratory diseases. A&#xD;
      small number of the particularly severely ill patients required not only highly invasive&#xD;
      ventilation therapy but also extracorporeal membrane oxygenation (vv-ECMO) to supply the&#xD;
      patient's blood with sufficient oxygen.&#xD;
&#xD;
      Even under maximum intensive care treatment, a very high mortality rate of approximately&#xD;
      80-100% was observed in this patient group. In addition, high levels of interleukin-6 (IL-6)&#xD;
      could be detected in the blood of these severely ill patients, which in turn were associated&#xD;
      with poor outcome.&#xD;
&#xD;
      From experience in the therapy of severely ill patients with severe infections and&#xD;
      respiratory failure, we know that treatment with a CytoSorb® adsorber can lead to a reduction&#xD;
      of the circulating pro- and anti-inflammatory cytokines and thus improve the course of the&#xD;
      disease and the outcome of the patients.&#xD;
&#xD;
      Our primary goal is to investigate the efficacy of treatment with a CytoSorb® adsorber in&#xD;
      patients with severe COVID-19 disease requiring venous ECMO over 72 hours after initiation of&#xD;
      ECMO. The primary endpoint is the reduction of plasma interleukin-6 levels 72 hours after&#xD;
      initiation of ECMO support. As secondary endpoints we investigate 30-day survival,&#xD;
      vasopressor and volume requirements, lactate in terms of lactate and platelet function. As&#xD;
      safety variables, we further investigate the levels of the applied antibiotics (usually&#xD;
      ampicillin and sulbactam).&#xD;
    </textblock>
  </brief_summary>
  <detailed_description>
    <textblock>
      In December 2019, a series of unexplained cases of pneumonia in the city of Wuhan in China&#xD;
      has come to light. In virological analyses of samples from the patients' deep respiratory&#xD;
      tract, a novel coronavirus was isolated (first named 2019-nCoV, then SARS-CoV-2). The disease&#xD;
      spread rapidly in the city of Wuhan in early 2020 and soon beyond. On 30 January 2020, the&#xD;
      Director-General of the World Health Organization (WHO) declared the outbreak a public health&#xD;
      emergency of international concern, and on 11 March 2020, the World Health Organization&#xD;
      declared the virus a pandemic.&#xD;
&#xD;
      In humans, an infection with the virus can cause respiratory infections and even very severe&#xD;
      pneumonia, which often ends fatally, especially in old and previously ill patients. Due to&#xD;
      the novelty of the virus, the data basis for therapy is very limited. To date, there are no&#xD;
      clinical data for an effective specific therapy, nor is there a vaccination against the virus&#xD;
      available, so that therapy, especially intensive care treatment for very severe cases, must&#xD;
      concentrate only on supportive treatment of lung failure and other complications.&#xD;
&#xD;
      The virus is very contagious and infection results in a relevant number of deaths. Due to&#xD;
      very uncertain data on the spread of the virus in the population, it is difficult to estimate&#xD;
      the mortality rate - case mortality is about 4% based on known case numbers.&#xD;
&#xD;
      In reports on the treatment of the first cases in Wuhan (Hubei Province, China) in January&#xD;
      2020, the need for intensive care treatment is described for about a quarter of the inpatient&#xD;
      cases, 10-17% had to be ventilated invasively, and venous extracorporeal membrane oxygenation&#xD;
      (vv-ECMO) was necessary in 2-4% of the inpatient cases. Patients requiring ECMO have an&#xD;
      extremely high mortality rate of 83-100% in the studies described so far.&#xD;
&#xD;
      In severe cases a pronounced release of vasoactive cytokines was repeatedly observed.&#xD;
      Excessive release of these vasoactive mediators (&quot;cytokine storm&quot;) can result in pronounced&#xD;
      vasodilatation and membrane leakage, which can ultimately lead to severe vasoplegic shock&#xD;
      that is difficult to control. Ruan et al. and Zhou et al. have identified high interleukin 6&#xD;
      (IL-6) levels as a potential predictor of a fatal outcome when compared between survivors and&#xD;
      patients who died of COVID-19 disease.&#xD;
&#xD;
      IL-6 is also an important factor in the pathophysiology of severe septic shock and excessive&#xD;
      immune response in hemophagocytic lymphohistiocytosis (HLH) - for both indications has been&#xD;
      shown, that the extracorporeal adsorption of IL-6 and other vasoactive substances in a&#xD;
      CytoSorb® adsorber (CytoSorbents Corporation, Monmouth Junction, NJ, USA) leads to a&#xD;
      significant reduction of these cytokines in the patient blood. Clinical experience and&#xD;
      (previously unpublished) data from our monocentric registry study show that cytokine&#xD;
      adsorption in a CytoSorb® Adsorber can also be safely integrated into a vv-ECMO system.&#xD;
&#xD;
      The aim of the study is to investigate the influence of extracorporeal cytokine adsorption on&#xD;
      humoral inflammation parameters and patient survival under controlled conditions in patients&#xD;
      with severe COVID-19 disease requiring extracorporeal membrane oxygenation.&#xD;
    </textblock>
  </detailed_description>
  <overall_status>Recruiting</overall_status>
  <start_date type="Actual">March 27, 2020</start_date>
  <completion_date type="Anticipated">November 26, 2020</completion_date>
  <primary_completion_date type="Anticipated">September 26, 2020</primary_completion_date>
  <phase>N/A</phase>
  <study_type>Interventional</study_type>
  <has_expanded_access>No</has_expanded_access>
  <study_design_info>
    <allocation>Randomized</allocation>
    <intervention_model>Single Group Assignment</intervention_model>
    <intervention_model_description>randomized controlled trial examining COVID-patients requiring vv-ECMO therapy (+/- cytokine adsorption)</intervention_model_description>
    <primary_purpose>Treatment</primary_purpose>
    <masking>None (Open Label)</masking>
  </study_design_info>
  <primary_outcome>
    <measure>interleukin-6 (IL-6) level after 72 hours</measure>
    <time_frame>72 hours</time_frame>
    <description>measurement of IL-6 levels in patient blood after 72 hours of cytokine adsorption (in relation to level before initiation of cytokine adsorption)</description>
  </primary_outcome>
  <secondary_outcome>
    <measure>30-day-survival</measure>
    <time_frame>72 hours</time_frame>
    <description>survival after 30 days</description>
  </secondary_outcome>
  <secondary_outcome>
    <measure>vasopressor dosage</measure>
    <time_frame>72 hours</time_frame>
    <description>needed dosage of norepinephrine and other vasopressors</description>
  </secondary_outcome>
  <secondary_outcome>
    <measure>fluid balance</measure>
    <time_frame>72 hours</time_frame>
    <description>fluid balance levels during cytokine adsorption</description>
  </secondary_outcome>
  <secondary_outcome>
    <measure>lactate</measure>
    <time_frame>72 hours</time_frame>
    <description>serum-lactate levels during cytokine adsorption</description>
  </secondary_outcome>
  <number_of_arms>2</number_of_arms>
  <enrollment type="Anticipated">30</enrollment>
  <condition>Coronavirus</condition>
  <condition>COVID-19</condition>
  <condition>SARS-CoV Infection</condition>
  <condition>Respiratory Failure</condition>
  <condition>Cytokine Storm</condition>
  <arm_group>
    <arm_group_label>vv-ECMO + cytokine adsorption</arm_group_label>
    <arm_group_type>Experimental</arm_group_type>
    <description>after indication of treatment with vv-ECMO in acute respiratory failure in COVID-19-disease, patients will additionally receive cytokine adsorption using a Cytosorb adsorber</description>
  </arm_group>
  <arm_group>
    <arm_group_label>control-arm: vv-ECMO (no cytokine adsorption)</arm_group_label>
    <arm_group_type>Other</arm_group_type>
    <description>treatment with vv-ECMO in acute respiratory failure in COVID-19-disease (standard treatment without additional cytokine adsorption)</description>
  </arm_group>
  <intervention>
    <intervention_type>Device</intervention_type>
    <intervention_name>vv-ECMO + cytokine adsorption (Cytosorb adsorber)</intervention_name>
    <description>in COVID-19-diseased vv-ECMO patients additional treatment with cytokine adsorption using a Cytosorb adsorber will be randomized (vs. control group)</description>
    <arm_group_label>vv-ECMO + cytokine adsorption</arm_group_label>
  </intervention>
  <intervention>
    <intervention_type>Device</intervention_type>
    <intervention_name>vv-ECMO only (no cytokine adsorption)</intervention_name>
    <description>COVID-19-diseased treated with vv-ECMO</description>
    <arm_group_label>control-arm: vv-ECMO (no cytokine adsorption)</arm_group_label>
  </intervention>
  <eligibility>
    <criteria>
      <textblock>
        Inclusion Criteria:&#xD;
&#xD;
          -  SARS-CoV-2-infection with COVID-pneumonia&#xD;
&#xD;
          -  vv-ECMO therapy&#xD;
&#xD;
        Exclusion Criteria:&#xD;
&#xD;
          -  pregnancy, breastfeeding&#xD;
      </textblock>
    </criteria>
    <gender>All</gender>
    <minimum_age>18 Years</minimum_age>
    <maximum_age>100 Years</maximum_age>
    <healthy_volunteers>No</healthy_volunteers>
  </eligibility>
  <overall_official>
    <last_name>Alexander Supady, Dr., MPH</last_name>
    <role>Principal Investigator</role>
    <affiliation>University Clinic Freiburg</affiliation>
  </overall_official>
  <overall_contact>
    <last_name>Alexander Supady, Dr., MPH</last_name>
    <phone>+49761270</phone>
    <phone_ext>73790</phone_ext>
    <email>alexander.supady@universitaets-herzzentrum.de</email>
  </overall_contact>
  <location>
    <facility>
      <name>University Clinic Freiburg</name>
      <address>
        <city>Freiburg</city>
        <zip>79108</zip>
        <country>Germany</country>
      </address>
    </facility>
    <status>Recruiting</status>
    <contact>
      <last_name>Alexander Supady, Dr., MPH</last_name>
    </contact>
  </location>
  <location_countries>
    <country>Germany</country>
  </location_countries>
  <verification_date>March 2020</verification_date>
  <study_first_submitted>March 25, 2020</study_first_submitted>
  <study_first_submitted_qc>March 25, 2020</study_first_submitted_qc>
  <study_first_posted type="Actual">March 27, 2020</study_first_posted>
  <last_update_submitted>March 27, 2020</last_update_submitted>
  <last_update_submitted_qc>March 27, 2020</last_update_submitted_qc>
  <last_update_posted type="Actual">March 31, 2020</last_update_posted>
  <responsible_party>
    <responsible_party_type>Sponsor-Investigator</responsible_party_type>
    <investigator_affiliation>University Hospital Freiburg</investigator_affiliation>
    <investigator_full_name>Dr. Alexander Supady</investigator_full_name>
    <investigator_title>Attending Physician - Oberarzt</investigator_title>
  </responsible_party>
  <condition_browse>
    <!-- CAUTION:  The following MeSH terms are assigned with an imperfect algorithm            -->
    <mesh_term>Coronavirus Infections</mesh_term>
    <mesh_term>Severe Acute Respiratory Syndrome</mesh_term>
    <mesh_term>Pneumonia</mesh_term>
    <mesh_term>Respiratory Insufficiency</mesh_term>
  </condition_browse>
  <patient_data>
    <sharing_ipd>No</sharing_ipd>
  </patient_data>
  <!-- Results have not yet been posted for this study                                          -->
</clinical_study>

