<?xml version="1.0" encoding="UTF-8"?>
<clinical_study rank="4875">
  <!-- This xml conforms to an XML Schema at:
    https://clinicaltrials.gov/ct2/html/images/info/public.xsd -->
  <required_header>
    <download_date>ClinicalTrials.gov processed this data on February 08, 2021</download_date>
    <link_text>Link to the current ClinicalTrials.gov record.</link_text>
    <url>https://clinicaltrials.gov/show/NCT04055948</url>
  </required_header>
  <id_info>
    <org_study_id>CASE4Y19</org_study_id>
    <nct_id>NCT04055948</nct_id>
  </id_info>
  <brief_title>Building Family Caregiver Skills Using a Simulation-Based Intervention for Care of Cancer Patients</brief_title>
  <official_title>Building Family Caregiver Skills Using a Simulation-Based Intervention for Care of Patients With Cancer</official_title>
  <sponsors>
    <lead_sponsor>
      <agency>Case Comprehensive Cancer Center</agency>
      <agency_class>Other</agency_class>
    </lead_sponsor>
  </sponsors>
  <source>Case Comprehensive Cancer Center</source>
  <oversight_info>
    <has_dmc>No</has_dmc>
    <is_fda_regulated_drug>No</is_fda_regulated_drug>
    <is_fda_regulated_device>No</is_fda_regulated_device>
  </oversight_info>
  <brief_summary>
    <textblock>
      The purpose of this study is to learn whether an education and support program can help&#xD;
      caregivers feel more confident in technical and communication skills needed to care for a&#xD;
      person with cancer. Patients with cancer and their caregivers face many challenges. These&#xD;
      include learning about cancer and its treatment, coping with symptoms from illness and&#xD;
      treatment side effects, making adjustments to usual activities, and managing the emotional&#xD;
      effects of having a serious illness. This study is testing whether different forms of&#xD;
      education and support can help caregivers feel better prepared. To find out if education&#xD;
      about caregiving and different kinds of support are effective, study personnel will compare&#xD;
      approaches to help find ways to improve the services that are provided to caregivers during&#xD;
      cancer treatment. About 180 patients and their caregivers at the Seidman Cancer Center will&#xD;
      take part in this study. Participating in research is voluntary and this study is funded by&#xD;
      the National Institute of Health.&#xD;
    </textblock>
  </brief_summary>
  <detailed_description>
    <textblock>
      This is a 2-group, prospective, randomized controlled design to test the effect of an&#xD;
      intervention, as compared to a usual care control group, on family caregivers (CG) outcomes,&#xD;
      patient outcomes, and healthcare utilization outcomes during treatment.&#xD;
&#xD;
      The objectives of this study are to:&#xD;
&#xD;
        -  Evaluate the effect of a CG intervention, as compared to a control group, on CG primary&#xD;
           (anxiety) and secondary (depression, health-related quality of life [HRQOL], and&#xD;
           fatigue) outcomes.&#xD;
&#xD;
        -  Measure the effect of the intervention, as compared to a control group, on patient&#xD;
           outcomes (HRQOL and interrupted treatment course), and healthcare utilization outcomes&#xD;
           (unplanned hospital admissions, unplanned emergency room visits, and unplanned use of&#xD;
           intravenous [IV] fluids).&#xD;
&#xD;
        -  Determine if CG self-efficacy mediates the effect of the intervention on CG anxiety.&#xD;
&#xD;
        -  Determine if patient illness factors, care demands (hours per week spent caregiving),&#xD;
           and patient and CG demographic factors moderate the relationship between the&#xD;
           intervention and CG outcomes.&#xD;
&#xD;
        -  Compare the costs of healthcare utilization (unplanned hospital admission, unplanned&#xD;
           emergency room visits, and unplanned use of IV fluids) between the intervention and&#xD;
           control groups.&#xD;
    </textblock>
  </detailed_description>
  <overall_status>Recruiting</overall_status>
  <start_date type="Actual">December 1, 2019</start_date>
  <completion_date type="Anticipated">April 30, 2023</completion_date>
  <primary_completion_date type="Anticipated">October 31, 2022</primary_completion_date>
  <phase>N/A</phase>
  <study_type>Interventional</study_type>
  <has_expanded_access>No</has_expanded_access>
  <study_design_info>
    <allocation>Randomized</allocation>
    <intervention_model>Parallel Assignment</intervention_model>
    <intervention_model_description>Randomization will be done using the minimization stratified randomization technique (QMinim). Stratification variables will be CG gender, CG age, and patient cancer type.</intervention_model_description>
    <primary_purpose>Supportive Care</primary_purpose>
    <masking>Single (Investigator)</masking>
    <masking_description>Research Assistant (RA) will be blind to which group CG is assigned.</masking_description>
  </study_design_info>
  <primary_outcome>
    <measure>CG anxiety at 20 weeks post-treatment</measure>
    <time_frame>20 weeks post treatment</time_frame>
    <description>Difference in CG anxiety between the intervention and control groups at 20 weeks post-radiation treatment.&#xD;
CG anxiety will be measured with the Patient-Reported Outcomes Measurement Information System (PROMIS) Anxiety Short Form 7a. This 7-item questionnaire assesses self-reported fear, worry, anxiety, tension, nervousness, and restlessness in the family caregiver over the last 7 days.&#xD;
This outcome will be reporting the average T-score for anxiety as measured by the PROMIS scale. Raw scores range from 7 to 35. Each participant's raw score on the scale will be converted to a standardized T-score that has a mean of 50 and a standard deviation of 10. A higher T-score represents greater anxiety. For example, a T-score of 60 is one standard deviation worse anxiety than average.</description>
  </primary_outcome>
  <secondary_outcome>
    <measure>CG anxiety at the end of radiation treatment</measure>
    <time_frame>At end of treatment, average of seven weeks</time_frame>
    <description>Difference in CG anxiety between the intervention and control groups at the end of radiation treatment&#xD;
CG anxiety will be measured with the Patient-Reported Outcomes Measurement Information System (PROMIS) Anxiety Short Form 7a. This 7-item questionnaire assesses self-reported fear, worry, anxiety, tension, nervousness, and restlessness in the family caregiver over the last 7 days.&#xD;
This outcome will be reporting the average T-score for anxiety as measured by the PROMIS scale. Raw scores range from 7 to 35. Each participant's raw score on the scale will be converted to a standardized T-score that has a mean of 50 and a standard deviation of 10. A higher T-score represents greater anxiety. For example, a T-score of 60 is one standard deviation worse anxiety than average.</description>
  </secondary_outcome>
  <secondary_outcome>
    <measure>CG anxiety at 4 weeks post treatment</measure>
    <time_frame>4 weeks post treatment</time_frame>
    <description>CG anxiety between the intervention and control groups at 4 weeks post treatment.&#xD;
CG anxiety will be measured with the Patient-Reported Outcomes Measurement Information System (PROMIS) Anxiety Short Form 7a. This 7-item questionnaire assesses self-reported fear, worry, anxiety, tension, nervousness, and restlessness in the family caregiver over the last 7 days.&#xD;
This outcome will be reporting the average T-score for anxiety as measured by the PROMIS scale. Raw scores range from 7 to 35. Each participant's raw score on the scale will be converted to a standardized T-score that has a mean of 50 and a standard deviation of 10. A higher T-score represents greater anxiety. For example, a T-score of 60 is one standard deviation worse anxiety than average.</description>
  </secondary_outcome>
  <secondary_outcome>
    <measure>CG depression</measure>
    <time_frame>at baseline, at end of treatment (average of seven weeks), and at 4 and 20 weeks post treatment</time_frame>
    <description>CG depression will be measured with the PROMIS Depression Short Form 8b. This 8-item questionnaire assesses caregiver self-reported negative mood (sadness, guilt), views of self (worthlessness), and social cognition (loneliness), as well as decreased positive affect and engagement. It assesses depression over the last 7 days.&#xD;
This outcome will be reporting the average T-score for depression as measured by the PROMIS scale. Raw scores range from 8 to 40. Each participant's raw score on the scale will be converted to a standardized T-score that has a mean of 50 and a standard deviation of 10. A higher T-score represents greater depression. For example, a T-score of 60 is one standard deviation worse depression than average.</description>
  </secondary_outcome>
  <secondary_outcome>
    <measure>CG HRQOL as measured by PROMIS Global Health Scale Global Physical Health and Global Mental Health domains</measure>
    <time_frame>at baseline, at end of treatment (average of seven weeks), and at 4 and 20 weeks post treatment</time_frame>
    <description>The PROMIS Global Health Scale will be scored as two separate domains - Global Physical Health and Global Mental Health. These domains are not combined for a total score. Raw scores range from 4 to 20. Each participant's raw score on the scale will be converted to a standardized T-score that has a mean of 50 and a standard deviation of 10. A higher T-score represents better health (Global Physical Health or Global Mental Health) than the general population. For example, a T-score of 60 is one standard deviation better health than average</description>
  </secondary_outcome>
  <secondary_outcome>
    <measure>CG fatigue</measure>
    <time_frame>at baseline, at end of treatment (average of seven weeks), and at 4 and 20 weeks post treatment</time_frame>
    <description>CG fatigue will be measured with the PROMIS Fatigue Short Form 7a, a 7-item questionnaire that evaluates the self-reported experience of fatigue (frequency, duration, intensity) and the impact of fatigue on daily activities. It assesses fatigue over the last 7 days.&#xD;
This outcome will be reporting the average T-score for fatigue. Raw scores range from 7 to 35. Each participant's raw score on the scale will be converted to a standardized T-score that has a mean of 50 and a standard deviation of 10. A higher T-score represents greater fatigue. For example, a T-score of 60 is one standard deviation worse fatigue than average.</description>
  </secondary_outcome>
  <secondary_outcome>
    <measure>Participant HRQOL (cancer patient) as measured by FACT-C</measure>
    <time_frame>at baseline, at end of treatment (average of seven weeks), and at 4 and 20 weeks post treatment</time_frame>
    <description>Participant HRQOL will be measured using the disease-specific versions of FACT-G that include common subscales (physical, social, emotional, and functional well-being) plus cancer-specific questions. The effect of the intervention on HRQOL across diagnoses will be analyzed using the common subscales. The symptom experience with each diagnostic group will be described using the cancer-specific subscale.&#xD;
Participants rate their response to each item on a 5-point Likert-type scale. After reverse-scoring negatively worded questions, items are summed. Higher scores indicate better quality of life.&#xD;
The FACT - Colorectal (FACT-C, Version 4) is a 37-item questionnaire that measures self-reported HRQOL in patients with colorectal cancer over the last 7 days.</description>
  </secondary_outcome>
  <secondary_outcome>
    <measure>Participant HRQOL (cancer patient) as measured by FACT-H&amp;N</measure>
    <time_frame>at baseline, at end of treatment (average of seven weeks), and at 4 and 20 weeks post treatment</time_frame>
    <description>Participant HRQOL will be measured using the disease-specific versions of FACT-G that include common subscales (physical, social, emotional, and functional well-being) plus cancer-specific questions. The effect of the intervention on HRQOL across diagnoses will be analyzed using the common subscales. The symptom experience with each diagnostic group will be described using the cancer-specific subscale.&#xD;
Participants rate their response to each item on a 5-point Likert-type scale. After reverse-scoring negatively worded questions, items are summed. Higher scores indicate better quality of life.&#xD;
The FACT - Head &amp; Neck Scale (FACT-H&amp;N, Version 4) is a 39-item questionnaire that assesses self-reported HRQOL in patients with head &amp; neck cancer over the last 7 days</description>
  </secondary_outcome>
  <secondary_outcome>
    <measure>Participant HRQOL (cancer patient) as measured by FACT - E</measure>
    <time_frame>at baseline, at end of treatment (average of seven weeks), and at 4 and 20 weeks post treatment</time_frame>
    <description>Participant HRQOL will be measured using the disease-specific versions of FACT-G that include common subscales (physical, social, emotional, and functional well-being) plus cancer-specific questions. The effect of the intervention on HRQOL across diagnoses will be analyzed using the common subscales and will describe the symptom experience within each diagnostic group using the cancer-specific subscale.&#xD;
Participants rate their response to each item on a 5-point Likert-type scale. After reverse-scoring negatively worded questions, items are summed. Higher scores indicate better quality of life.&#xD;
The FACT - Esophageal (FACT-E)</description>
  </secondary_outcome>
  <secondary_outcome>
    <measure>Participant HRQOL (cancer patient) as measured by FACT-L</measure>
    <time_frame>at baseline, at end of treatment (average of seven weeks), and at 4 and 20 weeks post treatment</time_frame>
    <description>Participant HRQOL will be measured using the disease-specific versions of FACT-G that include common subscales (physical, social, emotional, and functional well-being) plus cancer-specific questions. The effect of the intervention on HRQOL across diagnoses will be analyzed using the common subscales and will describe the symptom experience within each diagnostic group using the cancer-specific subscale.&#xD;
Participants rate their response to each item on a 5-point Likert-type scale. After reverse-scoring negatively worded questions, items are summed. Higher scores indicate better quality of life.&#xD;
The FACT - Lung (FACT-L)</description>
  </secondary_outcome>
  <secondary_outcome>
    <measure>Interrupted treatment</measure>
    <time_frame>At end of treatment, average of seven weeks</time_frame>
    <description>Interrupted Radiation Treatment Course, defined as the total number of missed treatment days due to patient or caregiver reasons, will be determined from the patient's radiation therapy treatment record. Number of days of each episode of absence from treatment will also be recorded.</description>
  </secondary_outcome>
  <secondary_outcome>
    <measure>Healthcare utilization cost</measure>
    <time_frame>at baseline, at end of treatment (average of seven weeks), and at 4 and 20 weeks post treatment</time_frame>
    <description>Healthcare utilization includes unplanned hospital admission, unplanned emergency room visits, and unplanned IV fluid use for treatment of dehydration.&#xD;
These variables will be combined to compute a &quot;healthcare utilization cost&quot; for each participant. Medicare reimbursement rates will be used to estimate costs regardless of the age or insurance of the participant. Using the DRG, diagnosis and procedure codes we will determine what Medicare &quot;would have paid&quot; for those services, and will use that as a proxy for cost. Cost of IV fluids will be estimated using wholesale acquisition cost. Mean differences between the intervention and control groups will be analyzed using a two sample t-test for independent means.</description>
  </secondary_outcome>
  <number_of_arms>2</number_of_arms>
  <enrollment type="Anticipated">180</enrollment>
  <condition>Cancer</condition>
  <arm_group>
    <arm_group_label>Control - Standard of Care</arm_group_label>
    <arm_group_type>No Intervention</arm_group_type>
    <description>- All participants will be screened for health literacy using a 4-item Brief Health Literacy Screening Tool (BRIEF)</description>
  </arm_group>
  <arm_group>
    <arm_group_label>Intervention</arm_group_label>
    <arm_group_type>Experimental</arm_group_type>
    <description>All participants will be screened for health literacy using a 4-item Brief Health Literacy Screening Tool (BRIEF)&#xD;
Three in-person, one-on-one teaching sessions with the caregiver during radiation treatments, followed by a telephone booster contact 2 weeks post-treatment.</description>
  </arm_group>
  <intervention>
    <intervention_type>Behavioral</intervention_type>
    <intervention_name>One-on-one teaching sessions</intervention_name>
    <description>One-on-one teaching sessions with the caregiver during radiation treatments. (note - intervention sessions 2 &amp; 3 delivered by phone during COVID-19)</description>
    <arm_group_label>Intervention</arm_group_label>
  </intervention>
  <intervention>
    <intervention_type>Behavioral</intervention_type>
    <intervention_name>Telephone booster contact</intervention_name>
    <description>Telephone booster contact 2 weeks post-treatment.</description>
    <arm_group_label>Intervention</arm_group_label>
  </intervention>
  <eligibility>
    <criteria>
      <textblock>
        Inclusion Criteria (for patients):&#xD;
&#xD;
          -  Diagnosis of stage I, II, III cancers of the rectum, anus, and esophagus; stage III&#xD;
             NSCLC; and stage I - IV A/B head/neck (tongue, gum, oral cavity, nasopharynx,&#xD;
             oropharynx, hypopharynx, parotid, or larynx).&#xD;
&#xD;
          -  Receiving their first course of radiation therapy.&#xD;
&#xD;
          -  Has an identified family CG who is willing to participate.&#xD;
&#xD;
        Inclusion Criteria (for CGs):&#xD;
&#xD;
          -  Family member or friend of an adult patient described above; and&#xD;
&#xD;
          -  Identified by the patient as his/her primary CG, who is providing daily assistance&#xD;
             and/or emotional support.&#xD;
&#xD;
        Exclusion Criteria:&#xD;
&#xD;
          -  Patients who do not have a caregiver will be excluded.&#xD;
&#xD;
          -  CGs of patients who are receiving hospice care will be excluded because of the&#xD;
             patient's poor prognosis and multiple issues associated with end-of-life care.&#xD;
&#xD;
          -  CGs who are themselves undergoing active cancer treatment will be excluded (hormonal&#xD;
             treatment allowed).&#xD;
      </textblock>
    </criteria>
    <gender>All</gender>
    <minimum_age>18 Years</minimum_age>
    <maximum_age>N/A</maximum_age>
    <healthy_volunteers>No</healthy_volunteers>
  </eligibility>
  <overall_official>
    <last_name>Susan Mazanec, PhD</last_name>
    <role>Principal Investigator</role>
    <affiliation>Case Medical Center, University Hospitals Seidman Cancer Center, Case Comprehensive Cancer Center</affiliation>
  </overall_official>
  <overall_contact>
    <last_name>Susan Mazanec, PhD</last_name>
    <phone>1-800-641-2422</phone>
    <email>CTUReferral@UHhospitals.org</email>
  </overall_contact>
  <location>
    <facility>
      <name>University Hospitals Cleveland Medical Center, Seidman Cancer Center, Case Comprehensive Cancer Center</name>
      <address>
        <city>Cleveland</city>
        <state>Ohio</state>
        <zip>44106</zip>
        <country>United States</country>
      </address>
    </facility>
    <status>Recruiting</status>
    <contact>
      <last_name>Susan Mazanec, v</last_name>
      <phone>216-368-5533</phone>
      <email>susan.mazanec@case.edu</email>
    </contact>
  </location>
  <location_countries>
    <country>United States</country>
  </location_countries>
  <verification_date>July 2020</verification_date>
  <study_first_submitted>August 7, 2019</study_first_submitted>
  <study_first_submitted_qc>August 12, 2019</study_first_submitted_qc>
  <study_first_posted type="Actual">August 14, 2019</study_first_posted>
  <last_update_submitted>July 17, 2020</last_update_submitted>
  <last_update_submitted_qc>July 17, 2020</last_update_submitted_qc>
  <last_update_posted type="Actual">July 21, 2020</last_update_posted>
  <responsible_party>
    <responsible_party_type>Sponsor</responsible_party_type>
  </responsible_party>
  <!-- Results have not yet been posted for this study                                          -->
</clinical_study>

