<?xml version="1.0" encoding="UTF-8"?>
<clinical_study rank="410">
  <!-- This xml conforms to an XML Schema at:
    https://clinicaltrials.gov/ct2/html/images/info/public.xsd -->
  <required_header>
    <download_date>ClinicalTrials.gov processed this data on February 08, 2021</download_date>
    <link_text>Link to the current ClinicalTrials.gov record.</link_text>
    <url>https://clinicaltrials.gov/show/NCT04334876</url>
  </required_header>
  <id_info>
    <org_study_id>2003973826</org_study_id>
    <nct_id>NCT04334876</nct_id>
  </id_info>
  <brief_title>Rapid SARS-CoV-2 IgG Antibody Testing in High Risk Healthcare Workers</brief_title>
  <acronym>COVID-Antibody</acronym>
  <official_title>Rapid SARS-CoV-2 IgG Antibody Testing in High Risk Healthcare Workers and Candidacy for Convalescent Plasma Therapy/Prophylaxis</official_title>
  <sponsors>
    <lead_sponsor>
      <agency>Indiana University</agency>
      <agency_class>Other</agency_class>
    </lead_sponsor>
  </sponsors>
  <source>Indiana University</source>
  <oversight_info>
    <has_dmc>Yes</has_dmc>
    <is_fda_regulated_drug>No</is_fda_regulated_drug>
    <is_fda_regulated_device>No</is_fda_regulated_device>
  </oversight_info>
  <brief_summary>
    <textblock>
      The purpose of this study is to validate the use of a rapid, at home, point-of-care (POC)&#xD;
      SARS-CoV-2 IgG antibody test in high risk healthcare workers. Additionally, we would like to&#xD;
      evaluate the incidence of seroconversion in this high-risk population and to identify&#xD;
      possible candidates for convalescent plasma donation for therapy/prophylaxis.&#xD;
    </textblock>
  </brief_summary>
  <detailed_description>
    <textblock>
      The success of Singapore, Taiwan and Hong Kong in limiting the impact of the sudden acute&#xD;
      respiratory syndrome coronavirus-2 (SARS-CoV-2), also know as COVID-19, has been attributed&#xD;
      to their preparedness but mostly to the implementation and distribution of SARS-CoV-2 fast&#xD;
      diagnostic tests and establishment of decentralized point-of-care (POC) testing&#xD;
      (https://www.nature.com/articles/d41587-020-00010-2). So far, the frontline response to the&#xD;
      SARS-CoV-2 outbreak has been polymerase chain reaction (PCR) testing. PCR is the gold&#xD;
      standard for diagnosing an infectious agent, and it has the advantage that the primers needed&#xD;
      for such tests can be produced with relative speed as soon as the viral sequence is known.&#xD;
&#xD;
      The first quantitative reverse-transcriptase-based PCR (RT-PCR) tests for detecting SARS-CoV2&#xD;
      were designed and distributed in January by the World Health Organization (WHO), soon after&#xD;
      the virus was identified. The test protocol is complex and expensive, however, and is mainly&#xD;
      suited to large, centralized diagnostic laboratories. Tests typically take 4-6 hours to&#xD;
      complete, but the logistical requirement to ship clinical samples means the turnaround time&#xD;
      is 24 hours at best. A new fast PCR test (45 min) from Cepheid has been approved by the U.S.&#xD;
      Food and Drug Administration on March 21st with availability at the end of the month. Rapid&#xD;
      POC tests are also needed to accelerate clinical decision-making and to take some of the&#xD;
      workload off centralized test laboratories. Most importantly, the current state of the matter&#xD;
      in Indiana University Health system, as well as many around the country is that healthcare&#xD;
      workers including from the ER and ICU are currently unable to receive adequate testing&#xD;
      through existing facilities. Worst, their access to appropriate personal protective equipment&#xD;
      (PPE) has been limited, increasing their exposure risk and causing a significant amount of&#xD;
      stress and anxiety for front-line healthcare providers across the country.&#xD;
&#xD;
      Back to the Singapore experience, they have used immunoassays that can provide historic&#xD;
      information about viral exposure, as well as diagnostic evidence. They exploited&#xD;
      antibody-antigen recognition, either by using monoclonal antibodies (mAbs) to detect viral&#xD;
      antigens in clinical samples or by using cloned viral antigens to detect patient antibodies&#xD;
      directed against the virus. The lateral flow assay format - essentially a dipstick encased in&#xD;
      a cassette - contains the capture reagents (either an mAb directed at a viral antigen or a&#xD;
      viral antigen that is recognized by patients' antibodies) immobilized at defined locations on&#xD;
      a nitrocellulose membrane, as well as labelled detector mAbs that recognize the same target.&#xD;
      A positive result, which is triggered by binding between the analyte and capture mAb and&#xD;
      binding by the detector mAb, is visible as a colored line. Two drops of blood from a pinprick&#xD;
      is enough to detect a virus. They're essentially the same as home pregnancy kits. Several of&#xD;
      these assays are available in Asia, and most European Countries have been using them too. In&#xD;
      US, RayBiotech has developed such a similar test using knowledge from the Asian tests&#xD;
      (https://www.raybiotech.com/covid-19-igm-igg-rapid-test-kit/). This product is CE marked and&#xD;
      certified for diagnostic use in the EU. The application for FDA Emergency Use Authorizations&#xD;
      of tests was submitted on March 16th, 2020. At the moment, the FDA has only approved PCR&#xD;
      testing. No lateral flow tests have been approved as of March 23rd, 2020. However, this&#xD;
      lateral flow test can be used legally in the US, for in vitro diagnostic use, as a POC test&#xD;
      when administered by a licensed medical practitioner. These kits were developed in-house by&#xD;
      Ray Biotech and validated using samples taken in hospital from patients showing clinical&#xD;
      symptoms in Guangzhou China (all confirmed via PCR). Current stocks of 10,000 kits are being&#xD;
      replenished daily at RayBiotech, with efforts to increase production ten-fold within the next&#xD;
      week. The CE certificate can be found here:&#xD;
      https://www.raybiotech.com/files/images/CG-COV_CE-Certificates.jpg.&#xD;
&#xD;
      Based on the Singapore, Taiwan, Hong Kong positive experience, and to curb the fast spread of&#xD;
      the virus in the US, we propose to use the POC SARS-CoV-2 IgG Antibody in high risk&#xD;
      healthcare workers with or without symptoms, previously quarantine or not. Indeed, we&#xD;
      hypothesize that the incidence of seroconversion among ER and ICU healthcare workers is high&#xD;
      and higher than current models predict and that several cases are asymptomatic or with mild&#xD;
      symptoms.&#xD;
&#xD;
      There are two additional benefits of testing seroconversion.&#xD;
&#xD;
        1. Although there are no official reports, we clearly hear and see selfies of anxiety,&#xD;
           stress and exhaustion from our colleagues at the front line. Thus for the healthcare&#xD;
           workers knowing that they have seroconverted, will help them be more confident that they&#xD;
           are now protected and can work in safer conditions as it has recently been shown that&#xD;
           reinfection could not occur in SARS-CoV-2 infected rhesus macaques&#xD;
           https://www.biorxiv.org/content/10.1101/2020.03.13.990226v1.&#xD;
&#xD;
        2. The healthcare workers represent an ideal pool of donors for convalescent plasma due to&#xD;
           their commitment and the fact that they have usually been tested to give blood or are&#xD;
           currently blood donors. The FDA just approved a master protocol for collection and&#xD;
           administration of convalescent plasma:&#xD;
           https://www.fda.gov/vaccines-blood-biologics/investigational-new-drug-ind-or-device-exem&#xD;
           ption-ide-process-cber/investigational-covid-19-convalescent-plasma-emergency-inds&#xD;
&#xD;
      In sum, &quot;you cannot fight a fire blindfolded, and we cannot stop this pandemic if we don't&#xD;
      know who is infected.&quot; (World Health Organization Director-General, 16 March 2020).&#xD;
&#xD;
      If successful and validated, we will hope to rapidly scale it up to propose the rapid&#xD;
      SARS-CoV-2 IgG Antibody testing to the general population as has been done in countries that&#xD;
      have had almost no death due to COVID-19.&#xD;
    </textblock>
  </detailed_description>
  <overall_status>Not yet recruiting</overall_status>
  <start_date type="Anticipated">April 1, 2020</start_date>
  <completion_date type="Anticipated">January 1, 2021</completion_date>
  <primary_completion_date type="Anticipated">November 1, 2020</primary_completion_date>
  <study_type>Observational</study_type>
  <has_expanded_access>No</has_expanded_access>
  <study_design_info>
    <observational_model>Ecologic or Community</observational_model>
    <time_perspective>Prospective</time_perspective>
  </study_design_info>
  <primary_outcome>
    <measure>Validation of SARS-CoV-2 IgG Antibody Test</measure>
    <time_frame>April 2020-January 2021</time_frame>
    <description>To validate the use of a rapid, at home, point-of-care (POC) SARS-CoV-2 IgG antibody test in high risk healthcare workers</description>
  </primary_outcome>
  <secondary_outcome>
    <measure>Incidence of Seroconversion</measure>
    <time_frame>April 2020-January 2021</time_frame>
    <description>To evaluate the incidence of seroconversion in this high-risk population</description>
  </secondary_outcome>
  <secondary_outcome>
    <measure>Identify Candidacy</measure>
    <time_frame>April 2020-January 2021</time_frame>
    <description>To identify possible candidates for convalescent plasma donation for therapy/prophylaxis (https://www.fda.gov/vaccines-blood-biologics/investigational-new-drug-ind-or-device-exemption-ide-process-cber/investigational-covid-19-convalescent-plasma-emergency-inds)</description>
  </secondary_outcome>
  <number_of_groups>1</number_of_groups>
  <enrollment type="Anticipated">340</enrollment>
  <condition>SARS-CoV-2</condition>
  <arm_group>
    <arm_group_label>High Risk Healthcare Workers</arm_group_label>
    <description>At home, finger prick, antibody test.</description>
  </arm_group>
  <intervention>
    <intervention_type>Diagnostic Test</intervention_type>
    <intervention_name>SARS-CoV-2 IgG Antibody Testing Kit</intervention_name>
    <description>A, finger prick, at home test for SARS-CoV-2 IgG Antibodies.</description>
    <arm_group_label>High Risk Healthcare Workers</arm_group_label>
    <other_name>Ray Biotech</other_name>
  </intervention>
  <eligibility>
    <study_pop>
      <textblock>
        High risk healthcare workers&#xD;
      </textblock>
    </study_pop>
    <sampling_method>Probability Sample</sampling_method>
    <criteria>
      <textblock>
        Inclusion Criteria:&#xD;
&#xD;
          1. High risk healthcare workers, prioritizing those who are exposed to aerosol generating&#xD;
             procedures (physicians and respiratory therapist) working in the emergency room or&#xD;
             intensive care units at Indiana University Health or IU school of Medicine affiliated&#xD;
             facilities. A second tier of prioritization, to be approached if testing capacity&#xD;
             remains after the initial testing phase, will be nurses working these same areas&#xD;
&#xD;
          2. Health care workers who are currently out sick or quarantined due to possible/known&#xD;
             exposure to COVID-19 and whose physician confirms that a negative test would allow&#xD;
             their return to work are also eligible for testing (Subjects in this group may begin&#xD;
             study procedures and be registered once they reach the end of their quarantine period)&#xD;
&#xD;
        Exclusion Criteria:&#xD;
&#xD;
        1. Previously tested for COVID-19&#xD;
      </textblock>
    </criteria>
    <gender>All</gender>
    <minimum_age>18 Years</minimum_age>
    <maximum_age>N/A</maximum_age>
  </eligibility>
  <overall_official>
    <last_name>Courtney Rowan, MD</last_name>
    <role>Principal Investigator</role>
    <affiliation>Indiana University</affiliation>
  </overall_official>
  <overall_contact>
    <last_name>Courtney Rowan, MD</last_name>
    <phone>3179441363</phone>
    <email>coujohns@iu.edu</email>
  </overall_contact>
  <overall_contact_backup>
    <last_name>Kirsten Ramberg</last_name>
    <phone>3179482816</phone>
    <email>kramberg@iu.edu</email>
  </overall_contact_backup>
  <verification_date>April 2020</verification_date>
  <study_first_submitted>April 2, 2020</study_first_submitted>
  <study_first_submitted_qc>April 2, 2020</study_first_submitted_qc>
  <study_first_posted type="Actual">April 6, 2020</study_first_posted>
  <last_update_submitted>April 2, 2020</last_update_submitted>
  <last_update_submitted_qc>April 2, 2020</last_update_submitted_qc>
  <last_update_posted type="Actual">April 6, 2020</last_update_posted>
  <responsible_party>
    <responsible_party_type>Principal Investigator</responsible_party_type>
    <investigator_affiliation>Indiana University</investigator_affiliation>
    <investigator_full_name>Courtney Rowan</investigator_full_name>
    <investigator_title>MD</investigator_title>
  </responsible_party>
  <intervention_browse>
    <!-- CAUTION:  The following MeSH terms are assigned with an imperfect algorithm            -->
    <mesh_term>Antibodies</mesh_term>
  </intervention_browse>
  <patient_data>
    <sharing_ipd>No</sharing_ipd>
  </patient_data>
  <!-- Results have not yet been posted for this study                                          -->
</clinical_study>

