<?xml version="1.0" encoding="UTF-8"?>
<clinical_study rank="5003">
  <!-- This xml conforms to an XML Schema at:
    https://clinicaltrials.gov/ct2/html/images/info/public.xsd -->
  <required_header>
    <download_date>ClinicalTrials.gov processed this data on February 08, 2021</download_date>
    <link_text>Link to the current ClinicalTrials.gov record.</link_text>
    <url>https://clinicaltrials.gov/show/NCT03873467</url>
  </required_header>
  <id_info>
    <org_study_id>BSWRI 018-714</org_study_id>
    <nct_id>NCT03873467</nct_id>
  </id_info>
  <brief_title>Group Lifestyle Balance™ for Individuals With Stroke (GLB-CVA)</brief_title>
  <acronym>GLB-CVA</acronym>
  <official_title>Efficacy of an Evidence-based Healthy Lifestyle Intervention for People Following CVA</official_title>
  <sponsors>
    <lead_sponsor>
      <agency>Baylor Research Institute</agency>
      <agency_class>Other</agency_class>
    </lead_sponsor>
    <collaborator>
      <agency>National Institute on Disability, Independent Living, and Rehabilitation Research</agency>
      <agency_class>U.S. Fed</agency_class>
    </collaborator>
  </sponsors>
  <source>Baylor Research Institute</source>
  <oversight_info>
    <has_dmc>No</has_dmc>
    <is_fda_regulated_drug>No</is_fda_regulated_drug>
    <is_fda_regulated_device>No</is_fda_regulated_device>
  </oversight_info>
  <brief_summary>
    <textblock>
      The purpose of this RCT is to examine the efficacy of the Group Lifestyle Balance (GLB)&#xD;
      program adapted for people with stroke (CVA) on primary (weight) and secondary outcomes at 3,&#xD;
      6, 12 months from enrollment into the program.&#xD;
    </textblock>
  </brief_summary>
  <detailed_description>
    <textblock>
      Weight gain greatly increases the risk of chronic diseases after stroke such as diabetes,&#xD;
      metabolic syndrome, pulmonary and heart disease. Approaches to weight-loss are lacking, yet&#xD;
      necessary, due to the unique physiological and cognitive needs of persons with CVA. There is&#xD;
      evidence that interventions that improve physical activity and healthy eating behaviors&#xD;
      concurrently offer greatest potential for weight-loss. The Group Lifestyle Balance (GLB)&#xD;
      intervention is a 12-month, evidence-based weight-loss program that has been used extensively&#xD;
      with the general population, but not with people after CVA. Investigators modified the&#xD;
      program to meet the needs of people post stroke (GLB-CVA).&#xD;
&#xD;
      Study Aims:&#xD;
&#xD;
      The study consists of five specific aims.&#xD;
&#xD;
      Specific Aim 1: To create an appropriate adaptation of the DPP-GLB program that meets the&#xD;
      unique needs of people post CVA (GLB-CVA) using a Community-Based Participatory Research&#xD;
      approach and Advisory Board of key stakeholders (patients, caregivers, clinicians,&#xD;
      researchers).&#xD;
&#xD;
      Specific Aim 2: To establish the feasibility of delivering the GLB-CVA intervention.&#xD;
&#xD;
      Specific Aim 3: Conduct a randomized controlled trial (RCT) to examine the effectiveness of&#xD;
      the GLB-CVA on primary and secondary outcomes in the intervention group compared to the&#xD;
      wait-list control group at 3, 6, and 12 months from baseline.&#xD;
&#xD;
      Specific Aim 4: Describe the effect of the GLB-CVA on metabolic biomarkers in the&#xD;
      experimental group compared to the wait-list control group at baseline, 3, and 6 months.&#xD;
&#xD;
      Specific Aim 5: Describe the association between biomarkers of neurodegeneration and&#xD;
      physiologic, functional, and patient reported outcomes at baseline, 3, and 6 months.&#xD;
    </textblock>
  </detailed_description>
  <overall_status>Active, not recruiting</overall_status>
  <start_date type="Actual">July 8, 2019</start_date>
  <completion_date type="Anticipated">September 30, 2021</completion_date>
  <primary_completion_date type="Anticipated">June 30, 2021</primary_completion_date>
  <phase>N/A</phase>
  <study_type>Interventional</study_type>
  <has_expanded_access>No</has_expanded_access>
  <study_design_info>
    <allocation>Randomized</allocation>
    <intervention_model>Parallel Assignment</intervention_model>
    <intervention_model_description>Randomized Controlled Trial (RCT). Participants will be randomized into one of two groups: (1) the GLB Intervention Group and (2) the wait-list controlled group.</intervention_model_description>
    <primary_purpose>Other</primary_purpose>
    <masking>Single (Outcomes Assessor)</masking>
    <masking_description>Outcomes Assessor will be masked to group allocation.</masking_description>
  </study_design_info>
  <primary_outcome>
    <measure>Change in weight</measure>
    <time_frame>Baseline, 3, 6, 12 months</time_frame>
    <description>Will be obtained using the same scale over the study period that is accessible to people with and without a mobility device (e.g., walker; wheelchair).</description>
  </primary_outcome>
  <secondary_outcome>
    <measure>Physical Activity</measure>
    <time_frame>Baseline, 3, 6, 12 months</time_frame>
    <description>Accelerometers will be worn by participants for two weeks around each study visit to objectively track physical activity participation (amount and intensity). Participants will be given the Actigraph accelerometer at the beginning of the study and will be provided with verbal and written instructions.</description>
  </secondary_outcome>
  <secondary_outcome>
    <measure>Arm Circumference</measure>
    <time_frame>Baseline, 3, 6, 12 months</time_frame>
    <description>Arm circumference measured at mid-upper arm following ACSM guidelines. A total of three measurements will be taken and an average of the three will be used. Measurements will be taken in centimeters.</description>
  </secondary_outcome>
  <secondary_outcome>
    <measure>Blood Pressure</measure>
    <time_frame>Baseline, 3, 6, 12 months</time_frame>
    <description>Using an automatic cuff (average of three readings, patient seated) diastolic and systolic scores will be recorded</description>
  </secondary_outcome>
  <secondary_outcome>
    <measure>Cholesterol</measure>
    <time_frame>Baseline, 3, 6, 12 months</time_frame>
    <description>Fasting venous sample will be obtained. Coordinators are trained phlebotomists.</description>
  </secondary_outcome>
  <secondary_outcome>
    <measure>Risk of Diabetes</measure>
    <time_frame>Baseline, 3, 6, 12 months</time_frame>
    <description>The Framingham Heart Study diabetes risk score will be calculated using predictors including age, gender, fasting glucose, BMI, HDL cholesterol and triglyceride levels, blood pressure, and parental history. Risk score calculator and regression model are free and used in GLB weight-loss trials. Risk score calculator and regression model are free and used in GLB weight-loss studies. Each risk predictor is assigned points ranging from 2-10. Risk factors are combined and a total score is calculated, with higher scores designating greater 8-year risk.The age range for this score is 45 years to 64 years, and therefore only individuals within this age will have calculated scores. Furthermore, the minimum cut-off score is 3.</description>
  </secondary_outcome>
  <secondary_outcome>
    <measure>10 Meter Walk Test (10MWT)</measure>
    <time_frame>Baseline, 3, 6, 12 months</time_frame>
    <description>Assesses walking speed in (m/s) which is correlated to mobility in the community, capacity to perform ADLs, risk of falls, re-hospitalization, and risk of cognitive decline.</description>
  </secondary_outcome>
  <secondary_outcome>
    <measure>6 Minute Walk Test (6MWT)</measure>
    <time_frame>Baseline, 3, 6, 12 months</time_frame>
    <description>Assesses distance walked over 6 minutes as a sub-maximal test of aerobic capacity. Endurance is essential to participate in community-based activities.</description>
  </secondary_outcome>
  <secondary_outcome>
    <measure>Perceived Social Support</measure>
    <time_frame>Baseline and 12 months</time_frame>
    <description>The Multidimensional Scale of Perceived Social Support (MSPSS) is comprised of 12 questions with a 4-item subscale. The MSPSS is designed to assess perception of social support from friends, family, and significant others</description>
  </secondary_outcome>
  <secondary_outcome>
    <measure>Self-reported activities of health using the Self-Rated Abilities for Health Practice scale</measure>
    <time_frame>Baseline and 12 months</time_frame>
    <description>Measure includes 28 items that assess health practices among people with disabilities and yields a total Health Practices score plus 4 subscales scores regarding Exercise, Nutrition, Health Practices, and Psychological Well Being. Items are rated on a 5-point scale from 0 'not at all' to 4 'completely.' Scores range from 0-28 with higher scores indicating higher exercise self-efficacy.</description>
  </secondary_outcome>
  <secondary_outcome>
    <measure>Neighborhood walkability using Walk Score®</measure>
    <time_frame>Baseline</time_frame>
    <description>Walk Score® is publicly available and measures the walkability of any address using a patented system. For each address, Walk Score ® analyzes hundreds of walking routes to nearby amenities and awards points based on distance to each amenity. Walk Score® also measures pedestrian friendliness by analyzing population density and road metrics such a block length and intersection density. Scores are given on a scale of 0 to 100.</description>
  </secondary_outcome>
  <secondary_outcome>
    <measure>Resting Metabolic Rate</measure>
    <time_frame>Baseline</time_frame>
    <description>MedGem® is an FDA cleared and validated indirect calorimetry device. It is handheld and measures oxygen consumption (V02) to determine resting metabolic rate (RMR).</description>
  </secondary_outcome>
  <secondary_outcome>
    <measure>Behavioral Risk Factor Surveillance</measure>
    <time_frame>Baseline, 3, 6, 12 months</time_frame>
    <description>The BRFSS is a state-based system of health surveys that collects information on health risk behaviors, preventative health practices, and health care access primarily related to chronic disease and injury. The GLB-TBI uses the two subscales of Healthy Eating and Physical Activity from the 2017 version of the BRFSS. It consists of 14 items.</description>
  </secondary_outcome>
  <secondary_outcome>
    <measure>Participant quality of ife</measure>
    <time_frame>Baseline, 6, 12 months</time_frame>
    <description>Quality of life will be assess using the stroke impact scale (SIS), which assesses 8 dimensions of health-related QOL specific to people post CVA including subscales (using a 5pt Likert scale) assessing strength, memory and thinking, emotion, communication, activities of daily living, mobility, hand function, and participation/role function</description>
  </secondary_outcome>
  <secondary_outcome>
    <measure>Stressful Life Events using the Holmes and Rahe Stress Inventory</measure>
    <time_frame>Baseline and 12 months</time_frame>
    <description>This inventory consists of 40 life events and asks the participant to recall if any of the events happened within the previous year (e.g., death of spouse; personal illness; change in sleep). Endorsement of these events are totaled and higher scores indicate a greater amount of stressful life events. Point values for the Holmes and Rahe Stress Inventory were weighted and summed for each individual based on scoring instructions. Individuals who scored 150 points or less were categorized as low susceptibility to a health breakdown in the next two years, 151-300 points were 50% chance of health breakdown, and 301 points or more were 80% chance of health breakdown.</description>
  </secondary_outcome>
  <secondary_outcome>
    <measure>Executive Function and Cognition using the Montreal Cognitive Assessment</measure>
    <time_frame>Baseline, 3, and 12 months</time_frame>
    <description>The MOCA is a brief, 8-section assessment of various cognitive domains including executive function, memory, language, attention, concentration, orientation, and working memory in neurologic populations.Each item on the MOCA is allocated a set of points adding up to 30.</description>
  </secondary_outcome>
  <secondary_outcome>
    <measure>Habit Formation</measure>
    <time_frame>Baseline, 3, and 12 months</time_frame>
    <description>The self-reported habit index (SRHI) measures the self-reported perceptions of habit strength for an identified behavior. It consists of 12 items for each selected behavior and uses a 7-point Likert scale from &quot;completely disagree&quot; to &quot;completely agree.&quot; Higher totals represent greater perception of habit strength. The SRHI showed high reliability across four studies with alphas of .89, .92, .89, .94, .95, .94, and .85.</description>
  </secondary_outcome>
  <secondary_outcome>
    <measure>Stroke Severity</measure>
    <time_frame>Baseline</time_frame>
    <description>The Modified Rankin Scale (MRS) measures the degree of disability or dependence for daily activities of people who have had a stroke. The MRS is an ordinal scale with six categories ranging from zero (no symptoms) to five (complete physical dependence). A score of six signifies death.</description>
  </secondary_outcome>
  <secondary_outcome>
    <measure>Pain Interference</measure>
    <time_frame>Baseline, 3, 6, and 12 months</time_frame>
    <description>The Pain Interference-Short Form is taken from the Patient-Reported Outcomes Measurement Information System (PROMIS). This measure is used to assess adult self-reported consequences of pain and pain consequences (e.g. interference in social, cognitive, emotional, physical and recreational activities). This measure consists of four questions with five response option ranging from one to five. The sum of all responses creates a total raw score. This measure is normed to the US general population.</description>
  </secondary_outcome>
  <secondary_outcome>
    <measure>Sleep Disturbance</measure>
    <time_frame>Baseline, 3, 6, 12 months</time_frame>
    <description>The Sleep Disturbance-Short Form 4a is taken from the Patient-Reported Outcomes Measurement Information System (PROMIS) and used to assess adult sleep disturbance profiles. This measure has four questions, each with five response options ranging in value from one to five. The sum of each response creates a total raw score. The measure is normed to the US general population.</description>
  </secondary_outcome>
  <secondary_outcome>
    <measure>Waist Circumference</measure>
    <time_frame>Baseline, 3, 6, and 12 months</time_frame>
    <description>Waist circumference will be measured at the umbilicus following ACSM guidelines. A total of three measurements will be taken and an average of the three will be the final measurement used. Measurements will be scored in centimeters.</description>
  </secondary_outcome>
  <secondary_outcome>
    <measure>HbA1c</measure>
    <time_frame>Baseline, 3, 6, and 12 months</time_frame>
    <description>Fasting venous sample will be obtained for hemoglobin a1c to assess average blood sugar level over the past 2-3 months. Coordinators are trained phlebotomists.</description>
  </secondary_outcome>
  <secondary_outcome>
    <measure>Triglycerides</measure>
    <time_frame>Baseline, 3, 6, 12 months</time_frame>
    <description>Fasting venous sample will be obtained. Coordinators are trained phlebotomists.</description>
  </secondary_outcome>
  <secondary_outcome>
    <measure>Blood Glucose</measure>
    <time_frame>Baseline, 3, 6, 12 months</time_frame>
    <description>Fasting venous sample will be obtained. Coordinators are trained phlebotomists.</description>
  </secondary_outcome>
  <secondary_outcome>
    <measure>Biomarker Analysis</measure>
    <time_frame>Baseline, 3, and 6 months</time_frame>
    <description>Isrin, Angiogenic factors (VEGF), Total Homocysteine, Lipoprotein-associated phospholipase A2 (Lp-PLA2), ICF-1, Brain derived neurotrophic factor (BDNF), and Tau proteins (total and phosphorylated) will be drawn to assess relationships with outcome variables.</description>
  </secondary_outcome>
  <secondary_outcome>
    <measure>Stages of Change</measure>
    <time_frame>Baseline, 3, 6, and 12 months</time_frame>
    <description>A modified version of Prochaska and DiClemente's Stages of Change model will be administered to measure readiness for behavior change. The measure consists of two behaviors (eating and exercise) with five questions each related to a stage of change (precontemplation, contemplation, preparation, action, maintenance).</description>
  </secondary_outcome>
  <secondary_outcome>
    <measure>Metabolic Score Calculator (MetS)</measure>
    <time_frame>Baseline, 3, 6, and 12 months</time_frame>
    <description>The metabolic score calculator will be used at all time points to determine the risk for metabolic syndrome. The following variables will be used to determine metabolic risk using the free metabolic risk calculator: gender, race and ethnicity, systolic blood pressure, fasting glucose, triglycerides, high-density lipoprotein (HDL), weight, height, and waist circumference. Scores are calculated are standardized to the general population.</description>
  </secondary_outcome>
  <secondary_outcome>
    <measure>CRISIS (CoRonavIruS Health Impact Survey) V0.3 Adult Baseline Form</measure>
    <time_frame>Up to 12 months</time_frame>
    <description>This self-report survey was developed by the National Institute of Mental Health. The full survey consists of 64 questions with an open-ended section at the end to elicit concerns and feedback related to the effects of COVID-19. For this current study, however, only sections on Exposure Status (10 items), Life Changes (15 items), and Emotions/Worries (7 items), and the open-ended question will be asked. Questions are asked &quot;over the past two weeks.&quot;</description>
  </secondary_outcome>
  <secondary_outcome>
    <measure>PROMIS Social Isolation Short Form 4a</measure>
    <time_frame>Up to 12 months</time_frame>
    <description>The Social Isolation Short-Form 4a is taken from the Patient-Reported Outcomes Measurement Information System (PROMIS). This form assesses the perceptions of being &quot;avoided, excluded, detached, disconnected from, or unknown by, others. There is no timeframe for the form. The measure is normed to the US population.</description>
  </secondary_outcome>
  <secondary_outcome>
    <measure>Media Questionnaire</measure>
    <time_frame>Up to 12 months</time_frame>
    <description>To assess media exposure and fear of media exposure during COVID-19 we have added 6 questions. These are asked &quot;over the past two weeks.&quot; These questions address time spent watching the television, listening to radio, reading the newspaper, and searching the internet and social media. In addition, a 6th question related to fear is asked using a 5-point Likert scale.</description>
  </secondary_outcome>
  <number_of_arms>2</number_of_arms>
  <enrollment type="Actual">65</enrollment>
  <condition>Stroke</condition>
  <arm_group>
    <arm_group_label>GLB Weight-Loss Intervention</arm_group_label>
    <arm_group_type>Experimental</arm_group_type>
    <description>The GLB program, adapted for individuals with stroke, will be delivered to participants over a 12-month period, divided into 22 in-person or virtual, group sessions. The intervention promotes 5-7% weight-loss by reducing calories and increasing exercise (150 minutes of moderate physical activity per week).</description>
  </arm_group>
  <arm_group>
    <arm_group_label>Wait-List Control</arm_group_label>
    <arm_group_type>Other</arm_group_type>
    <description>The wait-list control group will receive no intervention for 6 months after enrollment. After the 6 month control period, the wait-list control group will receive the GLB Intervention.</description>
  </arm_group>
  <intervention>
    <intervention_type>Behavioral</intervention_type>
    <intervention_name>Group Lifestyle Balance</intervention_name>
    <description>The Group Lifestyle Balance (GLB) program is a self-management intervention that has been shown to result in weight-loss and reduce the risk for Type 2 diabetes through increased physical activity and healthy eating behaviors in the general population. The GLB is a direct adaptation of the Diabetes Prevention Program, both developed at the Diabetes Prevention and Support Center at the University of Pittsburgh. The GLB is designed for delivery in a group-based, community setting, and has resulted in weight-loss in a variety of settings, such as community centers, churches, worksites, and healthcare systems. The GLB curriculum used in this study has been adapted for people with stroke.</description>
    <arm_group_label>GLB Weight-Loss Intervention</arm_group_label>
  </intervention>
  <intervention>
    <intervention_type>Other</intervention_type>
    <intervention_name>Usual Care</intervention_name>
    <description>Participants randomized to the wait-list control group will receive usual care for 6 months before beginning the modified GLB program.</description>
    <arm_group_label>Wait-List Control</arm_group_label>
  </intervention>
  <eligibility>
    <criteria>
      <textblock>
        Inclusion Criteria:&#xD;
&#xD;
          -  18 to 85 years of age&#xD;
&#xD;
          -  BMI ≥25&#xD;
&#xD;
          -  All types of stroke&#xD;
&#xD;
          -  At least 12 months post first stroke&#xD;
&#xD;
          -  Physician approval&#xD;
&#xD;
        Exclusion Criteria:&#xD;
&#xD;
          -  Low cognition&#xD;
&#xD;
          -  Not fluent in the English language&#xD;
&#xD;
          -  Conditions for which physical activity is contraindicated&#xD;
&#xD;
          -  Taking medication for type 2 diabetes&#xD;
&#xD;
          -  Residing in a hospital, acute rehabilitation setting, or skilled nursing facility&#xD;
&#xD;
          -  Pregnancy&#xD;
&#xD;
          -  Pre-existing diagnosis of an eating disorder&#xD;
      </textblock>
    </criteria>
    <gender>All</gender>
    <minimum_age>18 Years</minimum_age>
    <maximum_age>85 Years</maximum_age>
    <healthy_volunteers>No</healthy_volunteers>
  </eligibility>
  <overall_official>
    <last_name>Simon J Driver, PhD</last_name>
    <role>Principal Investigator</role>
    <affiliation>Baylor Scott &amp; White Institute for Rehabilitation (BSWIR)</affiliation>
  </overall_official>
  <location>
    <facility>
      <name>Baylor Scott &amp; White Institute for Rehabilitation</name>
      <address>
        <city>Dallas</city>
        <state>Texas</state>
        <zip>75246</zip>
        <country>United States</country>
      </address>
    </facility>
  </location>
  <location_countries>
    <country>United States</country>
  </location_countries>
  <reference>
    <citation>Driver S, McShan E, Swank C, Grobe K, Calhoun S, Bailey R, Kramer K. Creating an appropriate adaptation of a healthy lifestyle intervention for people after stroke. Brain Inj. 2020 Sep 18;34(11):1497-1503. doi: 10.1080/02699052.2020.1808703. Epub 2020 Aug 19.</citation>
    <PMID>32813569</PMID>
  </reference>
  <reference>
    <citation>Driver S, Swank C, Froehlich-Grobe K, McShan E, Calhoun S, Bennett M. Weight Loss After Stroke Through an Intensive Lifestyle Intervention (Group Lifestyle Balance-Cerebrovascular Accident): Protocol for a Randomized Controlled Trial. JMIR Res Protoc. 2019 Oct 18;8(10):e14338. doi: 10.2196/14338.</citation>
    <PMID>31628790</PMID>
  </reference>
  <verification_date>April 2020</verification_date>
  <study_first_submitted>March 7, 2019</study_first_submitted>
  <study_first_submitted_qc>March 12, 2019</study_first_submitted_qc>
  <study_first_posted type="Actual">March 13, 2019</study_first_posted>
  <last_update_submitted>September 22, 2020</last_update_submitted>
  <last_update_submitted_qc>September 22, 2020</last_update_submitted_qc>
  <last_update_posted type="Actual">September 23, 2020</last_update_posted>
  <responsible_party>
    <responsible_party_type>Sponsor</responsible_party_type>
  </responsible_party>
  <keyword>Group Lifestyle Balance</keyword>
  <keyword>Physical Activity</keyword>
  <keyword>Stroke</keyword>
  <keyword>Weight-loss</keyword>
  <keyword>Dietary Behaviors</keyword>
  <condition_browse>
    <!-- CAUTION:  The following MeSH terms are assigned with an imperfect algorithm            -->
    <mesh_term>Stroke</mesh_term>
  </condition_browse>
  <!-- Results have not yet been posted for this study                                          -->
</clinical_study>

