<?xml version="1.0" encoding="UTF-8"?>
<clinical_study rank="3963">
  <!-- This xml conforms to an XML Schema at:
    https://clinicaltrials.gov/ct2/html/images/info/public.xsd -->
  <required_header>
    <download_date>ClinicalTrials.gov processed this data on February 08, 2021</download_date>
    <link_text>Link to the current ClinicalTrials.gov record.</link_text>
    <url>https://clinicaltrials.gov/show/NCT04306393</url>
  </required_header>
  <id_info>
    <org_study_id>NO-SARS-COVID-19</org_study_id>
    <nct_id>NCT04306393</nct_id>
  </id_info>
  <brief_title>Nitric Oxide Gas Inhalation in Severe Acute Respiratory Syndrome in COVID-19</brief_title>
  <acronym>NOSARSCOVID</acronym>
  <official_title>Nitric Oxide Gas Inhalation Therapy for Mechanically Ventilated Patients With Severe Acute Respiratory Syndrome Caused by SARS-CoV2: a Randomized Clinical Trial.</official_title>
  <sponsors>
    <lead_sponsor>
      <agency>Massachusetts General Hospital</agency>
      <agency_class>Other</agency_class>
    </lead_sponsor>
    <collaborator>
      <agency>Xijing Hospital</agency>
      <agency_class>Other</agency_class>
    </collaborator>
    <collaborator>
      <agency>Fondazione IRCCS Ca' Granda, Ospedale Maggiore Policlinico</agency>
      <agency_class>Other</agency_class>
    </collaborator>
    <collaborator>
      <agency>Niguarda Hospital</agency>
      <agency_class>Other</agency_class>
    </collaborator>
  </sponsors>
  <source>Massachusetts General Hospital</source>
  <oversight_info>
    <has_dmc>Yes</has_dmc>
    <is_fda_regulated_drug>Yes</is_fda_regulated_drug>
    <is_fda_regulated_device>No</is_fda_regulated_device>
    <is_us_export>No</is_us_export>
  </oversight_info>
  <brief_summary>
    <textblock>
      Severe acute respiratory syndrome (SARS-CoV2) due to novel Coronavirus (2019-nCoV) related&#xD;
      infection (COVID-19) is characterized by severe ventilation perfusion mismatch leading to&#xD;
      refractory hypoxemia. To date, there is no specific treatment available for 2019-nCoV. Nitric&#xD;
      oxide is a selective pulmonary vasodilator gas used in as a rescue therapy in refractory&#xD;
      hypoxemia due to acute respiratory distress syndrome (ARDS). In-vitro and clinical evidence&#xD;
      indicate that inhaled nitric oxide gas (iNO) has also antiviral activity against other&#xD;
      strains of coronavirus. The primary aim of this study is to determine whether inhaled NO&#xD;
      improves oxygenation in patients with hypoxic SARS-CoV2. This is a multicenter single-blinded&#xD;
      randomized controlled trial with 1:1 individual allocation&#xD;
    </textblock>
  </brief_summary>
  <detailed_description>
    <textblock>
      Severe acute respiratory syndrome (SARS-CoV-2) due to novel Coronavirus (2019-nCoV) related&#xD;
      infection (COVID-19) is characterized by severe ventilation perfusion mismatch leading to&#xD;
      refractory hypoxemia. To date, there is no specific treatment available for 2019-nCoV. Nitric&#xD;
      oxide is a selective pulmonary vasodilator gas used as a rescue therapy in refractory&#xD;
      hypoxemia due to acute respiratory distress syndrome (ARDS). In has also shown in-vitro and&#xD;
      clinical evidence that inhaled nitric oxide gas (iNO) has antiviral activity against other&#xD;
      strains of coronavirus.&#xD;
&#xD;
      The primary aim of this study is to determine whether inhaled NO improves oxygenation in&#xD;
      patients with hypoxic SARS-CoV2.&#xD;
&#xD;
      This is a multicenter randomized controlled trial with 1:1 individual allocation. Patients&#xD;
      will be blinded to the treatment.&#xD;
&#xD;
      Intubated patients admitted to the intensive care unit with confirmed SARS-CoV-2 infection&#xD;
      and severe hypoxemia will be randomized to receive inhalation of NO (treatment group) or not&#xD;
      (control group). Treatment will be stopped when patients are free from hypoxemia for more&#xD;
      than 24 hours.&#xD;
    </textblock>
  </detailed_description>
  <overall_status>Recruiting</overall_status>
  <start_date type="Actual">March 21, 2020</start_date>
  <completion_date type="Anticipated">March 21, 2022</completion_date>
  <primary_completion_date type="Anticipated">March 21, 2021</primary_completion_date>
  <phase>Phase 2</phase>
  <study_type>Interventional</study_type>
  <has_expanded_access>No</has_expanded_access>
  <study_design_info>
    <allocation>Randomized</allocation>
    <intervention_model>Parallel Assignment</intervention_model>
    <primary_purpose>Treatment</primary_purpose>
    <masking>Single (Participant)</masking>
    <masking_description>The patient is blinded to the treatment.</masking_description>
  </study_design_info>
  <primary_outcome>
    <measure>Change of arterial oxygenation at 48 hours from enrollment</measure>
    <time_frame>48 hours</time_frame>
    <description>Difference within groups in terms of PaO2/FiO2 ratio. If a patient dies during the first 48 hours of treatment, the last available blood gas analysis will be used.</description>
  </primary_outcome>
  <secondary_outcome>
    <measure>Time to reach normoxemia during the first 28 days after enrollment</measure>
    <time_frame>28 days</time_frame>
    <description>Time to recover gas exchange to a PaO2/FiO2 =/&gt; 300 for at least 24 hours during the first 28 days after enrollment, within each group and comparison between groups. If the patient dies before day 28, the patient will be considered as &quot;never recovered&quot;.</description>
  </secondary_outcome>
  <secondary_outcome>
    <measure>Proportion of SARS-nCoV-2 free patients during the first 28 days after enrollment</measure>
    <time_frame>28 days</time_frame>
    <description>Daily proportion of patients with a PaO2/FiO2 ratio &gt; 300 for at least 24 hours within each group and comparison between groups. If a patient dies before day 28, the patient will be considered as &quot;never recovered&quot;.</description>
  </secondary_outcome>
  <secondary_outcome>
    <measure>Survival at 28 days from enrollment</measure>
    <time_frame>28 days</time_frame>
    <description>Proportion of patients surviving at 28 days within each group and comparison between groups.</description>
  </secondary_outcome>
  <secondary_outcome>
    <measure>Survival at 90 days from enrollment</measure>
    <time_frame>90 days</time_frame>
    <description>Proportion of patients surviving at 90 days within each group and comparison between groups.</description>
  </secondary_outcome>
  <other_outcome>
    <measure>Daily oxygenation in the two groups until day 28</measure>
    <time_frame>28 days</time_frame>
    <description>Expressed as PaO2/FiO2 ratio within each group and comparison between groups.</description>
  </other_outcome>
  <other_outcome>
    <measure>Need for new renal replacement therapy during the first 28 days</measure>
    <time_frame>28 days</time_frame>
    <description>Proportion of patients needing RRT within each group and comparison between groups.</description>
  </other_outcome>
  <other_outcome>
    <measure>Mechanical support of circulation during the first 28 days</measure>
    <time_frame>28 days</time_frame>
    <description>Proportion of patients needing (i.e., ECMO, intra-aortic balloon pump, VADs) within each group and comparison between groups.</description>
  </other_outcome>
  <other_outcome>
    <measure>Days free of vasopressors during the first 28 days</measure>
    <time_frame>28 days</time_frame>
    <description>Average days without need for vasopressors within each group and comparison between groups.</description>
  </other_outcome>
  <other_outcome>
    <measure>Ventilator-free day at 28 days</measure>
    <time_frame>28 days</time_frame>
    <description>Average days without need for mechanical ventilation within each group and comparison between groups.</description>
  </other_outcome>
  <other_outcome>
    <measure>Time to SARS-CoV-2 rt-PCR negative in upper respiratory tract specimen</measure>
    <time_frame>28 days</time_frame>
    <description>Time to obtain first negative upper respiratory trait sample in the 2019-nCoV rt-PCR assay. Average within groups and comparison between groups.</description>
  </other_outcome>
  <other_outcome>
    <measure>ICU-free days at 28 days</measure>
    <time_frame>28 days</time_frame>
    <description>Average days out of ICU within each group and comparison between groups.</description>
  </other_outcome>
  <other_outcome>
    <measure>ICU length of stay</measure>
    <time_frame>90 days</time_frame>
    <description>Average days of ICU admission within each group and comparison between groups.</description>
  </other_outcome>
  <number_of_arms>2</number_of_arms>
  <enrollment type="Anticipated">200</enrollment>
  <condition>SARS (Severe Acute Respiratory Syndrome)</condition>
  <condition>Coronavirus</condition>
  <arm_group>
    <arm_group_label>Treatment Group</arm_group_label>
    <arm_group_type>Experimental</arm_group_type>
    <description>Inhaled Nitric Oxide until PaO2/FiO2 &gt;/= 300 mmHg</description>
  </arm_group>
  <arm_group>
    <arm_group_label>Control Group</arm_group_label>
    <arm_group_type>No Intervention</arm_group_type>
  </arm_group>
  <intervention>
    <intervention_type>Drug</intervention_type>
    <intervention_name>Nitric Oxide Gas</intervention_name>
    <description>80 ppm of inhaled nitric oxide for 48 hours, followed by 40 ppm, followed by weaning before stop.&#xD;
Weaning criteria: maintenance of a PaO2/FiO2 ratio &gt;/= 300 for at least 24 hours consecutively.</description>
    <arm_group_label>Treatment Group</arm_group_label>
  </intervention>
  <eligibility>
    <criteria>
      <textblock>
        Inclusion criteria: (1) Adult patients, &gt;/= 18 year-old; (2) Patients admitted to the ICU;&#xD;
        (3) Patients who are intubated and mechanically ventilated; (4) Confirmed diagnosis of&#xD;
        SARS-CoV2 by positive rt-PCR.&#xD;
&#xD;
        Exclusion criteria: (1) Patients intubated for more than 72 hours from initiation of the&#xD;
        treatment gas; (2) Subjects enrolled in another interventional research study; (3)&#xD;
        Physician of record opposed to enrolling the patient due to perceived safety concerns; or&#xD;
        any condition that does not allow the protocol to be followed safely; (4) Subjects with&#xD;
        past medical history of lung malignancy or pneumonectomy or lung transplant; (5) Subjects&#xD;
        receiving a tidal volume &lt; 3 cc/kg of ideal body weight at the time of enrollment; (6)&#xD;
        Subjects with severe burns involving more than 40% of Total Body Surface Area; (7) Subjects&#xD;
        that have experienced cardiac arrest with CPR for longer than 30 minutes; (8) Subjects with&#xD;
        a presumed severe deficit in cerebral function with fixed dilated pupil; (9) Subjects&#xD;
        receiving renal replacement therapy at the time of enrollment; (10) Subjects who have an&#xD;
        impaired ability to ventilate without assistance; (11) Subjects who have a history of&#xD;
        malignancy or other irreversible disease/conditions with a 6-month mortality &gt; 50%; (12)&#xD;
        Subjects not fully committed to full support at the time of enrollment; (13) Subject&#xD;
        receiving inhaled nitric oxide gas prior to enrollment; (14) Subject's hospital admission&#xD;
        unrelated to COVID-19.&#xD;
      </textblock>
    </criteria>
    <gender>All</gender>
    <minimum_age>18 Years</minimum_age>
    <maximum_age>99 Years</maximum_age>
    <healthy_volunteers>No</healthy_volunteers>
  </eligibility>
  <overall_official>
    <last_name>Lorenzo Berra, MD</last_name>
    <role>Study Director</role>
    <affiliation>Massachusetts General Hospital</affiliation>
  </overall_official>
  <overall_contact>
    <last_name>Lorenzo Berra, MD</last_name>
    <phone>+16176437733</phone>
    <email>lberra@mgh.harvard.edu</email>
  </overall_contact>
  <overall_contact_backup>
    <last_name>Chong Lei, MD, PhD</last_name>
    <phone>+8618629011362</phone>
    <email>crystalleichong@126.com</email>
  </overall_contact_backup>
  <location>
    <facility>
      <name>University of Alabama</name>
      <address>
        <city>Birmingham</city>
        <state>Alabama</state>
        <zip>35294</zip>
        <country>United States</country>
      </address>
    </facility>
    <status>Recruiting</status>
  </location>
  <location>
    <facility>
      <name>Louisiana State University Health Shreveport</name>
      <address>
        <city>Shreveport</city>
        <state>Louisiana</state>
        <zip>71103</zip>
        <country>United States</country>
      </address>
    </facility>
    <status>Recruiting</status>
  </location>
  <location>
    <facility>
      <name>Massachusetts General Hospital</name>
      <address>
        <city>Boston</city>
        <state>Massachusetts</state>
        <zip>02114</zip>
        <country>United States</country>
      </address>
    </facility>
    <status>Recruiting</status>
    <contact>
      <last_name>Lorenzo Berra, MD</last_name>
    </contact>
  </location>
  <location>
    <facility>
      <name>Beth Israel Deaconess Medical Center</name>
      <address>
        <city>Boston</city>
        <state>Massachusetts</state>
        <zip>02215</zip>
        <country>United States</country>
      </address>
    </facility>
    <status>Recruiting</status>
  </location>
  <location_countries>
    <country>United States</country>
  </location_countries>
  <verification_date>July 2020</verification_date>
  <study_first_submitted>March 10, 2020</study_first_submitted>
  <study_first_submitted_qc>March 10, 2020</study_first_submitted_qc>
  <study_first_posted type="Actual">March 12, 2020</study_first_posted>
  <last_update_submitted>July 10, 2020</last_update_submitted>
  <last_update_submitted_qc>July 10, 2020</last_update_submitted_qc>
  <last_update_posted type="Actual">July 14, 2020</last_update_posted>
  <responsible_party>
    <responsible_party_type>Principal Investigator</responsible_party_type>
    <investigator_affiliation>Massachusetts General Hospital</investigator_affiliation>
    <investigator_full_name>Lorenzo Berra, MD</investigator_full_name>
    <investigator_title>Medical Doctor</investigator_title>
  </responsible_party>
  <condition_browse>
    <!-- CAUTION:  The following MeSH terms are assigned with an imperfect algorithm            -->
    <mesh_term>Coronavirus Infections</mesh_term>
    <mesh_term>Severe Acute Respiratory Syndrome</mesh_term>
    <mesh_term>Syndrome</mesh_term>
  </condition_browse>
  <intervention_browse>
    <!-- CAUTION:  The following MeSH terms are assigned with an imperfect algorithm            -->
    <mesh_term>Nitric Oxide</mesh_term>
  </intervention_browse>
  <patient_data>
    <sharing_ipd>No</sharing_ipd>
  </patient_data>
  <!-- Results have not yet been posted for this study                                          -->
</clinical_study>

