<?xml version="1.0" encoding="UTF-8"?>
<clinical_study rank="4900">
  <!-- This xml conforms to an XML Schema at:
    https://clinicaltrials.gov/ct2/html/images/info/public.xsd -->
  <required_header>
    <download_date>ClinicalTrials.gov processed this data on February 08, 2021</download_date>
    <link_text>Link to the current ClinicalTrials.gov record.</link_text>
    <url>https://clinicaltrials.gov/show/NCT01603316</url>
  </required_header>
  <id_info>
    <org_study_id>12-099</org_study_id>
    <nct_id>NCT01603316</nct_id>
  </id_info>
  <brief_title>Food: A Three-Arm Study Examining Food Insecurity Interventions</brief_title>
  <official_title>Food: A Three-Arm Randomized Controlled Study Examining Food Insecurity Interventions</official_title>
  <sponsors>
    <lead_sponsor>
      <agency>Memorial Sloan Kettering Cancer Center</agency>
      <agency_class>Other</agency_class>
    </lead_sponsor>
    <collaborator>
      <agency>Queens Cancer Center of Queens Hospital</agency>
      <agency_class>Other</agency_class>
    </collaborator>
    <collaborator>
      <agency>The Brooklyn Hospital Center</agency>
      <agency_class>Other</agency_class>
    </collaborator>
    <collaborator>
      <agency>Lincoln Medical and Mental Health Center</agency>
      <agency_class>Other</agency_class>
    </collaborator>
    <collaborator>
      <agency>Jacobi Medical Center</agency>
      <agency_class>Other</agency_class>
    </collaborator>
    <collaborator>
      <agency>St. Barnabas Medical Center</agency>
      <agency_class>Other</agency_class>
    </collaborator>
    <collaborator>
      <agency>Montefiore Health System</agency>
      <agency_class>Other</agency_class>
    </collaborator>
    <collaborator>
      <agency>Columbia University</agency>
      <agency_class>Other</agency_class>
    </collaborator>
    <collaborator>
      <agency>Roswell Park Cancer Institute</agency>
      <agency_class>Other</agency_class>
    </collaborator>
  </sponsors>
  <source>Memorial Sloan Kettering Cancer Center</source>
  <brief_summary>
    <textblock>
      The investigators have found that many patients getting treatment for cancer have trouble&#xD;
      getting enough to eat, or do not always have enough money for food. When a patient has these&#xD;
      problems it can lead to difficulties with completing cancer treatment. Across New York City,&#xD;
      there are many hospitals that offer their patients food pantry services on location. The&#xD;
      investigators would like to compare how food pantries within the hospital and two other food&#xD;
      assistance options: monthly food vouchers and weekly grocery deliveries maybe possible&#xD;
      solutions to this problem. The patient will be randomly assigned to one of the three&#xD;
      different food program groups, which means everyone has an equal chance in being in any&#xD;
      group, like a flip of a coin. The investigators hope to learn how to best help patients with&#xD;
      trouble getting food and to see if this will help with completing cancer treatment.&#xD;
&#xD;
      The original RCT composed of study arms: 1) hospital -based food pantry (control), 2) food&#xD;
      voucher program plus access to the food pantry, and 3) grocery delivery program plus access&#xD;
      to the food pantry will remain open to accrual at Ralph Lauren Cancer Center. The other three&#xD;
      sites of the original RCT, Lincoln Hospital, Queens Cancer Center and Brooklyn Hospital, have&#xD;
      reached target accrual. Our modified RCT, to be carried out among an expanded cohort of&#xD;
      cancer patients is composed of study arms : 1) Food Voucher Program (Voucher); 2) Home&#xD;
      Grocery Delivery Program (Delivery); and 3) Medically-tailored, Hospital-based Food Pantry&#xD;
      (Pantry).&#xD;
&#xD;
      For this RCT, we will enroll patients across three Bronx hospitals- Jacobi Medical Center,&#xD;
      St. Barnabas Hospital, and Montefiore Medical Center. For the new study arms, we will enroll&#xD;
      patients across Lincoln Medical and Mental Health Center, Jacobi Medical Center, St. Barnabas&#xD;
      Medical Center, and Montefiore Health System. Before conducting the RCT across Lincoln&#xD;
      Medical and Mental Health Center and the three new sites in the Bronx, we will refine written&#xD;
      educational materials to be used in the intervention through focus groups.&#xD;
    </textblock>
  </brief_summary>
  <overall_status>Recruiting</overall_status>
  <start_date type="Actual">May 8, 2012</start_date>
  <completion_date type="Anticipated">May 2022</completion_date>
  <primary_completion_date type="Anticipated">May 2022</primary_completion_date>
  <phase>Phase 2</phase>
  <study_type>Interventional</study_type>
  <has_expanded_access>No</has_expanded_access>
  <study_design_info>
    <allocation>Randomized</allocation>
    <intervention_model>Parallel Assignment</intervention_model>
    <primary_purpose>Other</primary_purpose>
    <masking>None (Open Label)</masking>
  </study_design_info>
  <primary_outcome>
    <measure>treatment completion</measure>
    <time_frame>2 years</time_frame>
    <description>Completion of prescribed treatment, increase from 75% to 94%, as assessed by chart review (for the period from recruitment to study completion at 6 months). To determine whether participation in the interventions leads to improvements in cancer treatment completion.</description>
  </primary_outcome>
  <secondary_outcome>
    <measure>Quality of life</measure>
    <time_frame>2 years</time_frame>
    <description>The primary analytic approach for these secondary outcome variables will be a series of Linear Mixed-Effects Models (LMMS) modeling the change scores from baseline to each of the follow-up assessments, separately for each of the questionnaire outcome variables [51]. Analyses based on change scores have the advantage of creating easily interpretable results and clearly indicating the direction of individual change (e.g., increased protein intake).</description>
  </secondary_outcome>
  <number_of_arms>3</number_of_arms>
  <enrollment type="Anticipated">668</enrollment>
  <condition>Cancer Patients</condition>
  <arm_group>
    <arm_group_label>Food Voucher Program (Voucher)</arm_group_label>
    <arm_group_type>Active Comparator</arm_group_type>
    <description>In the Food Voucher arm, each participant will receive a debit card specifically created for this program. Each month for the duration of study participation (6 months), the debit card will be credited with $128 and given to the patient in person or via mail. Patients will be instructed to use these cards only for food purchases. They will be counseled on using their vouchers only for healthful foods, in a way that stretches their food dollars. Purchases will be tracked by having patients bring their receipts in for review each month when they come in to pick-up their next monthly vouche, or by providing electronic copies of receipts. Patients will be provided with a receipt holder to assist in storing receipts for review. For voucher cards sent via mail, patients will receive a mailing letter accompanying each card.</description>
  </arm_group>
  <arm_group>
    <arm_group_label>Home Grocery Delivery (Delivery)</arm_group_label>
    <arm_group_type>Experimental</arm_group_type>
    <description>In the Home Grocery Delivery arm, each participant will receive home grocery delivery from PeaPod grocery delivery service or from FreshDirect (depending on the participant&quot;s zip code), worth $128 per month, for the duration of study participation (6 months). Patients in the Delivery arm will review a list of food categories and a subset of items in each category with a COA.</description>
  </arm_group>
  <arm_group>
    <arm_group_label>Medically-Tailored Hospital-Based Food Pantry (Pantry)</arm_group_label>
    <arm_group_type>Experimental</arm_group_type>
    <description>Patients in this arm will have access to the pantry for the duration of their study participation (6 months). Those accessing the medically-tailored food pantry will pick-up a pantry bag weekly at the hospital, either during one of their medical appointments or at another preferred time. Each patient's food prefereces will be assessed once during baseline and they will be given food bags, tailored when possible and when available to these preferences and to their medical needs and cultural preferences.</description>
  </arm_group>
  <intervention>
    <intervention_type>Behavioral</intervention_type>
    <intervention_name>surveys</intervention_name>
    <description>Each survey will take about 45 minutes.Surveys will include questions on medical treatment, health insurance, work-related information, overall health and well being, eating habits, and satisfaction/use of the food program provided. 3 and 6-month follow-up. All participants will be asked to complete the study contact form. Need Assessment surveys will be administered via telephone or in person. The content of the needs assessment questionnaire has been informed by themes generated through IHCD's ongoing research and community outreach and service activities with the cancer patient population at our participating institutions. The survey will ask participants about the impact on their cancer care and their socioeconomic needs of the COVID-19 crisis.</description>
    <arm_group_label>Food Voucher Program (Voucher)</arm_group_label>
    <arm_group_label>Home Grocery Delivery (Delivery)</arm_group_label>
    <arm_group_label>Medically-Tailored Hospital-Based Food Pantry (Pantry)</arm_group_label>
  </intervention>
  <intervention>
    <intervention_type>Behavioral</intervention_type>
    <intervention_name>Focus groups</intervention_name>
    <description>Prior to conducting the updated RCT design with the expanded cohort, we will conduct 4-6 focus groups (to saturation) with underserved breast cancer patients to optimally tailor the written materials and nutrition education sessions.</description>
    <arm_group_label>Food Voucher Program (Voucher)</arm_group_label>
    <arm_group_label>Home Grocery Delivery (Delivery)</arm_group_label>
    <arm_group_label>Medically-Tailored Hospital-Based Food Pantry (Pantry)</arm_group_label>
  </intervention>
  <eligibility>
    <criteria>
      <textblock>
        Inclusion Criteria:&#xD;
&#xD;
        Focus Groups Inclusion Criteria:&#xD;
&#xD;
          -  Breast cancer patient, Stage 1,2, or 3&#xD;
&#xD;
          -  Currently undergoing treatment with chemotherapy and/or radiation&#xD;
&#xD;
          -  Food insecure: score in the range of &quot;very low&quot; or &quot;low&quot; food security status on the&#xD;
             USDA Household Food Security Module (score of 3 or higher)&#xD;
&#xD;
          -  Language spoken: English or Spanish&#xD;
&#xD;
          -  Age 18 or over&#xD;
&#xD;
        Intervention Inclusion Criteria:&#xD;
&#xD;
          -  Enrolled in ICCAN (for the original arms only: pantry only, pantry + delivery, pantry&#xD;
             + voucher)&#xD;
&#xD;
          -  Within one month (+/- 1 month) of starting chemotherapy or within two weeks (+/- 2&#xD;
             weeks) of starting radiation therapy) (may be prior to or after starting treatment)&#xD;
&#xD;
          -  Score in the range of 'very low' or 'low' food security status on the USDA Household&#xD;
             Food Security Module (score of 3 or higher)&#xD;
&#xD;
          -  Living independently (no patient in an assisted living facility)&#xD;
&#xD;
          -  Age 18 or over&#xD;
&#xD;
          -  Able to provide informed consent and respond to questionnaires in either English,&#xD;
             Spanish or Mandarin (Mandarin for the original arms only: pantry only, pantry +&#xD;
             delivery, pantry + voucher)&#xD;
&#xD;
          -  Breast or gynecologic cancer diagnosis, Stage 1, 2, or 3 (for the updated arms only:&#xD;
             1) Food Voucher Program (Voucher); 2) Home Grocery Delivery Program (Delivery); and 3)&#xD;
             Medically-tailored, Hospital-based Food Pantry (Pantry)&#xD;
&#xD;
        Clinician is eligible if he/she:&#xD;
&#xD;
          -  Has an MD or DO degree&#xD;
&#xD;
          -  Is the treating physician providing care to a patient enrolled to the study&#xD;
&#xD;
        Secondary Aim 6 Needs Assessment eligibility criteria:&#xD;
&#xD;
          -  Current or past breast cancer diagnosis&#xD;
&#xD;
          -  Living independently (no patient in an assisted living facility)&#xD;
&#xD;
          -  Age 18 or over&#xD;
&#xD;
          -  Able to provide informed consent and respond to questionnaires in either English, or&#xD;
             Spanish&#xD;
&#xD;
        Exclusion Criteria:&#xD;
&#xD;
        Focus Groups Exclusion Criteria:&#xD;
&#xD;
          -  Has a household member who has already participated (or agreed to participate)&#xD;
&#xD;
        Intervention Exclusion Criteria:&#xD;
&#xD;
          -  Significant psychiatric disturbance verified by medical record sufficient to preclude&#xD;
             completion of the assessment measures, interview or informed consent (i.e. acute&#xD;
             psychiatric symptoms which require individual treatment)&#xD;
&#xD;
          -  Presence of cognitive impairment disorder (i.e. delirium or dementia) sufficient to&#xD;
             preclude meaningful informed consent and/or data collection&#xD;
&#xD;
          -  Can not speak English, Spanish or Mandarin (Mandarin for the original arms only:&#xD;
             pantry only, pantry + delivery, pantry + voucher)&#xD;
&#xD;
          -  Has physical limitations that would prevent participation (e.g. blindness)&#xD;
&#xD;
          -  Patient's household is currently receiving or applying for SNAP benefits (formerly&#xD;
             known as Food Stamps) (for the original arms only: pantry only, pantry +&#xD;
             delivery,pantry + voucher)&#xD;
&#xD;
        Secondary Aim 6 Needs Assessment Exclusion criteria:&#xD;
&#xD;
          -  Significant psychiatric disturbance verified by medical record enough to preclude&#xD;
             completion of the assessment measures, interview or informed consent (i.e. acute&#xD;
             psychiatric symptoms which require individual treatment)&#xD;
&#xD;
          -  Presence of cognitive impairment disorder (i.e. delirium or dementia) enough to&#xD;
             preclude meaningful informed consent and/or data collection&#xD;
&#xD;
          -  Cannot speak English or Spanish&#xD;
&#xD;
          -  Has physical limitations that would prevent participation (e.g. blindness)&#xD;
      </textblock>
    </criteria>
    <gender>All</gender>
    <minimum_age>18 Years</minimum_age>
    <maximum_age>N/A</maximum_age>
    <healthy_volunteers>No</healthy_volunteers>
  </eligibility>
  <overall_official>
    <last_name>Francesca Gany, MD, MS</last_name>
    <role>Principal Investigator</role>
    <affiliation>Memorial Sloan Kettering Cancer Center</affiliation>
  </overall_official>
  <overall_contact>
    <last_name>Francesca Gany, MD, MS</last_name>
    <phone>646-888-8054</phone>
  </overall_contact>
  <overall_contact_backup>
    <last_name>Jennifer Leng, MD, MPH</last_name>
    <phone>646-888-4243</phone>
  </overall_contact_backup>
  <location>
    <facility>
      <name>St. Barnabas Medical Center</name>
      <address>
        <city>Bronx</city>
        <state>New York</state>
        <zip>10457</zip>
        <country>United States</country>
      </address>
    </facility>
    <status>Not yet recruiting</status>
    <contact>
      <last_name>Ilmana Fulger, MD</last_name>
      <phone>718-960-3730</phone>
    </contact>
  </location>
  <location>
    <facility>
      <name>Jacobi Medical Center</name>
      <address>
        <city>Bronx</city>
        <state>New York</state>
        <zip>10465</zip>
        <country>United States</country>
      </address>
    </facility>
    <status>Recruiting</status>
    <contact>
      <last_name>Tarek Elrafei, D.O.</last_name>
      <phone>718-918-4581</phone>
    </contact>
  </location>
  <location>
    <facility>
      <name>Lincoln Medical and Mental Health Center</name>
      <address>
        <city>Bronx</city>
        <state>New York</state>
        <country>United States</country>
      </address>
    </facility>
    <status>Recruiting</status>
    <contact>
      <last_name>Caroline Hwang, MD</last_name>
      <phone>718-579-5000</phone>
    </contact>
  </location>
  <location>
    <facility>
      <name>Brooklyn Hospital Center</name>
      <address>
        <city>Brooklyn</city>
        <state>New York</state>
        <zip>11201</zip>
        <country>United States</country>
      </address>
    </facility>
    <status>Active, not recruiting</status>
  </location>
  <location>
    <facility>
      <name>Queens Hospital Center</name>
      <address>
        <city>Jamaica</city>
        <state>New York</state>
        <zip>11432</zip>
        <country>United States</country>
      </address>
    </facility>
    <status>Active, not recruiting</status>
  </location>
  <location>
    <facility>
      <name>Memorial Sloan Kettering Cancer Center</name>
      <address>
        <city>New York</city>
        <state>New York</state>
        <zip>10065</zip>
        <country>United States</country>
      </address>
    </facility>
    <status>Recruiting</status>
    <contact>
      <last_name>Francesca Gany, MD, MS</last_name>
      <phone>646-888-8054</phone>
    </contact>
    <contact_backup>
      <last_name>Jennifer Leng, MD, MPH</last_name>
      <phone>646-888-4243</phone>
    </contact_backup>
    <investigator>
      <last_name>Francesca Gany, MD, MS</last_name>
      <role>Principal Investigator</role>
    </investigator>
  </location>
  <location>
    <facility>
      <name>Ralph Lauren Center for Cancer Care and Prevention</name>
      <address>
        <city>New York</city>
        <state>New York</state>
        <country>United States</country>
      </address>
    </facility>
    <status>Recruiting</status>
    <contact>
      <last_name>Francesca Gany, MD, PhD</last_name>
      <phone>646-888-8054</phone>
    </contact>
  </location>
  <location_countries>
    <country>United States</country>
  </location_countries>
  <link>
    <url>http://www.mskcc.org/</url>
    <description>Memorial Sloan Kettering Cancer Center</description>
  </link>
  <verification_date>January 2021</verification_date>
  <study_first_submitted>May 16, 2012</study_first_submitted>
  <study_first_submitted_qc>May 18, 2012</study_first_submitted_qc>
  <study_first_posted type="Estimate">May 22, 2012</study_first_posted>
  <last_update_submitted>January 4, 2021</last_update_submitted>
  <last_update_submitted_qc>January 4, 2021</last_update_submitted_qc>
  <last_update_posted type="Actual">January 6, 2021</last_update_posted>
  <responsible_party>
    <responsible_party_type>Sponsor</responsible_party_type>
  </responsible_party>
  <keyword>Food pantry</keyword>
  <keyword>Food voucher</keyword>
  <keyword>Grocery delivery</keyword>
  <keyword>12-099</keyword>
  <!-- Results have not yet been posted for this study                                          -->
</clinical_study>

