<?xml version="1.0" encoding="UTF-8"?>
<clinical_study rank="1671">
  <!-- This xml conforms to an XML Schema at:
    https://clinicaltrials.gov/ct2/html/images/info/public.xsd -->
  <required_header>
    <download_date>ClinicalTrials.gov processed this data on February 08, 2021</download_date>
    <link_text>Link to the current ClinicalTrials.gov record.</link_text>
    <url>https://clinicaltrials.gov/show/NCT04324606</url>
  </required_header>
  <id_info>
    <org_study_id>COV001</org_study_id>
    <nct_id>NCT04324606</nct_id>
  </id_info>
  <brief_title>A Study of a Candidate COVID-19 Vaccine (COV001)</brief_title>
  <official_title>A Phase I/II Study to Determine Efficacy, Safety and Immunogenicity of the Candidate Coronavirus Disease (COVID-19) Vaccine ChAdOx1 nCoV-19 in UK Healthy Adult Volunteers</official_title>
  <sponsors>
    <lead_sponsor>
      <agency>University of Oxford</agency>
      <agency_class>Other</agency_class>
    </lead_sponsor>
  </sponsors>
  <source>University of Oxford</source>
  <oversight_info>
    <has_dmc>Yes</has_dmc>
    <is_fda_regulated_drug>No</is_fda_regulated_drug>
    <is_fda_regulated_device>No</is_fda_regulated_device>
  </oversight_info>
  <brief_summary>
    <textblock>
      A phase I/II single-blinded, randomised, multi-centre study to determine efficacy, safety and&#xD;
      immunogenicity of the candidate Coronavirus Disease (COVID-19) vaccine ChAdOx1 nCoV-19 in UK&#xD;
      healthy adult volunteers aged 18-55 years. The vaccine will be administered intramuscularly&#xD;
      (IM) into the deltoid region of the arm&#xD;
    </textblock>
  </brief_summary>
  <detailed_description>
    <textblock>
      There will be 4 study groups and it is anticipated that a total of 1090 volunteers will be&#xD;
      enrolled. Volunteers will participate in the study for approximately 12 months from last&#xD;
      vaccination visit (approximately 15 months from enrolment for participants receiving 2 doses)&#xD;
    </textblock>
  </detailed_description>
  <overall_status>Active, not recruiting</overall_status>
  <start_date type="Actual">April 23, 2020</start_date>
  <completion_date type="Anticipated">October 2021</completion_date>
  <primary_completion_date type="Anticipated">October 2021</primary_completion_date>
  <phase>Phase 1/Phase 2</phase>
  <study_type>Interventional</study_type>
  <has_expanded_access>No</has_expanded_access>
  <study_design_info>
    <allocation>Randomized</allocation>
    <intervention_model>Sequential Assignment</intervention_model>
    <primary_purpose>Treatment</primary_purpose>
    <masking>Single (Participant)</masking>
  </study_design_info>
  <primary_outcome>
    <measure>Assess efficacy of the candidate ChAdOx1 nCoV-19 against COVID-19: Number of virologically confirmed (PCR positive) symptomatic cases</measure>
    <time_frame>6 months</time_frame>
    <description>Number of virologically confirmed (PCR or NAAT positive) symptomatic cases of COVID-19</description>
  </primary_outcome>
  <primary_outcome>
    <measure>Assess the safety of the candidate vaccine ChAdOx1 nCoV: Occurrence of serious adverse events (SAEs)</measure>
    <time_frame>6 months</time_frame>
    <description>Occurrence of serious adverse events (SAEs) throughout the study duration</description>
  </primary_outcome>
  <secondary_outcome>
    <measure>Assess the safety, tolerability and reactogenicity profile of the candidate vaccine ChAdOx1 nCoV: Occurrence of solicited local reactogenicity signs and symptoms</measure>
    <time_frame>7 days following vaccination</time_frame>
    <description>Occurrence of solicited local reactogenicity signs and symptoms for 7 days following vaccination</description>
  </secondary_outcome>
  <secondary_outcome>
    <measure>Assess the safety, tolerability and reactogenicity profile of the candidate vaccine ChAdOx1 nCoV: Occurrence of solicited systemic reactogenicity signs and symptoms</measure>
    <time_frame>7 days following vaccination</time_frame>
    <description>Occurrence of solicited systemic reactogenicity signs and symptoms for 7 days following vaccination</description>
  </secondary_outcome>
  <secondary_outcome>
    <measure>Assess the safety, tolerability and reactogenicity profile of the candidate vaccine ChAdOx1 nCoV: Occurrence of unsolicited adverse events (AEs)</measure>
    <time_frame>28 days following vaccination</time_frame>
    <description>Occurrence of unsolicited adverse events (AEs) for 28 days following vaccination</description>
  </secondary_outcome>
  <secondary_outcome>
    <measure>Assess the safety, tolerability and reactogenicity profile of the candidate vaccine ChAdOx1 nCoV through standard blood tests</measure>
    <time_frame>6 months</time_frame>
    <description>Change from baseline for safety laboratory measures (haematology and biochemistry blood results)</description>
  </secondary_outcome>
  <secondary_outcome>
    <measure>Assess the safety, tolerability and reactogenicity profile of the candidate vaccine ChAdOx1 nCoV by measuring the number of disease enhancement episodes</measure>
    <time_frame>6 months</time_frame>
    <description>Occurrence of disease enhancement episodes</description>
  </secondary_outcome>
  <secondary_outcome>
    <measure>Assess efficacy of the candidate ChAdOx1 nCoV-19 against severe and non-severe COVID-19 by hospital admissions</measure>
    <time_frame>6 months</time_frame>
    <description>Number of hospital admissions associated with COVID-19</description>
  </secondary_outcome>
  <secondary_outcome>
    <measure>Assess efficacy of the candidate ChAdOx1 nCoV-19 against severe and non-severe COVID-19 by ICU admissions</measure>
    <time_frame>6 months</time_frame>
    <description>Number of intensive care unit admissions associated with COVID-19</description>
  </secondary_outcome>
  <secondary_outcome>
    <measure>Assess efficacy of the candidate ChAdOx1 nCoV-19 against severe and non-severe COVID-19 by COVID-19 related deaths</measure>
    <time_frame>6 months</time_frame>
    <description>Number of deaths associated with COVID-19</description>
  </secondary_outcome>
  <secondary_outcome>
    <measure>Assess efficacy of the candidate ChAdOx1 nCoV-19 against severe and non-severe COVID-19</measure>
    <time_frame>6 months</time_frame>
    <description>Occurrence of severe COVID-19 disease (defined according to clinical severity scales)</description>
  </secondary_outcome>
  <secondary_outcome>
    <measure>Assess efficacy of the candidate ChAdOx1 nCoV-19 against severe and non-severe COVID-19 by measuring seroconversion rates</measure>
    <time_frame>6 months</time_frame>
    <description>Proportion of people who become seropositive for non-Spike SARS-CoV-2 antigens during the study</description>
  </secondary_outcome>
  <secondary_outcome>
    <measure>Assess cellular and humoral immunogenicity of ChAdOx1 nCoV-19 through ELISpot assays</measure>
    <time_frame>6 months</time_frame>
    <description>Interferon-gamma (IFN-γ) enzyme-linked immunospot (ELISpot) responses to SARS-CoV-2 spike protein</description>
  </secondary_outcome>
  <secondary_outcome>
    <measure>Assess cellular and humoral immunogenicity of ChAdOx1 nCoV-19</measure>
    <time_frame>6 months</time_frame>
    <description>Quantify antibodies against SARS-CoV-2 spike protein (seroconversion rates)</description>
  </secondary_outcome>
  <other_outcome>
    <measure>Assess cellular and humoral immunogenicity of ChAdOx1 nCoV-19 through Virus neutralising antibody assays</measure>
    <time_frame>6 months</time_frame>
    <description>Virus neutralising antibody (NAb) assays against live and/or pseudotype SARS-CoV-2 virus</description>
  </other_outcome>
  <other_outcome>
    <measure>Assess safety, reactogenicity, immunogenicity and efficacy endpoints, for participants receiving prophylactic paracetamol</measure>
    <time_frame>6 months</time_frame>
    <description>All safety, reactogenicity, immunogenicity and efficacy endpoints</description>
  </other_outcome>
  <other_outcome>
    <measure>Assess immunogenicity of ChAdOx1 nCoV-19 given as homologous prime-boost</measure>
    <time_frame>6 months</time_frame>
    <description>Quantify antibodies against SARS-CoV-2 spike protein (seroconversion rates) post boost</description>
  </other_outcome>
  <other_outcome>
    <measure>Compare viral shedding on stool samples of SARS-CoV-2 PCR or NAAT positive individuals</measure>
    <time_frame>6 months</time_frame>
    <description>Differences in viral shedding on stool between vaccine and comparator arms at 7 days and beyond post SARS-CoV-2 PCR or NAAT positivity</description>
  </other_outcome>
  <number_of_arms>14</number_of_arms>
  <enrollment type="Actual">1090</enrollment>
  <condition>Coronavirus</condition>
  <arm_group>
    <arm_group_label>Group 1a</arm_group_label>
    <arm_group_type>Experimental</arm_group_type>
    <description>Volunteers will receive a single dose of 5x10^10vp ChAdOx1 nCoV-19 delivered intramuscularly</description>
  </arm_group>
  <arm_group>
    <arm_group_label>Group 1b</arm_group_label>
    <arm_group_type>Active Comparator</arm_group_type>
    <description>Volunteers will receive a standard single dose of MenACWY vaccine delivered intramuscularly</description>
  </arm_group>
  <arm_group>
    <arm_group_label>Group 2a</arm_group_label>
    <arm_group_type>Experimental</arm_group_type>
    <description>Volunteers will receive a single dose of 5x10^10vp ChAdOx1 nCoV-19 delivered intramuscularly</description>
  </arm_group>
  <arm_group>
    <arm_group_label>Group 2b</arm_group_label>
    <arm_group_type>Active Comparator</arm_group_type>
    <description>Volunteers will receive a standard single dose of MenACWY vaccine delivered intramuscularly</description>
  </arm_group>
  <arm_group>
    <arm_group_label>Group 2c</arm_group_label>
    <arm_group_type>Experimental</arm_group_type>
    <description>Volunteers will receive two doses of 5x10^10vp ChAdOx1 nCoV-19 delivered intramuscularly at week 0 and week 8</description>
  </arm_group>
  <arm_group>
    <arm_group_label>Group 2d</arm_group_label>
    <arm_group_type>Experimental</arm_group_type>
    <description>Volunteers will receive a single dose of 5x10^10vp ChAdOx1 nCoV-19 at week 0 and a boost dose of 2.5x10^10vp ChAdOx1 nCoV-19 at week 8 delivered intramuscularly</description>
  </arm_group>
  <arm_group>
    <arm_group_label>Group 2e</arm_group_label>
    <arm_group_type>Active Comparator</arm_group_type>
    <description>Volunteers will receive two standard single doses of MenACWY vaccine delivered intramuscularly at week 0 and week 8</description>
  </arm_group>
  <arm_group>
    <arm_group_label>Group 2f</arm_group_label>
    <arm_group_type>Experimental</arm_group_type>
    <description>Volunteers will receive a single dose of 5x10^10vp ChAdOx1 nCoV-19 at week 0 and a boost dose of ChAdOx1 nCoV-19 0.5mL (3.5-6.5x1010vp) a minimum of 4 weeks later, delivered intramuscularly</description>
  </arm_group>
  <arm_group>
    <arm_group_label>Group 2g</arm_group_label>
    <arm_group_type>Active Comparator</arm_group_type>
    <description>Volunteers will receive two standard single doses of MenACWY vaccine delivered intramuscularly a minimum of 4 weeks apart</description>
  </arm_group>
  <arm_group>
    <arm_group_label>Group 3</arm_group_label>
    <arm_group_type>Experimental</arm_group_type>
    <description>Volunteers will receive one dose of 5x10^10vp ChAdOx1 nCoV-19 at week 0 and one dose of 5x10^10vp ChAdOx1 nCoV-19 at week 4 delivered intramuscularly</description>
  </arm_group>
  <arm_group>
    <arm_group_label>Group 4a</arm_group_label>
    <arm_group_type>Experimental</arm_group_type>
    <description>Volunteers will receive a single dose of 5x10^10vp ChAdOx1 nCoV-19 delivered intramuscularly</description>
  </arm_group>
  <arm_group>
    <arm_group_label>Group 4b</arm_group_label>
    <arm_group_type>Active Comparator</arm_group_type>
    <description>Volunteers will receive a single dose of 5x10^10vp ChAdOx1 nCoV-19 delivered intramuscularly</description>
  </arm_group>
  <arm_group>
    <arm_group_label>Group 4c</arm_group_label>
    <arm_group_type>Experimental</arm_group_type>
    <description>Volunteers will receive a single dose of 5x10^10vp ChAdOx1 nCoV-19 at week 0 and a boost dose of ChAdOx1 nCoV-19 0.5mL (3.5-6.5x1010vp) a minimum of 4 weeks later, delivered intramuscularly</description>
  </arm_group>
  <arm_group>
    <arm_group_label>Group 4d</arm_group_label>
    <arm_group_type>Active Comparator</arm_group_type>
    <description>Volunteers will receive two standard single doses of MenACWY vaccine delivered intramuscularly a minimum of 4 weeks apart</description>
  </arm_group>
  <intervention>
    <intervention_type>Biological</intervention_type>
    <intervention_name>ChAdOx1 nCoV-19</intervention_name>
    <description>A single dose of 5x10^10vp of ChAdOx1 nCoV-19</description>
    <arm_group_label>Group 1a</arm_group_label>
    <arm_group_label>Group 2a</arm_group_label>
    <arm_group_label>Group 4a</arm_group_label>
    <arm_group_label>Group 4c</arm_group_label>
  </intervention>
  <intervention>
    <intervention_type>Biological</intervention_type>
    <intervention_name>MenACWY</intervention_name>
    <description>Standard single dose of MenACWY vaccine delivered intramuscularly</description>
    <arm_group_label>Group 1b</arm_group_label>
    <arm_group_label>Group 2b</arm_group_label>
    <arm_group_label>Group 4b</arm_group_label>
  </intervention>
  <intervention>
    <intervention_type>Biological</intervention_type>
    <intervention_name>ChAdOx1 nCoV-19 full boost</intervention_name>
    <description>A single dose of 5x10^10vp of ChAdOx1 nCoV-19 followed by a boost dose of 5x10^10vp of ChAdOx1 nCoV-19</description>
    <arm_group_label>Group 2c</arm_group_label>
    <arm_group_label>Group 3</arm_group_label>
  </intervention>
  <intervention>
    <intervention_type>Biological</intervention_type>
    <intervention_name>ChAdOx1 nCoV-19 half boost</intervention_name>
    <description>A single dose of 5x10^10vp of ChAdOx1 nCoV-19 followed by a boost dose of 2.5x10^10vp of ChAdOx1 nCoV-19</description>
    <arm_group_label>Group 2d</arm_group_label>
  </intervention>
  <intervention>
    <intervention_type>Biological</intervention_type>
    <intervention_name>MenACWY boost</intervention_name>
    <description>A standard dose of MenACWY followed by a boost dose of MenACWY</description>
    <arm_group_label>Group 2e</arm_group_label>
    <arm_group_label>Group 2g</arm_group_label>
    <arm_group_label>Group 4d</arm_group_label>
  </intervention>
  <intervention>
    <intervention_type>Drug</intervention_type>
    <intervention_name>Paracetamol</intervention_name>
    <description>1g every 6 hours for 24 hours</description>
    <arm_group_label>Group 4a</arm_group_label>
    <arm_group_label>Group 4b</arm_group_label>
  </intervention>
  <intervention>
    <intervention_type>Biological</intervention_type>
    <intervention_name>ChAdOx1 nCoV-19 0.5mL boost</intervention_name>
    <description>A single dose of 5x10^10vp of ChAdOx1 nCoV-19 followed by a boost dose of ChAdOx1 nCoV-19 0.5mL (3.5-6.5x1010vp)</description>
    <arm_group_label>Group 2f</arm_group_label>
    <arm_group_label>Group 4c</arm_group_label>
  </intervention>
  <eligibility>
    <criteria>
      <textblock>
        Inclusion Criteria&#xD;
&#xD;
        The volunteer must satisfy all the following criteria to be eligible for the study:&#xD;
&#xD;
          -  Healthy adults aged 18-55 years.&#xD;
&#xD;
          -  Able and willing (in the Investigator's opinion) to comply with all study requirements&#xD;
             (participants must not rely on public transport or taxis).&#xD;
&#xD;
          -  Willing to allow the investigators to discuss the volunteer's medical history with&#xD;
             their General Practitioner and access all medical records when relevant to study&#xD;
             procedures.&#xD;
&#xD;
          -  For females only, willingness to practice continuous effective contraception (see&#xD;
             below) during the study and a negative pregnancy test on the day(s) of screening and&#xD;
             vaccination.&#xD;
&#xD;
          -  Agreement to refrain from blood donation during the course of the study.&#xD;
&#xD;
          -  Provide written informed consent.&#xD;
&#xD;
        Exclusion Criteria&#xD;
&#xD;
        The volunteer may not enter the study if any of the following apply:&#xD;
&#xD;
          -  Planned receipt of any vaccine other than the study intervention within 30 days before&#xD;
             and after each study vaccination .with the exception of the licensed seasonal&#xD;
             influenza vaccination and the licensed pneumococcal vaccine. Participants will be&#xD;
             encouraged to receive this vaccination at least 7 days before or after their study&#xD;
             vaccine.&#xD;
&#xD;
          -  Prior receipt of an investigational or licensed vaccine likely to impact on&#xD;
             interpretation of the trial data (e.g. Adenovirus vectored vaccines, any coronavirus&#xD;
             vaccines).&#xD;
&#xD;
          -  Administration of immunoglobulins and/or any blood products within the three months&#xD;
             preceding the planned administration of the vaccine candidate.&#xD;
&#xD;
          -  Any confirmed or suspected immunosuppressive or immunodeficient state, including HIV&#xD;
             infection; asplenia; recurrent severe infections and use of immunosuppressant&#xD;
             medication within the past 6 months, except topical steroids or short-term oral&#xD;
             steroids (course lasting &lt;14 days) .&#xD;
&#xD;
          -  Any autoimmune conditions, except mild psoriasis, well-controlled autoimmune thyroid&#xD;
             disease, vitiligo or stable coeliac disease not requiring immunosuppressive or&#xD;
             immunomodulatory therapy.&#xD;
&#xD;
          -  History of allergic disease or reactions likely to be exacerbated by any component of&#xD;
             the ChAdOx1 nCoV-19 or MenACWY vaccines.&#xD;
&#xD;
          -  Any history of angioedema .&#xD;
&#xD;
          -  Any history of anaphylaxis .&#xD;
&#xD;
          -  Pregnancy, lactation or willingness/intention to become pregnant during the study.&#xD;
&#xD;
          -  History of cancer (except basal cell carcinoma of the skin and cervical carcinoma in&#xD;
             situ).&#xD;
&#xD;
          -  History of serious psychiatric condition likely to affect participation in the study&#xD;
             (e.g. ongoing severe depression, history of admission to an in-patient psychiatric&#xD;
             facility, recent suicidal ideation, history of suicide attempt, bipolar disorder,&#xD;
             personality disorder, alcohol and drug dependency, severe eating disorder, psychosis,&#xD;
             use of mood stabilisers or antipsychotic medication).&#xD;
&#xD;
          -  Bleeding disorder (e.g. factor deficiency, coagulopathy or platelet disorder), or&#xD;
             prior history of significant bleeding or bruising following IM injections or&#xD;
             venepuncture.&#xD;
&#xD;
          -  Any other serious chronic illness requiring hospital specialist supervision.&#xD;
&#xD;
          -  Chronic respiratory diseases, including mild asthma (resolved childhood asthma is&#xD;
             allowed)&#xD;
&#xD;
          -  Chronic cardiovascular disease (including hypertension), gastrointestinal disease,&#xD;
             liver disease (except Gilberts Syndrome), renal disease, endocrine disorder (including&#xD;
             diabetes) and neurological illness (excluding migraine)&#xD;
&#xD;
          -  Seriously overweight (BMI≥40 Kg/m2) or underweight (BMI≤18 Kg/m2)&#xD;
&#xD;
          -  Suspected or known current alcohol abuse as defined by an alcohol intake of greater&#xD;
             than 42 units every week.&#xD;
&#xD;
          -  Suspected or known injecting drug abuse in the 5 years preceding enrolment.&#xD;
&#xD;
          -  Any clinically significant abnormal finding on screening biochemistry, haematology&#xD;
             blood tests or urinalysis.&#xD;
&#xD;
          -  Any other significant disease, disorder or finding which may significantly increase&#xD;
             the risk to the volunteer because of participation in the study, affect the ability of&#xD;
             the volunteer to participate in the study or impair interpretation of the study data.&#xD;
&#xD;
          -  History of laboratory confirmed COVID-19.&#xD;
&#xD;
          -  New onset of fever or a cough or shortness of breath or anosmia/ageusia since February&#xD;
             2020. Should a reliable test become available, this exclusion criteria will be&#xD;
             replaced with seropositivity for SARS-CoV-2 before enrolment.&#xD;
&#xD;
          -  Those who have been at high risk of exposure before enrolment, including but not&#xD;
             limited to: close contacts of confirmed COVID-19 cases, anyone who had to self-isolate&#xD;
             as a result of a symptomatic household member, frontline healthcare professionals&#xD;
             working in A&amp;E, ICU and other higher risk areas. Should a reliable test become&#xD;
             available, this exclusion criteria will be replaced with seropositivity for SARS-CoV-2&#xD;
             before enrolment.&#xD;
&#xD;
          -  Living in the same household as any vulnerable groups at risk of severe COVID-19&#xD;
             disease (as per Public Health England guidance)&#xD;
&#xD;
        Additional exclusion criteria (subset of participants receiving Paracetamol in group 4&#xD;
        only)&#xD;
&#xD;
        • History of allergic disease or reactions likely to be exacerbated by Paracetamol&#xD;
&#xD;
        Re-vaccination exclusion criteria:&#xD;
&#xD;
        The following AEs associated with any vaccine, or identified on or before the day of&#xD;
        vaccination constitute absolute contraindications to further administration of an IMP to&#xD;
        the volunteer in question. If any of these events occur during the study, the subject will&#xD;
        not be eligible to receive a booster dose and will be followed up by the clinical team or&#xD;
        their GP until resolution or stabilisation of the event:&#xD;
&#xD;
          -  Anaphylactic reaction following administration of vaccine&#xD;
&#xD;
          -  Pregnancy&#xD;
&#xD;
          -  Any AE that in the opinion of the Investigator may affect the safety of the&#xD;
             participant or the interpretation of the study results&#xD;
      </textblock>
    </criteria>
    <gender>All</gender>
    <minimum_age>18 Years</minimum_age>
    <maximum_age>55 Years</maximum_age>
    <healthy_volunteers>Accepts Healthy Volunteers</healthy_volunteers>
  </eligibility>
  <overall_official>
    <last_name>Andrew Pollard, Prof</last_name>
    <role>Principal Investigator</role>
    <affiliation>University of Oxford</affiliation>
  </overall_official>
  <location>
    <facility>
      <name>University Hospital Southampton NHS Foundation Trust</name>
      <address>
        <city>Southampton</city>
        <state>Hampshire</state>
        <zip>SO16 6YD</zip>
        <country>United Kingdom</country>
      </address>
    </facility>
  </location>
  <location>
    <facility>
      <name>University Hospitals Bristol and Weston NHS Foundation Trust</name>
      <address>
        <city>Bristol</city>
        <zip>BS1 3NU</zip>
        <country>United Kingdom</country>
      </address>
    </facility>
  </location>
  <location>
    <facility>
      <name>St Georges University Hospital NHS Foundation Trust</name>
      <address>
        <city>London</city>
        <zip>SW17 0QT</zip>
        <country>United Kingdom</country>
      </address>
    </facility>
  </location>
  <location>
    <facility>
      <name>Imperial College Healthcare NHS Trust</name>
      <address>
        <city>London</city>
        <zip>W2 1NY</zip>
        <country>United Kingdom</country>
      </address>
    </facility>
  </location>
  <location>
    <facility>
      <name>CCVTM, University of Oxford, Churchill Hospital</name>
      <address>
        <city>Oxford</city>
        <zip>OX3 7LE</zip>
        <country>United Kingdom</country>
      </address>
    </facility>
  </location>
  <location>
    <facility>
      <name>John Radcliffe Hospital</name>
      <address>
        <city>Oxford</city>
        <zip>OX3 9DU</zip>
        <country>United Kingdom</country>
      </address>
    </facility>
  </location>
  <location_countries>
    <country>United Kingdom</country>
  </location_countries>
  <link>
    <url>https://www.thelancet.com/journals/lancet/article/PIIS0140-6736(20)31604-4/fulltext</url>
    <description>Safety and immunogenicity of the ChAdOx1 nCoV-19 vaccine against SARS-CoV-2: a preliminary report of a phase 1/2, single-blind, randomised controlled trial</description>
  </link>
  <verification_date>September 2020</verification_date>
  <study_first_submitted>March 20, 2020</study_first_submitted>
  <study_first_submitted_qc>March 26, 2020</study_first_submitted_qc>
  <study_first_posted type="Actual">March 27, 2020</study_first_posted>
  <last_update_submitted>November 16, 2020</last_update_submitted>
  <last_update_submitted_qc>November 16, 2020</last_update_submitted_qc>
  <last_update_posted type="Actual">November 18, 2020</last_update_posted>
  <responsible_party>
    <responsible_party_type>Sponsor</responsible_party_type>
  </responsible_party>
  <keyword>COVID-19, Vaccine</keyword>
  <condition_browse>
    <!-- CAUTION:  The following MeSH terms are assigned with an imperfect algorithm            -->
    <mesh_term>Coronavirus Infections</mesh_term>
  </condition_browse>
  <intervention_browse>
    <!-- CAUTION:  The following MeSH terms are assigned with an imperfect algorithm            -->
    <mesh_term>Acetaminophen</mesh_term>
  </intervention_browse>
  <!-- Results have not yet been posted for this study                                          -->
</clinical_study>

