<?xml version="1.0" encoding="UTF-8"?>
<clinical_study rank="2391">
  <!-- This xml conforms to an XML Schema at:
    https://clinicaltrials.gov/ct2/html/images/info/public.xsd -->
  <required_header>
    <download_date>ClinicalTrials.gov processed this data on February 08, 2021</download_date>
    <link_text>Link to the current ClinicalTrials.gov record.</link_text>
    <url>https://clinicaltrials.gov/show/NCT03891420</url>
  </required_header>
  <id_info>
    <org_study_id>BCX4430-108</org_study_id>
    <secondary_id>272201300017C-18-0-1</secondary_id>
    <secondary_id>DMID18-0022</secondary_id>
    <nct_id>NCT03891420</nct_id>
  </id_info>
  <brief_title>A Study to Evaluate the Safety, Pharmacokinetics and Antiviral Effects of Galidesivir in Yellow Fever or COVID-19</brief_title>
  <official_title>A Phase 1b Double-blind, Placebo-controlled, Dose-ranging Study to Evaluate the Safety, Pharmacokinetics, and Anti-viral Effects of Galidesivir Administered Via Intravenous Infusion to Subjects With Yellow Fever or COVID-19</official_title>
  <sponsors>
    <lead_sponsor>
      <agency>BioCryst Pharmaceuticals</agency>
      <agency_class>Industry</agency_class>
    </lead_sponsor>
    <collaborator>
      <agency>National Institute of Allergy and Infectious Diseases (NIAID)</agency>
      <agency_class>NIH</agency_class>
    </collaborator>
  </sponsors>
  <source>BioCryst Pharmaceuticals</source>
  <oversight_info>
    <has_dmc>Yes</has_dmc>
    <is_fda_regulated_drug>Yes</is_fda_regulated_drug>
    <is_fda_regulated_device>No</is_fda_regulated_device>
  </oversight_info>
  <brief_summary>
    <textblock>
      This is a placebo-controlled, randomized, double-blind study to evaluate the&#xD;
      pharmacokinetics, safety and antiviral activity of galidesivir in subjects with yellow fever&#xD;
      (YF) or COVID-19.&#xD;
    </textblock>
  </brief_summary>
  <detailed_description>
    <textblock>
      This is a randomized, double-blind, placebo-controlled study to evaluate the pharmacokinetics&#xD;
      (PK), safety, and antiviral effects of galidesivir administered via intravenous (IV) infusion&#xD;
      vs. placebo in hospitalized adult subjects with either Yellow Fever (Group A) or COVID-19&#xD;
      (Group B). The study will be conducted in two parts, and each Group (A or B) will proceed&#xD;
      independently through the study. Part 1 is a dose ranging study with three sequential cohorts&#xD;
      of eight patients each that will be randomized 3:1 to receive IV galidesivir or placebo every&#xD;
      12 hours for 7 days. Upon completion of part 1, an optimized dosing regimen of galidesivir&#xD;
      will be selected for part 2, based on part 1 results including safety, PK, viral load&#xD;
      reduction, and improvement in signs and symptoms and clinical manifestations, and mortality.&#xD;
      In part 2, up to 42 patients will be randomized 2:1 to receive IV galidesivir or placebo.&#xD;
      After treatment, the patients will remain hospitalized until resolution of symptoms allows&#xD;
      release. All patients will be followed for mortality through Day 56.&#xD;
    </textblock>
  </detailed_description>
  <overall_status>Recruiting</overall_status>
  <start_date type="Actual">April 9, 2020</start_date>
  <completion_date type="Anticipated">May 31, 2021</completion_date>
  <primary_completion_date type="Anticipated">May 31, 2021</primary_completion_date>
  <phase>Phase 1</phase>
  <study_type>Interventional</study_type>
  <has_expanded_access>No</has_expanded_access>
  <study_design_info>
    <allocation>Randomized</allocation>
    <intervention_model>Parallel Assignment</intervention_model>
    <primary_purpose>Treatment</primary_purpose>
    <masking>Double (Participant, Investigator)</masking>
  </study_design_info>
  <primary_outcome>
    <measure>number of subjects with treatment emergent adverse events and serious adverse events</measure>
    <time_frame>absolute number through the end of the study, approximately 56 days</time_frame>
  </primary_outcome>
  <primary_outcome>
    <measure>number of subjects with change in laboratory parameters</measure>
    <time_frame>absolute number and change from baseline through the end of the study, approximately 56 days</time_frame>
  </primary_outcome>
  <primary_outcome>
    <measure>exposure of galidesivir as measured by plasma concentrations</measure>
    <time_frame>24 hours post dose on Day 1 through 12 hours post dose on Day 7</time_frame>
  </primary_outcome>
  <secondary_outcome>
    <measure>yellow fever virus (YFV) titer (Group A)</measure>
    <time_frame>change in YFV titer from baseline through Day 21</time_frame>
  </secondary_outcome>
  <secondary_outcome>
    <measure>antiviral effect on SARS-CoV-2 in the respiratory tract - COVID-19 (Group B)</measure>
    <time_frame>change in SARS-CoV-2 from baseline through Day 21</time_frame>
  </secondary_outcome>
  <secondary_outcome>
    <measure>changes in clinical status using 8-point ordinal scale in COVID-19 (Group B)</measure>
    <time_frame>through Day 21</time_frame>
  </secondary_outcome>
  <secondary_outcome>
    <measure>changes from baseline and time to improvement using NEWS in COVID-19 (Group B)</measure>
    <time_frame>through Day21</time_frame>
  </secondary_outcome>
  <secondary_outcome>
    <measure>mortality</measure>
    <time_frame>mortality at Day 56</time_frame>
  </secondary_outcome>
  <number_of_arms>2</number_of_arms>
  <enrollment type="Anticipated">132</enrollment>
  <condition>COVID-19</condition>
  <condition>Yellow Fever</condition>
  <arm_group>
    <arm_group_label>Galidesivir</arm_group_label>
    <arm_group_type>Experimental</arm_group_type>
    <description>Galidesivir IV infusion</description>
  </arm_group>
  <arm_group>
    <arm_group_label>Placebo</arm_group_label>
    <arm_group_type>Placebo Comparator</arm_group_type>
    <description>Placebo IV infusion</description>
  </arm_group>
  <intervention>
    <intervention_type>Drug</intervention_type>
    <intervention_name>Galidesivir</intervention_name>
    <description>Galidesivir IV infusion</description>
    <arm_group_label>Galidesivir</arm_group_label>
  </intervention>
  <intervention>
    <intervention_type>Drug</intervention_type>
    <intervention_name>Placebo</intervention_name>
    <description>Placebo IV infusion</description>
    <arm_group_label>Placebo</arm_group_label>
  </intervention>
  <eligibility>
    <criteria>
      <textblock>
        Inclusion Criteria: Group A - Yellow Fever&#xD;
&#xD;
          -  Ability to provide written informed consent&#xD;
&#xD;
          -  Males and nonpregnant, non-breast-feeding females, aged 18 years or older&#xD;
&#xD;
          -  Subject weight ≥ 50 kg (110 lb.)&#xD;
&#xD;
          -  Positive test for YFV by molecular amplification of the virus in the blood&#xD;
&#xD;
          -  First onset of symptoms of YF occurring within the previous 7 days&#xD;
&#xD;
          -  Male and female subjects must agree to the contraception requirements and must meet&#xD;
             the inclusion criteria regarding contraception as outlined in the protocol&#xD;
&#xD;
          -  CLCR of at least 60 mL/min by Cockcroft-Gault equation&#xD;
&#xD;
          -  AST &lt; 5000 u/L&#xD;
&#xD;
          -  Indirect bilirubin &lt; 1.5 mg/dL&#xD;
&#xD;
          -  Neutrophil count &lt; 7500 /mm3&#xD;
&#xD;
          -  International Normalized Ratio (INR) &lt; 1.5&#xD;
&#xD;
        Exclusion Criteria: Group A - Yellow Fever&#xD;
&#xD;
          -  Any clinically significant medical condition or medical history that, in the opinion&#xD;
             of the investigator or sponsor, would interfere with the subject's ability to&#xD;
             participate in the study or increase the risk of participation for that subject&#xD;
&#xD;
          -  Employment by the study site, or an immediate family relationship to either study site&#xD;
             employees or Sponsor employee&#xD;
&#xD;
          -  Lack of suitable veins for venipuncture/cannulation as assessed by the Investigator at&#xD;
             Screening&#xD;
&#xD;
          -  Participation in any other investigational drug or vaccine study currently or within&#xD;
             the past 30 days&#xD;
&#xD;
          -  Diagnosis of YF vaccine-related viscerotropic disease&#xD;
&#xD;
          -  Subjects with hepatic encephalopathy as defined by Conn Score ≥ 1.&#xD;
&#xD;
          -  Subject has severe immunosuppression or immunodeficiency, leukemia, lymphoma, thymic&#xD;
             disease, generalized malignancy, or radiation therapy (within the past 3 months), or&#xD;
             is undergoing current treatment with immunosuppressive drugs, defined as drugs that&#xD;
             impair immune responses to infections&#xD;
&#xD;
          -  A treatment plan for YF that would include concomitant administration of antiviral&#xD;
             medications&#xD;
&#xD;
        Inclusion Criteria Group B - COVID-19&#xD;
&#xD;
          -  Ability to provide written informed consent, accept randomization to any assigned&#xD;
             treatment arm, and comply with planned study procedures&#xD;
&#xD;
          -  Males and nonpregnant, non-breast-feeding females, aged 18 years or older&#xD;
&#xD;
          -  Male and female subjects must agree to the contraception requirements and must meet&#xD;
             the inclusion criteria regarding contraception as outlined in the protocol&#xD;
&#xD;
          -  Subject weight ≥ 50 kg (110 lb.)&#xD;
&#xD;
          -  Clinical syndrome consistent with moderate-severe (but not critically ill) COVID-19,&#xD;
             defined by at least one of the following:&#xD;
&#xD;
               1. Symptoms of acute viral lower respiratory tract infection, such as fever,&#xD;
                  non-productive cough, dyspnea, and either 1) a pulse oximetry oxygen saturation&#xD;
                  (SpO2) ≤ 94% or a respiratory rate &gt; 24 breaths/minute as measured at rest&#xD;
                  without use of supplemental oxygen or 2) a clinical requirement for supplemental&#xD;
                  oxygen treatment or non-invasive mechanical ventilation&#xD;
&#xD;
               2. Radiographic pulmonary findings seen on chest imaging (chest X-ray or computed&#xD;
                  tomography [CT scan]) consistent with COVID-19&#xD;
&#xD;
          -  Positive test for SARS-CoV-2 by molecular amplification of the virus in a respiratory&#xD;
             specimen (nasopharyngeal, oropharyngeal, lower respiratory tract [eg, expectorated&#xD;
             sputum]) collected &lt; 96 hours prior to randomization. Note: subjects may have a&#xD;
             positive test recorded prior to screening if they are admitted to the hospital with a&#xD;
             presumed case of COVID-19&#xD;
&#xD;
        Exclusion Criteria: Group B - COVID-19&#xD;
&#xD;
          -  Any clinically significant medical condition or medical history that, in the opinion&#xD;
             of the investigator or sponsor, would interfere with the subject's ability to&#xD;
             participate in the study or increase the risk of participation for the subject&#xD;
&#xD;
          -  Lack of suitable veins for venipuncture/cannulation as assessed by the Investigator at&#xD;
             Screening&#xD;
&#xD;
          -  Participation in any other investigational drug or vaccine study currently or within&#xD;
             the past 30 days&#xD;
&#xD;
          -  A clinical treatment plan that would include concomitant administration of any other&#xD;
             experimental treatment or off-label use of marketed medications that are intended as&#xD;
             specific treatment for the COVID-19 clinical syndrome or the SARS-CoV-2 infection. Any&#xD;
             such medications must be discontinued prior to study enrollment, unless a formal&#xD;
             written standard of care policy document from the national, state, or institutional&#xD;
             authorities requires otherwise.&#xD;
&#xD;
          -  Severe or rapidly progressive disease or medical condition of any type such that death&#xD;
             is an expected or likely outcome within 72 hours or that would require referral or&#xD;
             transfer to another medical facility&#xD;
&#xD;
          -  Severe renal impairment (estimated glomerular filtration rate (eGFR) ≤ 50&#xD;
             mL/min/1.73m2) or receiving continuous renal replacement therapy, hemodialysis, or&#xD;
             peritoneal dialysis&#xD;
&#xD;
          -  Severe liver disease by medical history or ALT or AST &gt; 5 times upper limit of normal&#xD;
&#xD;
          -  Congestive heart failure by medical history ≥ Class 3&#xD;
&#xD;
          -  Requiring invasive mechanical ventilation or extracorporeal membrane oxygenation&#xD;
             (ECMO) at the time of randomization&#xD;
      </textblock>
    </criteria>
    <gender>All</gender>
    <minimum_age>18 Years</minimum_age>
    <maximum_age>N/A</maximum_age>
    <healthy_volunteers>No</healthy_volunteers>
  </eligibility>
  <overall_official>
    <last_name>Esper Kallas, MD, PhD</last_name>
    <role>Principal Investigator</role>
    <affiliation>University of Sao Paulo, Brazil</affiliation>
  </overall_official>
  <overall_contact>
    <last_name>Study Director</last_name>
    <phone>919-859-1302</phone>
    <email>clinicaltrials@biocryst.com</email>
  </overall_contact>
  <location>
    <facility>
      <name>Hospital de Clinicas da Universidade Federal do Parana</name>
      <address>
        <city>Curitiba</city>
        <state>Parana</state>
        <country>Brazil</country>
      </address>
    </facility>
    <status>Recruiting</status>
  </location>
  <location>
    <facility>
      <name>Hospital Sao Vicente de Paulo-PPDS</name>
      <address>
        <city>Passo Fundo</city>
        <state>Rio Grande Do Sul</state>
        <country>Brazil</country>
      </address>
    </facility>
    <status>Recruiting</status>
  </location>
  <location>
    <facility>
      <name>Hospital Sao Lucas da Pucrs</name>
      <address>
        <city>Porto Alegre</city>
        <state>Rio Grande Do Sul</state>
        <country>Brazil</country>
      </address>
    </facility>
    <status>Recruiting</status>
  </location>
  <location>
    <facility>
      <name>Foundation Regional Faculty of Medicine of São José do Rio Preto</name>
      <address>
        <city>São José Do Rio Preto</city>
        <state>SP</state>
        <country>Brazil</country>
      </address>
    </facility>
    <status>Not yet recruiting</status>
  </location>
  <location>
    <facility>
      <name>Clinical Research Unit and Department of Infectious and Parasitic Diseases Hospital das Clínicas, School of Medicine, USP</name>
      <address>
        <city>São Paulo</city>
        <state>SP</state>
        <zip>05403-010</zip>
        <country>Brazil</country>
      </address>
    </facility>
    <status>Recruiting</status>
  </location>
  <location_countries>
    <country>Brazil</country>
  </location_countries>
  <verification_date>January 2020</verification_date>
  <study_first_submitted>March 15, 2019</study_first_submitted>
  <study_first_submitted_qc>March 25, 2019</study_first_submitted_qc>
  <study_first_posted type="Actual">March 27, 2019</study_first_posted>
  <last_update_submitted>July 22, 2020</last_update_submitted>
  <last_update_submitted_qc>July 22, 2020</last_update_submitted_qc>
  <last_update_posted type="Actual">July 23, 2020</last_update_posted>
  <responsible_party>
    <responsible_party_type>Sponsor</responsible_party_type>
  </responsible_party>
  <keyword>COVID-19</keyword>
  <keyword>Galidesivir</keyword>
  <keyword>Yellow Fever</keyword>
  <condition_browse>
    <!-- CAUTION:  The following MeSH terms are assigned with an imperfect algorithm            -->
    <mesh_term>Yellow Fever</mesh_term>
    <mesh_term>Fever</mesh_term>
  </condition_browse>
  <patient_data>
    <sharing_ipd>No</sharing_ipd>
  </patient_data>
  <!-- Results have not yet been posted for this study                                          -->
</clinical_study>

