<?xml version="1.0" encoding="UTF-8"?>
<clinical_study rank="2804">
  <!-- This xml conforms to an XML Schema at:
    https://clinicaltrials.gov/ct2/html/images/info/public.xsd -->
  <required_header>
    <download_date>ClinicalTrials.gov processed this data on February 08, 2021</download_date>
    <link_text>Link to the current ClinicalTrials.gov record.</link_text>
    <url>https://clinicaltrials.gov/show/NCT04316299</url>
  </required_header>
  <id_info>
    <org_study_id>hkyy2020-005 AKI</org_study_id>
    <nct_id>NCT04316299</nct_id>
  </id_info>
  <brief_title>Acute Kidney Injury in Patients Hospitalized With COVID-19</brief_title>
  <official_title>Acute Kidney Injury in Patients Hospitalized With COVID-19 in Wuhan, China: a Single-center Retrospective Observational Study</official_title>
  <sponsors>
    <lead_sponsor>
      <agency>Zhenhua Zen</agency>
      <agency_class>Other</agency_class>
    </lead_sponsor>
  </sponsors>
  <source>Nanfang Hospital of Southern Medical University</source>
  <oversight_info>
    <is_fda_regulated_drug>No</is_fda_regulated_drug>
    <is_fda_regulated_device>No</is_fda_regulated_device>
  </oversight_info>
  <brief_summary>
    <textblock>
      The kidney may be affected in coronavirus-2019 disease (COVID-19). This study assessed the&#xD;
      predictors and outcomes of acute kidney injury (AKI) among individuals with COVID-19.&#xD;
    </textblock>
  </brief_summary>
  <overall_status>Completed</overall_status>
  <start_date type="Actual">February 26, 2020</start_date>
  <completion_date type="Actual">March 8, 2020</completion_date>
  <primary_completion_date type="Actual">February 28, 2020</primary_completion_date>
  <study_type>Observational</study_type>
  <has_expanded_access>No</has_expanded_access>
  <study_design_info>
    <observational_model>Case-Control</observational_model>
    <time_perspective>Retrospective</time_perspective>
  </study_design_info>
  <primary_outcome>
    <measure>Rate of Acute Kidney Injury</measure>
    <time_frame>From date of admission until the date of discharge or death from any cause, up to 60 days</time_frame>
    <description>the incidence of Acute Kidney Injury</description>
  </primary_outcome>
  <secondary_outcome>
    <measure>Rate of Death</measure>
    <time_frame>From date of admission until the date of death from any cause, up to 60 days</time_frame>
    <description>death from any cause in the hospital</description>
  </secondary_outcome>
  <secondary_outcome>
    <measure>the length of hospital stay</measure>
    <time_frame>From date of admission until the date of discharge or death from any cause, up to 60 days</time_frame>
    <description>days from admission to discharge or death</description>
  </secondary_outcome>
  <number_of_groups>2</number_of_groups>
  <enrollment type="Actual">287</enrollment>
  <condition>COVID-19</condition>
  <condition>Acute Kidney Injury</condition>
  <condition>Kidney Function</condition>
  <arm_group>
    <arm_group_label>AKI</arm_group_label>
    <description>COVID-19 patients with acute kidney injury</description>
  </arm_group>
  <arm_group>
    <arm_group_label>non-AKI</arm_group_label>
    <description>COVID-19 patients without acute kidney injury</description>
  </arm_group>
  <eligibility>
    <study_pop>
      <textblock>
        Patients admitted to Hankou Hospital in Wuhan with confirmed COVID-19 pneumonia from 5th&#xD;
        Jan to 28th Feb.&#xD;
      </textblock>
    </study_pop>
    <sampling_method>Probability Sample</sampling_method>
    <criteria>
      <textblock>
        Inclusion Criteria:&#xD;
&#xD;
          -  COVID-19 pneumonia patients diagnosed by WHO criteria&#xD;
&#xD;
        Exclusion Criteria:&#xD;
&#xD;
          -  Patients who were younger than 18 years,&#xD;
&#xD;
          -  Patients who had undergone renal replacement therapy (RRT) before admission,&#xD;
&#xD;
          -  Patients whose entire stay lasted for less than 48 hours.&#xD;
      </textblock>
    </criteria>
    <gender>All</gender>
    <minimum_age>18 Years</minimum_age>
    <maximum_age>N/A</maximum_age>
    <healthy_volunteers>No</healthy_volunteers>
  </eligibility>
  <location>
    <facility>
      <name>Hankou Hospital</name>
      <address>
        <city>Wuhan</city>
        <state>Hubei</state>
        <zip>430000</zip>
        <country>China</country>
      </address>
    </facility>
  </location>
  <location_countries>
    <country>China</country>
  </location_countries>
  <link>
    <url>https://www.who.int/publications-detail/clinical-management-of-severe-acute-respiratory-infection-when-novel-coronavirus-(ncov)-infection-is-suspected</url>
    <description>Related Info</description>
  </link>
  <verification_date>March 2020</verification_date>
  <study_first_submitted>March 17, 2020</study_first_submitted>
  <study_first_submitted_qc>March 19, 2020</study_first_submitted_qc>
  <study_first_posted type="Actual">March 20, 2020</study_first_posted>
  <last_update_submitted>March 26, 2020</last_update_submitted>
  <last_update_submitted_qc>March 26, 2020</last_update_submitted_qc>
  <last_update_posted type="Actual">March 30, 2020</last_update_posted>
  <responsible_party>
    <responsible_party_type>Sponsor-Investigator</responsible_party_type>
    <investigator_affiliation>Nanfang Hospital of Southern Medical University</investigator_affiliation>
    <investigator_full_name>Zhenhua Zen</investigator_full_name>
    <investigator_title>Associate Professor</investigator_title>
  </responsible_party>
  <condition_browse>
    <!-- CAUTION:  The following MeSH terms are assigned with an imperfect algorithm            -->
    <mesh_term>Acute Kidney Injury</mesh_term>
    <mesh_term>Wounds and Injuries</mesh_term>
  </condition_browse>
  <patient_data>
    <sharing_ipd>Undecided</sharing_ipd>
  </patient_data>
  <!-- Results have not yet been posted for this study                                          -->
</clinical_study>

