<?xml version="1.0" encoding="UTF-8"?>
<clinical_study rank="4249">
  <!-- This xml conforms to an XML Schema at:
    https://clinicaltrials.gov/ct2/html/images/info/public.xsd -->
  <required_header>
    <download_date>ClinicalTrials.gov processed this data on February 08, 2021</download_date>
    <link_text>Link to the current ClinicalTrials.gov record.</link_text>
    <url>https://clinicaltrials.gov/show/NCT04263402</url>
  </required_header>
  <id_info>
    <org_study_id>TJ20200201</org_study_id>
    <nct_id>NCT04263402</nct_id>
  </id_info>
  <brief_title>The Efficacy of Different Hormone Doses in 2019-nCoV Severe Pneumonia</brief_title>
  <official_title>An Open, Prospective/Retrospective, Randomized Controlled Cohort Study to Compare the Efficacy of Different Hormone Doses in the Treatment of 2019-nCoV Severe Pneumonia</official_title>
  <sponsors>
    <lead_sponsor>
      <agency>Tongji Hospital</agency>
      <agency_class>Other</agency_class>
    </lead_sponsor>
  </sponsors>
  <source>Tongji Hospital</source>
  <oversight_info>
    <has_dmc>No</has_dmc>
    <is_fda_regulated_drug>No</is_fda_regulated_drug>
    <is_fda_regulated_device>No</is_fda_regulated_device>
  </oversight_info>
  <brief_summary>
    <textblock>
      At present, there is no specific and effective antiviral therapy.In this study, an open,&#xD;
      prospective/retrospective, randomized controlled cohort study was designed to compare the&#xD;
      efficacy of different hormone doses in the treatment of 2019-nCoV severe Pneumonia.This study&#xD;
      explores effective treatment programs for 2019-nCoV severe pneumonia and provides a reliable&#xD;
      evidence-based basis for the treatment.&#xD;
    </textblock>
  </brief_summary>
  <overall_status>Recruiting</overall_status>
  <start_date type="Actual">February 1, 2020</start_date>
  <completion_date type="Anticipated">July 1, 2020</completion_date>
  <primary_completion_date type="Anticipated">June 1, 2020</primary_completion_date>
  <phase>Phase 4</phase>
  <study_type>Interventional</study_type>
  <has_expanded_access>No</has_expanded_access>
  <study_design_info>
    <allocation>Randomized</allocation>
    <intervention_model>Parallel Assignment</intervention_model>
    <primary_purpose>Treatment</primary_purpose>
    <masking>Single (Participant)</masking>
  </study_design_info>
  <primary_outcome>
    <measure>Rate of disease remission</measure>
    <time_frame>day 7</time_frame>
    <description>For mild patients: disease remission refers to relieved symptoms with improved lung CT; For severe patients: disease remission refers to relieved symptoms with improved lung CT; or SPO2&gt;93% or PaO2/FiO2 &gt;300mmHg.</description>
  </primary_outcome>
  <primary_outcome>
    <measure>Rate and time of entering the critical stage</measure>
    <time_frame>day 7</time_frame>
    <description>the critical stage refers to respiratory failure that occurs and requires mechanical ventilation, shock, or having other organ failure that needs ICU monitoring and treatment.</description>
  </primary_outcome>
  <secondary_outcome>
    <measure>Rate of normal tempreture</measure>
    <time_frame>day 7</time_frame>
    <description>Rate of patients without fever at day 7</description>
  </secondary_outcome>
  <secondary_outcome>
    <measure>Rate of respiratory symptom remission</measure>
    <time_frame>day 7</time_frame>
    <description>Rate of patients with respiratory symptom remission at day 7</description>
  </secondary_outcome>
  <secondary_outcome>
    <measure>Rate of lung imaging recovery</measure>
    <time_frame>day 7</time_frame>
    <description>Rate of patients with lung imaging recovery at day 7</description>
  </secondary_outcome>
  <secondary_outcome>
    <measure>Rate of laboratory indicator recovery</measure>
    <time_frame>day 7</time_frame>
    <description>Rate of patients with laboratory indicator recovery at day 7</description>
  </secondary_outcome>
  <secondary_outcome>
    <measure>Rate of undetectable viral RNA</measure>
    <time_frame>day 7</time_frame>
    <description>Rate of patients withundetectable viral RNA at day 7</description>
  </secondary_outcome>
  <number_of_arms>2</number_of_arms>
  <enrollment type="Anticipated">100</enrollment>
  <condition>2019-nCoV Severe Pneumonia</condition>
  <arm_group>
    <arm_group_label>Methylprednisolone(&lt;40mg/d)</arm_group_label>
    <arm_group_type>Experimental</arm_group_type>
  </arm_group>
  <arm_group>
    <arm_group_label>Methylprednisolone(40~80mg/d)</arm_group_label>
    <arm_group_type>Experimental</arm_group_type>
  </arm_group>
  <intervention>
    <intervention_type>Drug</intervention_type>
    <intervention_name>Methylprednisolone</intervention_name>
    <description>Patients in the Group I will receive basic symptomatic supportive treatment,plus methylprednisolone(&lt;40mg/d intravenous drip for 7 days).</description>
    <arm_group_label>Methylprednisolone(&lt;40mg/d)</arm_group_label>
  </intervention>
  <intervention>
    <intervention_type>Drug</intervention_type>
    <intervention_name>Methylprednisolone</intervention_name>
    <description>Patients in the Group II will receive basic symptomatic supportive treatment,plus methylprednisolone(40~80mg/d intravenous drip for 7 days).</description>
    <arm_group_label>Methylprednisolone(40~80mg/d)</arm_group_label>
  </intervention>
  <eligibility>
    <criteria>
      <textblock>
        Inclusion Criteria:&#xD;
&#xD;
        1.Meet the definition of severe pneumonia(Comply with any of the followings):&#xD;
&#xD;
          1. Shortness of breath,RR≥30 bpm;&#xD;
&#xD;
          2. In a resting state:SPO2≤93%;&#xD;
&#xD;
          3. PaO2/FiO2≤300mmHg.&#xD;
&#xD;
        2.2019-nCoV nucleic acid test was positive.&#xD;
&#xD;
        3.CT of the lung conformed to the manifestation of viral pneumonia.&#xD;
&#xD;
        Exclusion Criteria:&#xD;
&#xD;
          1. dying state (i.e. survival time is less than 24 hours);&#xD;
&#xD;
          2. progressive malignant tumor with life expectancy less than 6 months;&#xD;
&#xD;
          3. immunosuppressive status(patients using immunosuppressants or chemotherapeutic drugs)&#xD;
&#xD;
          4. underlying diseases requiring long-term glucocorticoid treatment in the past 6 months&#xD;
             or short-term glucocorticoid therapy in the past 4 weeks;&#xD;
&#xD;
          5. pregnancy&#xD;
&#xD;
          6. patients with glucocorticoid taboos&#xD;
      </textblock>
    </criteria>
    <gender>All</gender>
    <minimum_age>18 Years</minimum_age>
    <maximum_age>N/A</maximum_age>
    <healthy_volunteers>No</healthy_volunteers>
  </eligibility>
  <overall_contact>
    <last_name>Qing Ning, Professor</last_name>
    <phone>+8613971521450</phone>
    <email>qning@vip.sina.com</email>
  </overall_contact>
  <overall_contact_backup>
    <last_name>Meifang Han, Professor</last_name>
    <phone>+8613986093605</phone>
    <email>mfhan@foxmail.com</email>
  </overall_contact_backup>
  <location>
    <facility>
      <name>Department and Institute of Infectious Disease</name>
      <address>
        <city>Wuhan</city>
        <state>Hubei</state>
        <zip>430030</zip>
        <country>China</country>
      </address>
    </facility>
    <status>Recruiting</status>
    <contact>
      <last_name>Qin Ning, professor</last_name>
      <email>qning@vip.sina.com</email>
    </contact>
    <contact_backup>
      <last_name>Meifang Han, professor</last_name>
      <email>mfhan@foxmail.com</email>
    </contact_backup>
  </location>
  <location_countries>
    <country>China</country>
  </location_countries>
  <verification_date>March 2020</verification_date>
  <study_first_submitted>February 2, 2020</study_first_submitted>
  <study_first_submitted_qc>February 7, 2020</study_first_submitted_qc>
  <study_first_posted type="Actual">February 10, 2020</study_first_posted>
  <last_update_submitted>March 14, 2020</last_update_submitted>
  <last_update_submitted_qc>March 14, 2020</last_update_submitted_qc>
  <last_update_posted type="Actual">March 17, 2020</last_update_posted>
  <responsible_party>
    <responsible_party_type>Principal Investigator</responsible_party_type>
    <investigator_affiliation>Tongji Hospital</investigator_affiliation>
    <investigator_full_name>Qin Ning</investigator_full_name>
    <investigator_title>Professor</investigator_title>
  </responsible_party>
  <condition_browse>
    <!-- CAUTION:  The following MeSH terms are assigned with an imperfect algorithm            -->
    <mesh_term>Pneumonia</mesh_term>
  </condition_browse>
  <intervention_browse>
    <!-- CAUTION:  The following MeSH terms are assigned with an imperfect algorithm            -->
    <mesh_term>Methylprednisolone</mesh_term>
    <mesh_term>Methylprednisolone Acetate</mesh_term>
    <mesh_term>Methylprednisolone Hemisuccinate</mesh_term>
    <mesh_term>Prednisolone</mesh_term>
    <mesh_term>Prednisolone acetate</mesh_term>
    <mesh_term>Prednisolone hemisuccinate</mesh_term>
    <mesh_term>Prednisolone phosphate</mesh_term>
  </intervention_browse>
  <patient_data>
    <sharing_ipd>Undecided</sharing_ipd>
  </patient_data>
  <!-- Results have not yet been posted for this study                                          -->
</clinical_study>

