<?xml version="1.0" encoding="UTF-8"?>
<clinical_study rank="4263">
  <!-- This xml conforms to an XML Schema at:
    https://clinicaltrials.gov/ct2/html/images/info/public.xsd -->
  <required_header>
    <download_date>ClinicalTrials.gov processed this data on February 08, 2021</download_date>
    <link_text>Link to the current ClinicalTrials.gov record.</link_text>
    <url>https://clinicaltrials.gov/show/NCT04314817</url>
  </required_header>
  <id_info>
    <org_study_id>CIC1421-20-04</org_study_id>
    <nct_id>NCT04314817</nct_id>
  </id_info>
  <brief_title>Adverse Events Related to Treatments Used Against Coronavirus Disease 2019</brief_title>
  <acronym>CovidTox</acronym>
  <official_title>Adverse Events Related to Treatments Used Against Coronavirus Disease 2019</official_title>
  <sponsors>
    <lead_sponsor>
      <agency>Groupe Hospitalier Pitie-Salpetriere</agency>
      <agency_class>Other</agency_class>
    </lead_sponsor>
    <collaborator>
      <agency>CMC Ambroise Paré</agency>
      <agency_class>Other</agency_class>
    </collaborator>
  </sponsors>
  <source>Groupe Hospitalier Pitie-Salpetriere</source>
  <oversight_info>
    <has_dmc>No</has_dmc>
    <is_fda_regulated_drug>Yes</is_fda_regulated_drug>
    <is_fda_regulated_device>No</is_fda_regulated_device>
    <is_us_export>No</is_us_export>
  </oversight_info>
  <brief_summary>
    <textblock>
      The outbreak of Covid-19 started several clinical trials and treatment experiments all over&#xD;
      the world in the first months of 2020. This study investigates reports of adverse events&#xD;
      related to used molecules, including but not limited to protease inhibitors&#xD;
      (lopinavir/ritonavir), chloroquine, azithromycin, remdesivir and interferon beta-1a. Analyses&#xD;
      of reports also include the International classification of disease ICD-10 for treatments in&#xD;
      the World Health Organization (WHO) global Individual Case Safety Report (ICSR) database&#xD;
      (VigiBase).&#xD;
    </textblock>
  </brief_summary>
  <overall_status>Recruiting</overall_status>
  <start_date type="Actual">March 17, 2020</start_date>
  <completion_date type="Anticipated">January 1, 2023</completion_date>
  <primary_completion_date type="Anticipated">January 1, 2021</primary_completion_date>
  <study_type>Observational</study_type>
  <has_expanded_access>No</has_expanded_access>
  <study_design_info>
    <observational_model>Case-Only</observational_model>
    <time_perspective>Cross-Sectional</time_perspective>
  </study_design_info>
  <primary_outcome>
    <measure>Renal failure</measure>
    <time_frame>Case reported in the World Health Organization (WHO) database of individual safety case reports to 17/03/2020</time_frame>
    <description>defined by the Medical Dictionary for Regulatory Activities (MeDRA) terms</description>
  </primary_outcome>
  <secondary_outcome>
    <measure>Heart failure</measure>
    <time_frame>Case reported in the World Health Organization (WHO) database of individual safety case reports to 17/03/2020</time_frame>
    <description>defined by the Medical Dictionary for Regulatory Activities (MeDRA) terms</description>
  </secondary_outcome>
  <secondary_outcome>
    <measure>EKG disturbance</measure>
    <time_frame>Case reported in the World Health Organization (WHO) database of individual safety case reports to 17/03/2020</time_frame>
    <description>defined by the Medical Dictionary for Regulatory Activities (MeDRA) terms</description>
  </secondary_outcome>
  <secondary_outcome>
    <measure>Hepatic failure</measure>
    <time_frame>Case reported in the World Health Organization (WHO) database of individual safety case reports to 17/03/2020</time_frame>
    <description>defined by the Medical Dictionary for Regulatory Activities (MeDRA) terms</description>
  </secondary_outcome>
  <secondary_outcome>
    <measure>Anemia</measure>
    <time_frame>Case reported in the World Health Organization (WHO) database of individual safety case reports to 17/03/2020</time_frame>
    <description>defined by the Medical Dictionary for Regulatory Activities (MeDRA) terms</description>
  </secondary_outcome>
  <secondary_outcome>
    <measure>Leucopenia</measure>
    <time_frame>Case reported in the World Health Organization (WHO) database of individual safety case reports to 17/03/2020</time_frame>
    <description>defined by the Medical Dictionary for Regulatory Activities (MeDRA) terms</description>
  </secondary_outcome>
  <secondary_outcome>
    <measure>Vascular disease</measure>
    <time_frame>Case reported in the World Health Organization (WHO) database of individual safety case reports to 17/03/2020</time_frame>
    <description>defined by the Medical Dictionary for Regulatory Activities (MeDRA) terms</description>
  </secondary_outcome>
  <secondary_outcome>
    <measure>Toxidermia</measure>
    <time_frame>Case reported in the World Health Organization (WHO) database of individual safety case reports to 17/03/2020</time_frame>
    <description>defined by the Medical Dictionary for Regulatory Activities (MeDRA) terms</description>
  </secondary_outcome>
  <secondary_outcome>
    <measure>Osteoarticular adverse event</measure>
    <time_frame>Case reported in the World Health Organization (WHO) database of individual safety case reports to 17/03/2020</time_frame>
    <description>defined by the Medical Dictionary for Regulatory Activities (MeDRA) terms</description>
  </secondary_outcome>
  <secondary_outcome>
    <measure>Death</measure>
    <time_frame>Case reported in the World Health Organization (WHO) database of individual safety case reports to 17/03/2020</time_frame>
    <description>defined by the Medical Dictionary for Regulatory Activities (MeDRA) terms</description>
  </secondary_outcome>
  <secondary_outcome>
    <measure>Acute respiratory distress syndrome</measure>
    <time_frame>Case reported in the World Health Organization (WHO) database of individual safety case reports to 17/03/2020</time_frame>
    <description>defined by the Medical Dictionary for Regulatory Activities (MeDRA) terms</description>
  </secondary_outcome>
  <secondary_outcome>
    <measure>Pulmonary embolism or pulmonary hypertension</measure>
    <time_frame>Case reported in the World Health Organization (WHO) database of individual safety case reports to 17/03/2020</time_frame>
    <description>defined by the Medical Dictionary for Regulatory Activities (MeDRA) terms</description>
  </secondary_outcome>
  <number_of_groups>1</number_of_groups>
  <enrollment type="Anticipated">1000</enrollment>
  <condition>Coronavirus</condition>
  <condition>Iatrogenic Disease</condition>
  <condition>Acute Kidney Injury</condition>
  <condition>ARDS, Human</condition>
  <arm_group>
    <arm_group_label>Patients treated for Covid-19</arm_group_label>
  </arm_group>
  <intervention>
    <intervention_type>Drug</intervention_type>
    <intervention_name>Any drug used to treat Covid-19</intervention_name>
    <description>lopinavir/ritonavir, remdesivir, interferon beta-1a, chloroquine and/or azithromycin. This list may be amended at a further date.</description>
    <arm_group_label>Patients treated for Covid-19</arm_group_label>
  </intervention>
  <eligibility>
    <study_pop>
      <textblock>
        Patients treated with a drug that could be reported in the WHO's pharmacovigilance database&#xD;
        and with a plausible indication against Covid-19&#xD;
      </textblock>
    </study_pop>
    <sampling_method>Non-Probability Sample</sampling_method>
    <criteria>
      <textblock>
        Inclusion Criteria:&#xD;
&#xD;
          -  all patients treated for Covid-19&#xD;
&#xD;
        Exclusion Criteria:&#xD;
&#xD;
          -  Chronology not compatible between the drug and the toxicity&#xD;
      </textblock>
    </criteria>
    <gender>All</gender>
    <minimum_age>N/A</minimum_age>
    <maximum_age>N/A</maximum_age>
    <healthy_volunteers>No</healthy_volunteers>
  </eligibility>
  <overall_official>
    <last_name>Joe-Elie Salem, MD, PhD</last_name>
    <role>Study Director</role>
    <affiliation>Clinical Investigations Center</affiliation>
  </overall_official>
  <overall_contact>
    <last_name>Lee S Nguyen, MD, PhDc</last_name>
    <phone>0033158414143</phone>
    <email>nguyen.lee@icloud.com</email>
  </overall_contact>
  <location>
    <facility>
      <name>AP-HP Assistance Publique Hopitaux de Paris</name>
      <address>
        <city>Paris</city>
        <country>France</country>
      </address>
    </facility>
    <status>Recruiting</status>
    <contact>
      <last_name>Lee S Nguyen, MD, PhDc</last_name>
    </contact>
  </location>
  <location_countries>
    <country>France</country>
  </location_countries>
  <verification_date>March 2020</verification_date>
  <study_first_submitted>March 17, 2020</study_first_submitted>
  <study_first_submitted_qc>March 17, 2020</study_first_submitted_qc>
  <study_first_posted type="Actual">March 19, 2020</study_first_posted>
  <last_update_submitted>March 18, 2020</last_update_submitted>
  <last_update_submitted_qc>March 18, 2020</last_update_submitted_qc>
  <last_update_posted type="Actual">March 20, 2020</last_update_posted>
  <responsible_party>
    <responsible_party_type>Principal Investigator</responsible_party_type>
    <investigator_affiliation>Groupe Hospitalier Pitie-Salpetriere</investigator_affiliation>
    <investigator_full_name>Lee S Nguyen</investigator_full_name>
    <investigator_title>Principal Investigator</investigator_title>
  </responsible_party>
  <condition_browse>
    <!-- CAUTION:  The following MeSH terms are assigned with an imperfect algorithm            -->
    <mesh_term>Coronavirus Infections</mesh_term>
    <mesh_term>Respiratory Distress Syndrome, Adult</mesh_term>
    <mesh_term>Acute Kidney Injury</mesh_term>
    <mesh_term>Iatrogenic Disease</mesh_term>
  </condition_browse>
  <patient_data>
    <sharing_ipd>No</sharing_ipd>
    <ipd_description>No individual data is available per se. They need to be retrieved from the World Health Organization.</ipd_description>
  </patient_data>
  <!-- Results have not yet been posted for this study                                          -->
</clinical_study>

