<?xml version="1.0" encoding="UTF-8"?>
<clinical_study rank="4941">
  <!-- This xml conforms to an XML Schema at:
    https://clinicaltrials.gov/ct2/html/images/info/public.xsd -->
  <required_header>
    <download_date>ClinicalTrials.gov processed this data on February 08, 2021</download_date>
    <link_text>Link to the current ClinicalTrials.gov record.</link_text>
    <url>https://clinicaltrials.gov/show/NCT04302987</url>
  </required_header>
  <id_info>
    <org_study_id>Helsinki University</org_study_id>
    <nct_id>NCT04302987</nct_id>
  </id_info>
  <brief_title>Vitamin D Intervention in Infants - 6 Years Follow-up (VIDI2)</brief_title>
  <acronym>VIDI2</acronym>
  <official_title>VITAMIN D INTERVENTION IN INFANTS: Effects of Early Vitamin D Exposure on Childhood Health at 6 Years - a Follow-up Study</official_title>
  <sponsors>
    <lead_sponsor>
      <agency>University of Helsinki</agency>
      <agency_class>Other</agency_class>
    </lead_sponsor>
  </sponsors>
  <source>University of Helsinki</source>
  <oversight_info>
    <has_dmc>No</has_dmc>
    <is_fda_regulated_drug>No</is_fda_regulated_drug>
    <is_fda_regulated_device>No</is_fda_regulated_device>
  </oversight_info>
  <brief_summary>
    <textblock>
      Exposure to vitamin D intervention in early life may have permanent effects on physiology and&#xD;
      metabolism. Bone growth and mineralization, development of immunity, body composition and&#xD;
      brain structure and functioning may be affected. The importance of a long-term surveillance&#xD;
      includes follow-up of both beneficial but also harmful effects of vitamin D.&#xD;
&#xD;
      Vitamin D intervention in infants (VIDI) study was conducted in 2013-2016. VIDI study was a&#xD;
      large randomized trial that aimed to evaluate effects of two vitamin D supplemental doses of&#xD;
      daily 10 ug and 30 ug from the age 2 weeks until 2 years on bone strength, infections,&#xD;
      immunity, allergy, atopy and asthma, neurologic and cognitive development, and genetic&#xD;
      regulation of mineral homeostasis. Current study is a 6 Years Follow-up (VIDI2) study of the&#xD;
      original VIDI trial.&#xD;
&#xD;
      Our focuses of interest in the follow-up are: bone strength, growth pattern, body&#xD;
      composition, and morbidity due to infections and allergic diseases, and the development of&#xD;
      immunity. Further, in addition to more classical associates of vitamin D, our aim is to&#xD;
      continue to follow-up children's neurocognitive development and mental health. We will also&#xD;
      focus on the effect of vitamin D supplementation on occurrence of molar-incisor&#xD;
      hypomineralization, dental caries, and oral immunity.&#xD;
    </textblock>
  </brief_summary>
  <overall_status>Recruiting</overall_status>
  <start_date type="Actual">November 1, 2019</start_date>
  <completion_date type="Anticipated">October 2021</completion_date>
  <primary_completion_date type="Anticipated">October 2021</primary_completion_date>
  <study_type>Observational</study_type>
  <has_expanded_access>No</has_expanded_access>
  <study_design_info>
    <observational_model>Cohort</observational_model>
    <time_perspective>Prospective</time_perspective>
  </study_design_info>
  <primary_outcome>
    <measure>Areal bone mineral quantity</measure>
    <time_frame>6.5 years</time_frame>
    <description>Bone mineral quantity in milligrams per millimeter is measured by peripheral quantitative computed tomography (pQCT).</description>
  </primary_outcome>
  <primary_outcome>
    <measure>Volumetric bone mineral density</measure>
    <time_frame>6.5 years</time_frame>
    <description>Bone mineral density in milligrams per cubic centimeter is measured by pQCT.</description>
  </primary_outcome>
  <primary_outcome>
    <measure>Cross-sectional area of the bone</measure>
    <time_frame>6.5 years</time_frame>
    <description>Cross-sectional area of the bone in square millimeters is measured by pQCT.</description>
  </primary_outcome>
  <primary_outcome>
    <measure>Bone mineral quantity</measure>
    <time_frame>6.5 years</time_frame>
    <description>Bone mineral quantity in grams is measured by dual-energy X-ray absorptiometry (DXA).</description>
  </primary_outcome>
  <primary_outcome>
    <measure>Bone mineral density</measure>
    <time_frame>6.5 years</time_frame>
    <description>Bone mineral density in grams per centimeter squared is measured by DXA.</description>
  </primary_outcome>
  <primary_outcome>
    <measure>Serum intact parathyroid hormone</measure>
    <time_frame>6.5 years</time_frame>
    <description>Serum intact parathyroid hormone concentration is measured from blood samples with the blood gas analyzer ABL 90 FLEX or ABL 835 FLEX.</description>
  </primary_outcome>
  <primary_outcome>
    <measure>Plasma ionized calcium</measure>
    <time_frame>6.5 years</time_frame>
    <description>Plasma ionized calcium concentration is measured from blood samples with the blood gas analyzer ABL 90 FLEX or ABL 835 FLEX.</description>
  </primary_outcome>
  <primary_outcome>
    <measure>Plasma alkaline phosphatase</measure>
    <time_frame>6.5 years</time_frame>
    <description>Plasma alkaline phosphatase concentration is measured from blood samples with photometric methods.</description>
  </primary_outcome>
  <primary_outcome>
    <measure>Serum C-telopeptide of type I collagen</measure>
    <time_frame>6.5 years</time_frame>
    <description>Serum C-telopeptide of type I collagen is measured with competitive polyclonal antibody assay.</description>
  </primary_outcome>
  <primary_outcome>
    <measure>Plasma fibroblast growth factor 23</measure>
    <time_frame>6.5 years</time_frame>
    <description>Plasma intact and C-terminal fibroblast growth factor 23 is determined with enzyme-linked immunosorbent assay.</description>
  </primary_outcome>
  <primary_outcome>
    <measure>Morbidity due to infectious diseases</measure>
    <time_frame>6.5 years</time_frame>
    <description>Morbidity due to infectious diseases in frequencies and type are to be collected via questionnaires filled in by parents.</description>
  </primary_outcome>
  <primary_outcome>
    <measure>Morbidity due to allergic diseases</measure>
    <time_frame>6.5 years</time_frame>
    <description>Morbidity due to allergic diseases and symptoms are to be collected via questionnaires filled in by parents.</description>
  </primary_outcome>
  <primary_outcome>
    <measure>Weight</measure>
    <time_frame>6.5 years</time_frame>
    <description>Weight in kilograms is measured with a Seca 285 digital measuring station.</description>
  </primary_outcome>
  <primary_outcome>
    <measure>Height</measure>
    <time_frame>6.5 years</time_frame>
    <description>.Height in centimeters is measured with a Seca 285 digital measuring station</description>
  </primary_outcome>
  <primary_outcome>
    <measure>Fat mass</measure>
    <time_frame>6.5 years</time_frame>
    <description>Fat mass in kilograms based on ohms is measured by InBody bioelectrical impedance analysis.</description>
  </primary_outcome>
  <primary_outcome>
    <measure>Fat-free mass</measure>
    <time_frame>6.5 years</time_frame>
    <description>Fat-free mass in kilograms based on ohms is measured with InBody.</description>
  </primary_outcome>
  <secondary_outcome>
    <measure>High sensitivity C-reactive protein</measure>
    <time_frame>6.5 years</time_frame>
    <description>High sensitivity C-reactive protein is measured with enzyme immunoassay.</description>
  </secondary_outcome>
  <secondary_outcome>
    <measure>Plasma matrix metalloproteinase 8</measure>
    <time_frame>6.5 years</time_frame>
    <description>Plasma matrix metalloproteinase 8 is analysed with time-resolved immunofluorometric assay.</description>
  </secondary_outcome>
  <secondary_outcome>
    <measure>Gene variants</measure>
    <time_frame>6.5 years</time_frame>
    <description>Gene variants associated with vitamin D metabolism and primary outcomes are performed using Sanger-sequencing, Taqman and genome-wide SNP-arrays.</description>
  </secondary_outcome>
  <secondary_outcome>
    <measure>Epigenetic changes</measure>
    <time_frame>6.5 years</time_frame>
    <description>Epigenetic changes associated with vitamin D metabolism and primary outcomes are performed using methylation assays.</description>
  </secondary_outcome>
  <secondary_outcome>
    <measure>Cognitive abilities</measure>
    <time_frame>6.5 years</time_frame>
    <description>Cognitive abilities are measured with Wechsler Intelligence Scale for Children-IV. Scales are scored according to the manual and standardized total scores vary between 10 and 159. Higher scores present better performance.</description>
  </secondary_outcome>
  <secondary_outcome>
    <measure>Executive functioning</measure>
    <time_frame>6.5 years</time_frame>
    <description>Executive functions are measured with performance based test called NEPSY-II. Scales are scored according to the manual. Higher scores represent better performance.</description>
  </secondary_outcome>
  <secondary_outcome>
    <measure>Psychiatric disorders and symptoms</measure>
    <time_frame>6.5 years</time_frame>
    <description>Psychiatric disorders and symptoms are measured with parent-rated questionnaire: the Child behavioral checklist. Scales are scored according to the manual. Maximum and minimum values very between subscales scales. Higher scores represent worse outcomes, i.e. more psychiatric symptoms.</description>
  </secondary_outcome>
  <secondary_outcome>
    <measure>Attention deficient and hyperactivity symptoms</measure>
    <time_frame>6.5 years</time_frame>
    <description>Attention deficient and hyperactivity symptoms are measured with parent rated 'ADHD Rating Scale IV'-questionnaire. Scales are scored according to the published guidelines and higher scores reflect more problems.</description>
  </secondary_outcome>
  <secondary_outcome>
    <measure>Autism spectrum disorders and symptoms</measure>
    <time_frame>6.5 years</time_frame>
    <description>Parent-rated Autism Spectrum Screening Questionnaire is used to measure Autism spectrum disorders and symptoms. Scales are scored according to the published guidelines and higher scores reflect more problems.</description>
  </secondary_outcome>
  <secondary_outcome>
    <measure>Sleep</measure>
    <time_frame>6.5 years</time_frame>
    <description>Sleep is measured using a parent rated Sleep Disturbance Scale for Children. Questionnaire is scored according to publishers guidelines and the minimum and maximum scores vary. Higher scores in disturbance scales present worse outcome whereas a longer time at sleep represents a better outcome.</description>
  </secondary_outcome>
  <secondary_outcome>
    <measure>Temperament</measure>
    <time_frame>6.5 years</time_frame>
    <description>Temperament is measured using parent rated questionnaire 'The Children's Behavior Questionnaire'. Questionnaire is scored according to manual and the minimum and maximum scores vary by temperament dimension. Higher scores do not as such mean better or worse outcome.</description>
  </secondary_outcome>
  <secondary_outcome>
    <measure>Prevalence of molar-incisor hypomineralization</measure>
    <time_frame>6.5 years</time_frame>
    <description>Clinical evaluation by dentist of tooth enamel opacities, posteruptive enamel breakdown, atypical restorations, and/or extractions of molars according to the European Academy of Paediatric Dentistry criteria</description>
  </secondary_outcome>
  <secondary_outcome>
    <measure>Prevalence of caries</measure>
    <time_frame>6.5 years</time_frame>
    <description>Clinical evaluation by dentist as decayed or filled tooth surfaces.</description>
  </secondary_outcome>
  <secondary_outcome>
    <measure>Salivary matrix metalloproteinase 8 level</measure>
    <time_frame>6.5 years</time_frame>
    <description>Salivary matrix metalloproteinase 8 is analysed with salivary sample test.</description>
  </secondary_outcome>
  <secondary_outcome>
    <measure>SARS-CoV-2 virus antibodies</measure>
    <time_frame>6,.5 years</time_frame>
    <description>SARS-CoV-2 virus antibodies are measured from blood samples</description>
  </secondary_outcome>
  <secondary_outcome>
    <measure>SARS-CoV-2 virus</measure>
    <time_frame>6.5 years</time_frame>
    <description>SARS-CoV-2 virus PCR is analyzed from saliva</description>
  </secondary_outcome>
  <enrollment type="Anticipated">832</enrollment>
  <condition>Bone Strength</condition>
  <condition>Growth</condition>
  <condition>Body Composition</condition>
  <condition>Infection</condition>
  <condition>Allergic Diseases</condition>
  <condition>Dental Health</condition>
  <eligibility>
    <study_pop>
      <textblock>
        In the original VIDI study the eligible infants were born at term (37 weeks and 0 days' to&#xD;
        42 weeks and 0 days' gestation), with a birth weight within 2 SDs of the mean for&#xD;
        gestational age. Infants excluded were those requiring intravenous glucose, antibiotics,&#xD;
        nasal continuous positive airway pressure treatment for more than 1 day, phototherapy for&#xD;
        more than 3 days, or nasogastric tube feeding for more than 1 day and infants with&#xD;
        seizures.&#xD;
      </textblock>
    </study_pop>
    <sampling_method>Non-Probability Sample</sampling_method>
    <criteria>
      <textblock>
        Inclusion Criteria:&#xD;
&#xD;
        All who participated in the original VIDI study until last study visit at the age of 2&#xD;
        years.&#xD;
      </textblock>
    </criteria>
    <gender>All</gender>
    <minimum_age>6 Years</minimum_age>
    <maximum_age>7 Years</maximum_age>
    <healthy_volunteers>Accepts Healthy Volunteers</healthy_volunteers>
  </eligibility>
  <overall_official>
    <last_name>Sture Andersson, MD</last_name>
    <role>Principal Investigator</role>
    <affiliation>Helsinki University Central Hospital</affiliation>
  </overall_official>
  <overall_contact>
    <last_name>Sture Andersson</last_name>
    <phone>+385504272274</phone>
    <email>sture.andersson@hus.fi</email>
  </overall_contact>
  <overall_contact_backup>
    <last_name>Elisa Holmlund-Suila</last_name>
    <email>elisa.holmlund-suila@hus.fi</email>
  </overall_contact_backup>
  <location>
    <facility>
      <name>Children's Hospital</name>
      <address>
        <city>Helsinki</city>
        <country>Finland</country>
      </address>
    </facility>
    <status>Recruiting</status>
    <contact>
      <last_name>Sture Andersson</last_name>
      <email>sture.andersson@hus.fi</email>
    </contact>
  </location>
  <location_countries>
    <country>Finland</country>
  </location_countries>
  <verification_date>October 2020</verification_date>
  <study_first_submitted>February 24, 2020</study_first_submitted>
  <study_first_submitted_qc>March 6, 2020</study_first_submitted_qc>
  <study_first_posted type="Actual">March 10, 2020</study_first_posted>
  <last_update_submitted>October 29, 2020</last_update_submitted>
  <last_update_submitted_qc>October 29, 2020</last_update_submitted_qc>
  <last_update_posted type="Actual">November 2, 2020</last_update_posted>
  <responsible_party>
    <responsible_party_type>Principal Investigator</responsible_party_type>
    <investigator_affiliation>University of Helsinki</investigator_affiliation>
    <investigator_full_name>Sture Andersson</investigator_full_name>
    <investigator_title>Professor Sture Andersson</investigator_title>
  </responsible_party>
  <!-- Results have not yet been posted for this study                                          -->
</clinical_study>

