<?xml version="1.0" encoding="UTF-8"?>
<clinical_study rank="3864">
  <!-- This xml conforms to an XML Schema at:
    https://clinicaltrials.gov/ct2/html/images/info/public.xsd -->
  <required_header>
    <download_date>ClinicalTrials.gov processed this data on February 08, 2021</download_date>
    <link_text>Link to the current ClinicalTrials.gov record.</link_text>
    <url>https://clinicaltrials.gov/show/NCT04334967</url>
  </required_header>
  <id_info>
    <org_study_id>2020000186</org_study_id>
    <nct_id>NCT04334967</nct_id>
  </id_info>
  <brief_title>Hydroxychloroquine in Patients With Newly Diagnosed COVID-19 Compared to Standard of Care</brief_title>
  <official_title>Randomized Study to Evaluate the Safety and Antiviral Efficacy of Hydroxychloroquine in Patients With Newly Diagnosed COVID-19 Compared to Standard of Care Treatment</official_title>
  <sponsors>
    <lead_sponsor>
      <agency>Providence Health &amp; Services</agency>
      <agency_class>Other</agency_class>
    </lead_sponsor>
    <collaborator>
      <agency>Center for Outcomes Research and Education</agency>
      <agency_class>Other</agency_class>
    </collaborator>
    <collaborator>
      <agency>Providence Cancer Center, Earle A. Chiles Research Institute</agency>
      <agency_class>Other</agency_class>
    </collaborator>
  </sponsors>
  <source>Providence Health &amp; Services</source>
  <oversight_info>
    <has_dmc>No</has_dmc>
    <is_fda_regulated_drug>Yes</is_fda_regulated_drug>
    <is_fda_regulated_device>No</is_fda_regulated_device>
    <is_us_export>No</is_us_export>
  </oversight_info>
  <brief_summary>
    <textblock>
      This study will assess the efficacy of hydroxychloroquine in reducing the severity of&#xD;
      symptoms in patients with COVID-19&#xD;
    </textblock>
  </brief_summary>
  <detailed_description>
    <textblock>
      Hydroxychloroquine has primarily been raised as a potential treatment of SARS-Cov-2 based on&#xD;
      in vitro antiviral activity. A draft paper was released recently in March by Didier Raoult&#xD;
      from Aix-Marseille University in France on a preliminary trial of 36 COVID-19 patients. In&#xD;
      this trial, 6 patients were asymptomatic, 22 had upper respiratory symptoms, and 8 had lower&#xD;
      respiratory symptoms. Between early and mid-March, they treated 20 of these patients with 600&#xD;
      mg of hydroxychloroquine daily in a hospital setting. Some patient also received the&#xD;
      antibiotic azithromycin. 16 patients served as the controls. They observed a significant&#xD;
      reduction in viral load in patients with hydroxychloroquine. After 6 days, 70% of the treated&#xD;
      patients were considered cured (no virus detected in their samples) compared to 12.5% of&#xD;
      controls. All 6 patients who received both hydroxychloroquine and azithromycin were negative&#xD;
      for the virus after 6 days. This was an unblinded, non-randomized trial.&#xD;
&#xD;
      Vitamin C has multiple in-vivo effects on immune modulation that may, in sum, limit the&#xD;
      development of the cytokine excess associated with critical illness. It is currently being&#xD;
      studied in a clinical trial as a treatment for severe SARS-CoV-2 pneumonia in China and&#xD;
      recommended as a supplement in standard treatment of COVID-19.&#xD;
&#xD;
      There are no medications currently approved for treatment of COVID-19. Hydroxychloroquine is&#xD;
      a known drug with low toxicity that may reduce progression of respiratory symptoms and&#xD;
      resulting hospitalizations. This randomized control study will assess its potential as an&#xD;
      off-label treatment in reducing the rates of hospitalization and subsequent mechanical&#xD;
      ventilation from COVID-19 infection compared to standard of care treatment with Vitamin C. A&#xD;
      randomized control trial with placebo is impractical due to the increasing availability of&#xD;
      this medication to the public.&#xD;
    </textblock>
  </detailed_description>
  <overall_status>Suspended</overall_status>
  <why_stopped>
    suspected unfavorable risk/benefit assessment&#xD;
  </why_stopped>
  <start_date type="Actual">March 30, 2020</start_date>
  <completion_date type="Anticipated">May 27, 2022</completion_date>
  <primary_completion_date type="Anticipated">May 27, 2021</primary_completion_date>
  <phase>Phase 4</phase>
  <study_type>Interventional</study_type>
  <has_expanded_access>No</has_expanded_access>
  <study_design_info>
    <allocation>Randomized</allocation>
    <intervention_model>Parallel Assignment</intervention_model>
    <intervention_model_description>Upon confirmation of positive nasopharyngeal test for SARS-CoV-2, eligible patients will be randomized 1:1 to either a treatment group or control group.</intervention_model_description>
    <primary_purpose>Treatment</primary_purpose>
    <masking>Single (Outcomes Assessor)</masking>
    <masking_description>Analysts will be blinded to patient randomization; outcome data analyses will be conducted with patient identifiers removed.</masking_description>
  </study_design_info>
  <primary_outcome>
    <measure>Total Hospitalization</measure>
    <time_frame>14 days</time_frame>
    <description>This outcome will be assessed by comparing the percentages of enrolled patients that are hospitalized in the treatment and control arms.</description>
  </primary_outcome>
  <primary_outcome>
    <measure>Total Mechanical Ventilation</measure>
    <time_frame>14 days</time_frame>
    <description>This outcome will be assessed by comparing the percentages of enrolled patients that have received mechanical ventilation in the treatment and control arms.</description>
  </primary_outcome>
  <secondary_outcome>
    <measure>Fever intensity measure</measure>
    <time_frame>2 days</time_frame>
    <description>Self-reported body temperature. Each report scored low (less than 100.4), medium (100.4-102.2), or high (higher than 102.2). Outcome will be assessed by calculating percentage of patients with reported high, medium, low temperature at specified time points.</description>
  </secondary_outcome>
  <secondary_outcome>
    <measure>Fever intensity measure</measure>
    <time_frame>5 days</time_frame>
    <description>Self-reported body temperature. Each report scored low (less than 100.4), medium (100.4-102.2), or high (higher than 102.2). Outcome will be assessed by calculating percentage of patients with reported high, medium, low temperature at specified time points.</description>
  </secondary_outcome>
  <secondary_outcome>
    <measure>Fever intensity measure</measure>
    <time_frame>10 days</time_frame>
    <description>Self-reported body temperature. Each report scored low (less than 100.4), medium (100.4-102.2), or high (higher than 102.2). Outcome will be assessed by calculating percentage of patients with reported high, medium, low temperature at specified time points.</description>
  </secondary_outcome>
  <secondary_outcome>
    <measure>Fever intensity measure</measure>
    <time_frame>14 days</time_frame>
    <description>Self-reported body temperature. Each report scored low (less than 100.4), medium (100.4-102.2), or high (higher than 102.2). Outcome will be assessed by calculating percentage of patients with reported high, medium, low temperature at specified time points.</description>
  </secondary_outcome>
  <secondary_outcome>
    <measure>Shortness of breath measure</measure>
    <time_frame>2 days</time_frame>
    <description>Self-reported worsening shortness of breath. Each report scored yes/no. Outcome will be assessed by calculating percentage of patients with reported worsening of shortness of breath at specified time points.</description>
  </secondary_outcome>
  <secondary_outcome>
    <measure>Shortness of breath measure</measure>
    <time_frame>5 days</time_frame>
    <description>Self-reported worsening shortness of breath. Each report scored yes/no. Outcome will be assessed by calculating percentage of patients with reported worsening of shortness of breath at specified time points.</description>
  </secondary_outcome>
  <secondary_outcome>
    <measure>Shortness of breath measure</measure>
    <time_frame>10 days</time_frame>
    <description>Self-reported worsening shortness of breath. Each report scored yes/no. Outcome will be assessed by calculating percentage of patients with reported worsening of shortness of breath at specified time points.</description>
  </secondary_outcome>
  <secondary_outcome>
    <measure>Shortness of breath measure</measure>
    <time_frame>14 days</time_frame>
    <description>Self-reported worsening shortness of breath. Each report scored yes/no. Outcome will be assessed by calculating percentage of patients with reported worsening of shortness of breath at specified time points.</description>
  </secondary_outcome>
  <secondary_outcome>
    <measure>Changes in daytime cough measure</measure>
    <time_frame>2 days</time_frame>
    <description>Self reported changes in daytime cough. Each report scored 0 (no cough), 1 (one short coughing attack), 2 (two or more short coughing attacks), 3 (frequent coughing that did not interfere with activities), 4 (frequent coughing that did interfere with activities, 5 (distressing cough throughout most of the day). Outcome will be measured by calculating change in reported cough at each time point.</description>
  </secondary_outcome>
  <secondary_outcome>
    <measure>Changes in daytime cough measure</measure>
    <time_frame>5 days</time_frame>
    <description>Self reported changes in daytime cough. Each report scored 0 (no cough), 1 (one short coughing attack), 2 (two or more short coughing attacks), 3 (frequent coughing that did not interfere with activities), 4 (frequent coughing that did interfere with activities, 5 (distressing cough throughout most of the day). Outcome will be measured by calculating change in reported cough at each time point.</description>
  </secondary_outcome>
  <secondary_outcome>
    <measure>Changes in daytime cough measure</measure>
    <time_frame>10 days</time_frame>
    <description>Self reported changes in daytime cough. Each report scored 0 (no cough), 1 (one short coughing attack), 2 (two or more short coughing attacks), 3 (frequent coughing that did not interfere with activities), 4 (frequent coughing that did interfere with activities, 5 (distressing cough throughout most of the day). Outcome will be measured by calculating change in reported cough at each time point.</description>
  </secondary_outcome>
  <secondary_outcome>
    <measure>Changes in daytime cough measure</measure>
    <time_frame>14 days</time_frame>
    <description>Self reported changes in daytime cough. Each report scored 0 (no cough), 1 (one short coughing attack), 2 (two or more short coughing attacks), 3 (frequent coughing that did not interfere with activities), 4 (frequent coughing that did interfere with activities, 5 (distressing cough throughout most of the day). Outcome will be measured by calculating change in reported cough at each time point.</description>
  </secondary_outcome>
  <secondary_outcome>
    <measure>Changes in nighttime cough measure</measure>
    <time_frame>2 days</time_frame>
    <description>Self reported changes in nighttime cough. Each report scored 0 (no cough), 1 (cough on waking only), 2 (wake once or early due to cough), 3 (frequent waking due to cough), 4 (frequent coughing throughout the night, 5 (distressing cough preventing any sleep). Outcome will be measured by calculating change in reported cough at each time point.</description>
  </secondary_outcome>
  <secondary_outcome>
    <measure>Changes in nighttime cough measure</measure>
    <time_frame>5 days</time_frame>
    <description>Self reported changes in nighttime cough. Each report scored 0 (no cough), 1 (cough on waking only), 2 (wake once or early due to cough), 3 (frequent waking due to cough), 4 (frequent coughing throughout the night, 5 (distressing cough preventing any sleep). Outcome will be measured by calculating change in reported cough at each time point.</description>
  </secondary_outcome>
  <secondary_outcome>
    <measure>Changes in nighttime cough measure</measure>
    <time_frame>10 days</time_frame>
    <description>Self reported changes in nighttime cough. Each report scored 0 (no cough), 1 (cough on waking only), 2 (wake once or early due to cough), 3 (frequent waking due to cough), 4 (frequent coughing throughout the night, 5 (distressing cough preventing any sleep). Outcome will be measured by calculating change in reported cough at each time point.</description>
  </secondary_outcome>
  <secondary_outcome>
    <measure>Changes in nighttime cough measure</measure>
    <time_frame>14 days</time_frame>
    <description>Self reported changes in nighttime cough. Each report scored 0 (no cough), 1 (cough on waking only), 2 (wake once or early due to cough), 3 (frequent waking due to cough), 4 (frequent coughing throughout the night, 5 (distressing cough preventing any sleep). Outcome will be measured by calculating change in reported cough at each time point.</description>
  </secondary_outcome>
  <secondary_outcome>
    <measure>Total mortality</measure>
    <time_frame>28 days</time_frame>
    <description>Number of enrolled patients who have died within the specified time frame</description>
  </secondary_outcome>
  <number_of_arms>2</number_of_arms>
  <enrollment type="Actual">13</enrollment>
  <condition>COVID-19</condition>
  <condition>Corona Virus Infection</condition>
  <condition>SARS-CoV-2</condition>
  <condition>2019-nCoV</condition>
  <condition>2019 Novel Coronavirus</condition>
  <arm_group>
    <arm_group_label>Treatment Arm</arm_group_label>
    <arm_group_type>Experimental</arm_group_type>
    <description>Patients in the treatment arm will receive 200 mg oral hydroxychloroquine. Day 1: 400 mg doses twice (800 mg total). Days 2-5: 200 mg dose twice (400 mg total daily).</description>
  </arm_group>
  <arm_group>
    <arm_group_label>Control Arm</arm_group_label>
    <arm_group_type>Active Comparator</arm_group_type>
    <description>Patients in the control arm will receive 500 mg oral Vitamin C. Day 1: 1000 mg dose twice (2000 mg total) Days 2-5: 500 mg dose twice (1000 mg total daily).</description>
  </arm_group>
  <intervention>
    <intervention_type>Drug</intervention_type>
    <intervention_name>Hydroxychloroquine</intervention_name>
    <description>Treatment arm medication will be administered on an outpatient basis. Due to the emergent health crisis, study drug will be delivered to patients by institution staff or contract courier using a non-contact protocol.</description>
    <arm_group_label>Treatment Arm</arm_group_label>
  </intervention>
  <intervention>
    <intervention_type>Dietary Supplement</intervention_type>
    <intervention_name>Vitamin C</intervention_name>
    <description>Control arm supplement will be administered on an outpatient basis. Due to the emergent health crisis, study supplies will be delivered to patients by institution staff or contract courier using a non-contact protocol.</description>
    <arm_group_label>Control Arm</arm_group_label>
    <other_name>ascorbic acid</other_name>
  </intervention>
  <eligibility>
    <criteria>
      <textblock>
        Inclusion Criteria:&#xD;
&#xD;
          -  Must have positive nasopharyngeal swab for SARS-CoV-2 diagnosed via outpatient testing&#xD;
             within the previous 48 hours&#xD;
&#xD;
          -  Age ≥ 45 years&#xD;
&#xD;
          -  Not hospitalized at the time of enrollment&#xD;
&#xD;
          -  Established care with Providence provider&#xD;
&#xD;
          -  Ability to understand a written or electronic informed consent document&#xD;
&#xD;
          -  Reliable access to a computer or smartphone that can facilitate study communications&#xD;
             via remote messaging or telephone and willingness to provide daily verbal check ins&#xD;
&#xD;
        Exclusion Criteria:&#xD;
&#xD;
          -  Hypersensitivity to chloroquine or hydroxychloroquine&#xD;
&#xD;
          -  History of retinal disease (macular degeneration, diabetic retinopathy, retinal&#xD;
             rear/detachment, retinitis pigmentosa)&#xD;
&#xD;
          -  History of seizure disorder&#xD;
&#xD;
          -  History of ventricular tachycardia/fibrillation, history of long-QT syndrome, or ICD&#xD;
&#xD;
          -  Current creatinine clearance &lt;10 ml/min or on hemodialysis (as evidenced in EMR)&#xD;
&#xD;
          -  Known G6PD deficiency&#xD;
&#xD;
          -  Current use of the following medications: digoxin, amiodarone, flecainide,&#xD;
             procainamide, oral dapsone. If other meds of concern, route to pharmacist to evaluate&#xD;
&#xD;
          -  Concomitant use of the following only at Pharmacist/Investigator discretion:&#xD;
             Abiraterone acetate, agalsidase, conivaptan, dabrafenib, dacomitinib, dapsone&#xD;
             (systemic), digoxin, enzalutamide, fexinidazole, flecainide, fusidic acid (systemic),&#xD;
             idelalisib, mifepristone, mitotane, pimozide, amiodarone, digoxin, procainamide,&#xD;
             propafenone, stiripentol&#xD;
&#xD;
          -  Currently on hospice&#xD;
&#xD;
          -  Women of childbearing potential must not be pregnant, and must avoid becoming pregnant&#xD;
             while on treatment and for 30 days following treatment discontinuation. Men must avoid&#xD;
             fathering a child while on treatment and for 30 days following treatment&#xD;
             discontinuation&#xD;
&#xD;
          -  Any clinical factors such as bleeding, active infection, or psychiatric factors that&#xD;
             in the judgment of the investigator would preclude safe participation and compliance&#xD;
             with study procedures.&#xD;
      </textblock>
    </criteria>
    <gender>All</gender>
    <minimum_age>45 Years</minimum_age>
    <maximum_age>N/A</maximum_age>
    <healthy_volunteers>No</healthy_volunteers>
  </eligibility>
  <overall_official>
    <last_name>Brian Kendal, MD</last_name>
    <role>Principal Investigator</role>
    <affiliation>Providence Medical Group Infectious Disease</affiliation>
  </overall_official>
  <overall_official>
    <last_name>Trista Johnson, PhD, MPH</last_name>
    <role>Study Director</role>
    <affiliation>Providence Ambulatory Quality and Clinical Services</affiliation>
  </overall_official>
  <location>
    <facility>
      <name>Portland Providence Medical Center</name>
      <address>
        <city>Portland</city>
        <state>Oregon</state>
        <zip>97213</zip>
        <country>United States</country>
      </address>
    </facility>
  </location>
  <location_countries>
    <country>United States</country>
  </location_countries>
  <reference>
    <citation>CDC COVID-19 Response Team. Severe Outcomes Among Patients with Coronavirus Disease 2019 (COVID-19) - United States, February 12-March 16, 2020. MMWR Morb Mortal Wkly Rep. 2020 Mar 27;69(12):343-346. doi: 10.15585/mmwr.mm6912e2.</citation>
    <PMID>32214079</PMID>
  </reference>
  <reference>
    <citation>Cortegiani A, Ingoglia G, Ippolito M, Giarratano A, Einav S. A systematic review on the efficacy and safety of chloroquine for the treatment of COVID-19. J Crit Care. 2020 Jun;57:279-283. doi: 10.1016/j.jcrc.2020.03.005. Epub 2020 Mar 10.</citation>
    <PMID>32173110</PMID>
  </reference>
  <reference>
    <citation>Devaux CA, Rolain JM, Colson P, Raoult D. New insights on the antiviral effects of chloroquine against coronavirus: what to expect for COVID-19? Int J Antimicrob Agents. 2020 May;55(5):105938. doi: 10.1016/j.ijantimicag.2020.105938. Epub 2020 Mar 12.</citation>
    <PMID>32171740</PMID>
  </reference>
  <reference>
    <citation>Gao J, Tian Z, Yang X. Breakthrough: Chloroquine phosphate has shown apparent efficacy in treatment of COVID-19 associated pneumonia in clinical studies. Biosci Trends. 2020 Mar 16;14(1):72-73. doi: 10.5582/bst.2020.01047. Epub 2020 Feb 19.</citation>
    <PMID>32074550</PMID>
  </reference>
  <reference>
    <citation>Novel Coronavirus (2019-nCOV) Situation Report - 1. World Health Organization (WHO), 21 January 2020.</citation>
  </reference>
  <reference>
    <citation>Novel Coronavirus disease 2019 (2019-nCOV) Situation Report - 60. World Health Organization (WHO), 19 March 2020.</citation>
  </reference>
  <reference>
    <citation>Tricou V, Minh NN, Van TP, Lee SJ, Farrar J, Wills B, Tran HT, Simmons CP. A randomized controlled trial of chloroquine for the treatment of dengue in Vietnamese adults. PLoS Negl Trop Dis. 2010 Aug 10;4(8):e785. doi: 10.1371/journal.pntd.0000785. Erratum in: PLoS Negl Trop Dis. 2012 Jun;6(6). doi:10.1371/annotation/8683caec-b309-46d7-bc47-dc9cc27108e4. PLoS Negl Trop Dis. 2012 Jun;6(6). doi:10.1371/annotation/c5c14905-8792-4d2e-8179-f8c70064e773. PLoS Negl Trop Dis. 2012 Jun;6(6). doi:10.1371/annotation/e00ee8fb-4ab9-46db-be8e-3696bb362db4.</citation>
    <PMID>20706626</PMID>
  </reference>
  <reference>
    <citation>Touret F, de Lamballerie X. Of chloroquine and COVID-19. Antiviral Res. 2020 May;177:104762. doi: 10.1016/j.antiviral.2020.104762. Epub 2020 Mar 5. Review.</citation>
    <PMID>32147496</PMID>
  </reference>
  <reference>
    <citation>Yao X, Ye F, Zhang M, Cui C, Huang B, Niu P, Liu X, Zhao L, Dong E, Song C, Zhan S, Lu R, Li H, Tan W, Liu D. In Vitro Antiviral Activity and Projection of Optimized Dosing Design of Hydroxychloroquine for the Treatment of Severe Acute Respiratory Syndrome Coronavirus 2 (SARS-CoV-2). Clin Infect Dis. 2020 Jul 28;71(15):732-739. doi: 10.1093/cid/ciaa237.</citation>
    <PMID>32150618</PMID>
  </reference>
  <verification_date>May 2020</verification_date>
  <study_first_submitted>April 2, 2020</study_first_submitted>
  <study_first_submitted_qc>April 2, 2020</study_first_submitted_qc>
  <study_first_posted type="Actual">April 6, 2020</study_first_posted>
  <last_update_submitted>September 14, 2020</last_update_submitted>
  <last_update_submitted_qc>September 14, 2020</last_update_submitted_qc>
  <last_update_posted type="Actual">September 16, 2020</last_update_posted>
  <responsible_party>
    <responsible_party_type>Sponsor</responsible_party_type>
  </responsible_party>
  <condition_browse>
    <!-- CAUTION:  The following MeSH terms are assigned with an imperfect algorithm            -->
    <mesh_term>Coronavirus Infections</mesh_term>
    <mesh_term>Severe Acute Respiratory Syndrome</mesh_term>
  </condition_browse>
  <intervention_browse>
    <!-- CAUTION:  The following MeSH terms are assigned with an imperfect algorithm            -->
    <mesh_term>Ascorbic Acid</mesh_term>
    <mesh_term>Hydroxychloroquine</mesh_term>
  </intervention_browse>
  <patient_data>
    <sharing_ipd>Undecided</sharing_ipd>
  </patient_data>
  <!-- Results have not yet been posted for this study                                          -->
</clinical_study>

