<?xml version="1.0" encoding="UTF-8"?>
<clinical_study rank="4824">
  <!-- This xml conforms to an XML Schema at:
    https://clinicaltrials.gov/ct2/html/images/info/public.xsd -->
  <required_header>
    <download_date>ClinicalTrials.gov processed this data on February 08, 2021</download_date>
    <link_text>Link to the current ClinicalTrials.gov record.</link_text>
    <url>https://clinicaltrials.gov/show/NCT04323163</url>
  </required_header>
  <id_info>
    <org_study_id>20714</org_study_id>
    <nct_id>NCT04323163</nct_id>
  </id_info>
  <brief_title>Yoga, Aerobic and Stretching Exercise Effects on Neurocognition</brief_title>
  <official_title>Yoga, Aerobic and Stretching Exercise Effects on Neurocognitive Performance: A Randomized Controlled Trial</official_title>
  <sponsors>
    <lead_sponsor>
      <agency>University of Illinois at Urbana-Champaign</agency>
      <agency_class>Other</agency_class>
    </lead_sponsor>
    <collaborator>
      <agency>Wayne State University</agency>
      <agency_class>Other</agency_class>
    </collaborator>
  </sponsors>
  <source>University of Illinois at Urbana-Champaign</source>
  <oversight_info>
    <has_dmc>Yes</has_dmc>
    <is_fda_regulated_drug>No</is_fda_regulated_drug>
    <is_fda_regulated_device>No</is_fda_regulated_device>
  </oversight_info>
  <brief_summary>
    <textblock>
      The investigators propose to conduct a 6-month 3-arm randomized controlled exercise trial&#xD;
      among older adults to compare the efficacy of yoga with aerobic exercise and&#xD;
      stretching-toning exercises on cognitive function, brain structure and function,&#xD;
      cardiorespiratory fitness, functional fitness, and inflammatory and molecular markers. Using&#xD;
      a single-blind, three arm randomized control trial, 168 older adults ages 55-79 will be&#xD;
      assigned to either: a Hatha yoga group, an aerobic exercise group or an active stretching and&#xD;
      toning control group. The groups will engage in hour-long group exercise sessions 3x/week. A&#xD;
      comprehensive neurocognitive test battery, brain imaging, cardiovascular fitness test, and a&#xD;
      blood draw will take place at baseline; end of the 6-month intervention, and at 12-month&#xD;
      follow-up.&#xD;
&#xD;
      The proposed work will examine the relationship between yoga training and improved cognitive&#xD;
      functioning as well as identify neurobiological correlates as potential mechanisms of action&#xD;
      through which yoga training exerts its effect on cognitive function.&#xD;
&#xD;
      COVID-19 Precautions: Due to COVID-19, all exercise sessions will be conducted live via Zoom&#xD;
      video-conferencing such that 1/3rd of the participants in each group will exercise in person&#xD;
      with the research staff at UIUC campus once a week while the remaining 2/3rd will tune in via&#xD;
      Zoom&#xD;
    </textblock>
  </brief_summary>
  <overall_status>Recruiting</overall_status>
  <start_date type="Anticipated">January 1, 2021</start_date>
  <completion_date type="Anticipated">March 31, 2025</completion_date>
  <primary_completion_date type="Anticipated">December 31, 2024</primary_completion_date>
  <phase>N/A</phase>
  <study_type>Interventional</study_type>
  <has_expanded_access>No</has_expanded_access>
  <study_design_info>
    <allocation>Randomized</allocation>
    <intervention_model>Parallel Assignment</intervention_model>
    <primary_purpose>Prevention</primary_purpose>
    <masking>None (Open Label)</masking>
  </study_design_info>
  <primary_outcome>
    <measure>Change in cognitive function</measure>
    <time_frame>Baseline, 6 months, 12 months</time_frame>
    <description>A comprehensive neuropsychological battery (part of the NIH toolbox) will be used that assesses different domains of cognitive function, including working memory, attention and executive function.</description>
  </primary_outcome>
  <secondary_outcome>
    <measure>Change in brain structure</measure>
    <time_frame>Baseline, 6 months, 12 months</time_frame>
    <description>MRI will be used to measure brain volume.</description>
  </secondary_outcome>
  <secondary_outcome>
    <measure>Change in brain function</measure>
    <time_frame>Baseline, 6 months, 12 months</time_frame>
    <description>Functional MRI will be used to measure changes in brain activity during resting state.</description>
  </secondary_outcome>
  <other_outcome>
    <measure>Changes in physiological biomarkers</measure>
    <time_frame>Baseline, 6 months, 12 months</time_frame>
    <description>Brain-derived neurotrophic factor (BDNF) will be assessed through a blood serum analysis at each timepoint.</description>
  </other_outcome>
  <other_outcome>
    <measure>Changes in cardiovascular fitness</measure>
    <time_frame>Baseline, 6 months, 12 months</time_frame>
    <description>The mediating role of cardiorespiratory fitness will be assessed by using a treadmill based graded exercise test designed to measure peak VO2 capacity</description>
  </other_outcome>
  <number_of_arms>3</number_of_arms>
  <enrollment type="Anticipated">168</enrollment>
  <condition>Aging</condition>
  <condition>Cognitive Decline</condition>
  <arm_group>
    <arm_group_label>Yoga Group</arm_group_label>
    <arm_group_type>Experimental</arm_group_type>
    <description>Participants will be led through a beginner yoga course taught by a certified yoga instructor. Classes will meet three times a week for 60 minutes over the 6 month study duration. Sessions will focus on yoga postures, breathing, and meditative practices and may utilize mats, blocks, belts, and blankets.</description>
  </arm_group>
  <arm_group>
    <arm_group_label>Aerobic Group</arm_group_label>
    <arm_group_type>Experimental</arm_group_type>
    <description>Trained exercise instructors will lead participants through an aerobic group exercise class. Sessions will begin with a 15-20 minute aerobics class and increase in duration over the 6 months capping off at 40-minutes per session. The prescribed intensity will be 50-60% of the maximum heart rate reserve for weeks one to six and 60-75% for the remainder of the program.</description>
  </arm_group>
  <arm_group>
    <arm_group_label>Stretching Toning Group</arm_group_label>
    <arm_group_type>Active Comparator</arm_group_type>
    <description>Participants randomized to this group will meet three times a week for an hour-long structured group exercise session. This group will perform stretching and toning exercises using resistance bands, balance disks, and exercise mats.</description>
  </arm_group>
  <intervention>
    <intervention_type>Behavioral</intervention_type>
    <intervention_name>Physical Activity</intervention_name>
    <description>3 sessions per week, 60 minutes per session for 6 months</description>
    <arm_group_label>Aerobic Group</arm_group_label>
    <arm_group_label>Stretching Toning Group</arm_group_label>
    <arm_group_label>Yoga Group</arm_group_label>
  </intervention>
  <eligibility>
    <criteria>
      <textblock>
        Inclusion Criteria:&#xD;
&#xD;
          -  55-79 years of age at study enrollment&#xD;
&#xD;
          -  TICS-M score of 32 or higher&#xD;
&#xD;
          -  No current or past diagnosis of mild cognitive impairment or dementias&#xD;
&#xD;
          -  Low-active (≤ 2 days of 30 minutes of structured exercise/week)&#xD;
&#xD;
          -  Physician's consent to participate in VO2max testing and the exercise program&#xD;
&#xD;
          -  Ambulatory&#xD;
&#xD;
          -  Absence of health conditions that may be exacerbated by exercise&#xD;
&#xD;
          -  Good or corrected vision and hearing&#xD;
&#xD;
          -  No MRI contraindications (e.g. metal or implanted devices in the body)&#xD;
&#xD;
          -  Right-handed&#xD;
&#xD;
          -  Intention to remain in the Champaign-Urbana area over the study duration&#xD;
&#xD;
        Exclusion Criteria:&#xD;
&#xD;
          -  Below 55 or above 79 years of age at study enrollment&#xD;
&#xD;
          -  TICS-M score of 31 or lower&#xD;
&#xD;
          -  Current or past diagnosis of mild cognitive impairment or dementias&#xD;
&#xD;
          -  High-active (3 or more days of 30 minutes of structured exercise/week)&#xD;
&#xD;
          -  Physician's non-consent to participate in VO2max testing and the exercise program&#xD;
&#xD;
          -  Non-ambulatory (use of wheelchairs or walkers)&#xD;
&#xD;
          -  Presence of health conditions that may be exacerbated by exercise&#xD;
&#xD;
          -  Poor vision and hearing&#xD;
&#xD;
          -  MRI contraindications (e.g. metal or implanted devices in the body)&#xD;
&#xD;
          -  Left-handed&#xD;
&#xD;
          -  Plans to travel outside of Champaign-Urbana area during the study&#xD;
      </textblock>
    </criteria>
    <gender>All</gender>
    <minimum_age>55 Years</minimum_age>
    <maximum_age>79 Years</maximum_age>
    <healthy_volunteers>Accepts Healthy Volunteers</healthy_volunteers>
  </eligibility>
  <overall_official>
    <last_name>Neha P Gothe, MA, PhD</last_name>
    <role>Principal Investigator</role>
    <affiliation>University of Illinois at Urbana-Champaign</affiliation>
  </overall_official>
  <overall_contact>
    <last_name>Neha P Gothe, MA, PhD</last_name>
    <phone>217.300.6183</phone>
    <email>npg@illinois.edu</email>
  </overall_contact>
  <overall_contact_backup>
    <last_name>Darice S Brooks, MS</last_name>
    <phone>217.265.0741</phone>
    <email>darice@illinois.edu</email>
  </overall_contact_backup>
  <location>
    <facility>
      <name>University of Illinois at Urbana-Champaign</name>
      <address>
        <city>Urbana</city>
        <state>Illinois</state>
        <zip>61801</zip>
        <country>United States</country>
      </address>
    </facility>
    <status>Recruiting</status>
    <contact>
      <last_name>Darice Brooks</last_name>
      <email>darice@illinois.edu</email>
    </contact>
  </location>
  <location_countries>
    <country>United States</country>
  </location_countries>
  <verification_date>December 2020</verification_date>
  <study_first_submitted>March 18, 2020</study_first_submitted>
  <study_first_submitted_qc>March 25, 2020</study_first_submitted_qc>
  <study_first_posted type="Actual">March 26, 2020</study_first_posted>
  <last_update_submitted>December 28, 2020</last_update_submitted>
  <last_update_submitted_qc>December 28, 2020</last_update_submitted_qc>
  <last_update_posted type="Actual">December 29, 2020</last_update_posted>
  <responsible_party>
    <responsible_party_type>Principal Investigator</responsible_party_type>
    <investigator_affiliation>University of Illinois at Urbana-Champaign</investigator_affiliation>
    <investigator_full_name>Neha P. Gothe</investigator_full_name>
    <investigator_title>Assistant Professor</investigator_title>
  </responsible_party>
  <condition_browse>
    <!-- CAUTION:  The following MeSH terms are assigned with an imperfect algorithm            -->
    <mesh_term>Cognitive Dysfunction</mesh_term>
  </condition_browse>
  <patient_data>
    <sharing_ipd>No</sharing_ipd>
    <ipd_description>Given the pilot nature of the study and limited study outcomes, we do not expect to receive requests from other researchers to analyze our datasets. The primary and secondary outcomes and exploratory biomarker data will be published by the Investigative team.</ipd_description>
  </patient_data>
  <!-- Results have not yet been posted for this study                                          -->
</clinical_study>

