<?xml version="1.0" encoding="UTF-8"?>
<clinical_study rank="2861">
  <!-- This xml conforms to an XML Schema at:
    https://clinicaltrials.gov/ct2/html/images/info/public.xsd -->
  <required_header>
    <download_date>ClinicalTrials.gov processed this data on February 08, 2021</download_date>
    <link_text>Link to the current ClinicalTrials.gov record.</link_text>
    <url>https://clinicaltrials.gov/show/NCT03376854</url>
  </required_header>
  <id_info>
    <org_study_id>HP-00078506</org_study_id>
    <nct_id>NCT03376854</nct_id>
  </id_info>
  <brief_title>Pilot RCT of Therapeutic Hypothermia Plus Neuromuscular Blockade in COVID-19 Patients With ARDS</brief_title>
  <acronym>CHILL-pilot</acronym>
  <official_title>Pilot Randomized Clinical Trial of Therapeutic Hypothermia Plus Neuromuscular Blockade vs. Standard of Care in COVID-19 Patients With Moderate to Severe ARDS - the Cooling to Help Injured Lungs (CHILL) Pilot Study</official_title>
  <sponsors>
    <lead_sponsor>
      <agency>University of Maryland, Baltimore</agency>
      <agency_class>Other</agency_class>
    </lead_sponsor>
  </sponsors>
  <source>University of Maryland, Baltimore</source>
  <oversight_info>
    <has_dmc>Yes</has_dmc>
    <is_fda_regulated_drug>Yes</is_fda_regulated_drug>
    <is_fda_regulated_device>Yes</is_fda_regulated_device>
    <is_us_export>No</is_us_export>
  </oversight_info>
  <brief_summary>
    <textblock>
      Acute Respiratory Distress Syndrome (ARDS) is a serious condition that occurs as a&#xD;
      complication of medical and surgical diseases, has a mortality of ~40%, and has no known&#xD;
      treatment other than optimization of support. Data from basic research, animal models, and&#xD;
      retrospective studies, case series, and small prospective studies suggest that therapeutic&#xD;
      hypothermia (TH) similar to that used for cardiac arrest may be lung protective in patients&#xD;
      with ARDS; however, shivering is a major complication of TH, often requiring paralysis with&#xD;
      neuromuscular blocking agents (NMBA) to control. Since the recently completed NHLBI PETAL&#xD;
      ROSE trial showed that NMBA had no effect (good or bad) in patients with moderate to severe&#xD;
      ARDS, the investigators sought to evaluate whether TH combined with NMBA is beneficial in&#xD;
      patients with ARDS. The investigators are scheduled to begin enrolling in a Department of&#xD;
      Defense-funded Phase IIb multicenter RCT of TH (core temperature 34-35°C) + NMBA for 48h vs.&#xD;
      usual temperature management in patients with ARDS with time on ventilator as the primary&#xD;
      outcome. Since COVID-19 is now the most common cause of ARDS, we are conducting a pilot study&#xD;
      to examine the safety and feasibility of including patients with COVID-19-associated ARDS in&#xD;
      our upcoming trial. In this pilot, we will randomize 20 patients with COVID-19 and ARDS to&#xD;
      either TH+NMBA for 48h or usual temperature management. The primary outcome is achieving and&#xD;
      maintaining the target temperature. Secondary outcomes include safety, physiologic measures,&#xD;
      mortality, hospital and ICU length of stay, and serum biomarkers collected on days 0, 1, 2,&#xD;
      3, 4, and 7.&#xD;
    </textblock>
  </brief_summary>
  <detailed_description>
    <textblock>
      Background:&#xD;
&#xD;
      Despite recent advances in supportive care for patients with acute respiratory distress&#xD;
      syndrome (ARDS), mortality remains &gt;40%. Fever worsens and hypothermia mitigates animal&#xD;
      models of ALI and in small non-randomized in patients with ARDS. Since hypothermia reduces&#xD;
      oxygen utilization as long as shivering is blocked, TH may reduce injury in part by allowing&#xD;
      lower levels of assisted ventilation. TH likely exerts additional lung protective effects by&#xD;
      directly modifying temperature-dependent cellular processes in endothelium, epithelium, and&#xD;
      leukocytes. Neuromuscular blockade (NMB) is the ultimate treatment to block shivering and is&#xD;
      frequently used in patients with ARDS to facilitate ventilator management. Since the recently&#xD;
      completed NHLBI PETAL ROSE trial showed that NMB caused conferred neither benefit nor harm in&#xD;
      patients with moderate to severe ARDS, the investigators have bundled TH with NMB to reduce&#xD;
      shivering. An open-label study of 8 ARDS patients showed that studying TH + NMB in patients&#xD;
      with moderate to severe ARDS was feasible. Moreover, the patients treated with TH +NMB had&#xD;
      more 28-day ventilator-free days (VFDs), ICU-free days (ICU-FDs) and greater hospital&#xD;
      survival (75% vs. 25%; p = 0.027) than historical controls with ARDS and NMB but without TH.&#xD;
      Within the limits of historical comparisons, these results support further study of TH in&#xD;
      ARDS. A Department of Defense-funded Phase IIb multicenter trial of TH+NMB in patients with&#xD;
      moderate to severe ARDS will begin enrolling in Fall, 2020. Since COVID-19 has become the&#xD;
      most common cause of ARDS, it is important to understand whether patients with&#xD;
      COVID-19-associated ARDS can be included in the multicenter trial.&#xD;
&#xD;
      Focus of Study: We will conduct a single-site feasibility and safety RCT pilot of TH+NMB for&#xD;
      48h vs. usual temperature management in 20 patients with COVID-19-associated ARDS. We will&#xD;
      also analyze efficacy markers to help decide whether the treatment duration (48h) to be used&#xD;
      in the multicenter trial is appropriate for patients with COVID-19-associated ARDS. The&#xD;
      results of this pilot help us decide whether to include patients with COVID-19-associated&#xD;
      ARDS in our planned multicenter trial of TH+NMB in ARDS from all causes or to pursue a&#xD;
      separate trial focused on patients with COVID-19-associated ARDS.&#xD;
&#xD;
      Primary and secondary objectives: The primary objective is to assess the safety and&#xD;
      feasibility of the 48h TH+NMB treatment protocol. The secondary objective is to compare the&#xD;
      TH+NMB and control arms for efficacy markers to be used in the multicenter trial.&#xD;
&#xD;
      Study design: The CHILL trial is a single center RCT.&#xD;
&#xD;
      Intervention: The study intervention is TH to core temperature 34°-35°C + NMB for 48h.&#xD;
      Patients in the TH+NMB arm will receive deep sedation, continuous infusion of cisatracurium&#xD;
      and mechanical ventilation for at least 48h. Decisions about transition to unassisted&#xD;
      breathing, extubation, and transfer from ICU will be based on criteria in the CHILL study&#xD;
      protocol.&#xD;
&#xD;
      TH+NMB: Once sedation and NMB are confirmed, TH to 34°-35°C will be initiated using surface&#xD;
      cooling. Temperature will be measured from a central probe. Once target temperature is&#xD;
      reached, TH will be maintained for 48h. Patients will then be rewarmed to 35.5°C by 0.3°C/h&#xD;
      and the cooling devices removed. Post-TH fever suppression is not part of the CHILL protocol&#xD;
      and will be performed at the discretion of the primary ICU team. TH+NMB will be aborted for&#xD;
      persistent severe bradycardia, uncontrolled bleeding, and intractable arrhythmias.&#xD;
&#xD;
      Usual temperature management: Patients will receive light sedation (RASS 0 to -1). During the&#xD;
      54h post-randomization treatment period, acetaminophen will be given for core temperature&#xD;
      &gt;38°C and surface cooling will be initiated if core temperature remains &gt;38°C within ≥45&#xD;
      minutes of receiving acetaminophen and adjusted to maintain core temperature ≤38°C. If core&#xD;
      temperature ≤36°C, patients in this arm will receive surface warming to core temperature&#xD;
      37°C. Following the 54h treatment period, temperature will be managed at the discretion of&#xD;
      the primary ICU team.&#xD;
&#xD;
      Concomitant Treatment: Since prone positioning independently improves survival in ARDS,&#xD;
      starting and stopping rules for prone positioning have been protocolized.&#xD;
&#xD;
      Primary and Secondary Endpoints:&#xD;
&#xD;
      Primary endpoint: The low and high core temperatures in each 2-hour period will be recorded&#xD;
      for each of the first four study days. The time required to reach the target temperature and&#xD;
      the percent of readings within the target range in the TH+NMB arm will be determined.&#xD;
&#xD;
      Secondary endpoints:&#xD;
&#xD;
      Clinical: (a) 28-day VFDs. The 28-day VFDs will be calculated at day 28. (b) 28-day ICU-FDs:.&#xD;
      The 28-day ICU-FDs will be calculated at day 28; (c) day 0, 1, 2, 3, 4, and 7 non-neurologic&#xD;
      SOFA score; (d) Glasgow coma score at hospital discharge; (e) 60- and 90-day survival; (f)&#xD;
      60- and 90-day functional status. The Montreal Cognitive Assessment Tool (MOCA) will be&#xD;
      administered at ICU and hospital discharge.&#xD;
&#xD;
      Physiologic: (a) day-3 and -7 driving pressure; (b) day-3 and day-7 oxygen saturation index&#xD;
      (OSI).&#xD;
&#xD;
      Plasma Biomarker: Day 0, 1, 2, 3, 4, and 7 plasma IL-1ß, IL-6, IL-8, IL-18, soluble-RAGE,&#xD;
      surfactant protein-D, soluble ICAM-1, MMP8, and soluble TNFRI.&#xD;
&#xD;
      Safety:&#xD;
&#xD;
        1. For the first 54h: (a) continuous cardiac monitoring for bradycardia with associated&#xD;
           hypotension requiring i.v. fluid or vasopressors; (b) every 6h blood glucose&#xD;
           measurement; (c) every 12 h potassium, magnesium and phosphate; (d) significant bleeding&#xD;
           event (requiring 2u packed red blood cells or surgical or interventional radiologic&#xD;
           intervention)&#xD;
&#xD;
        2. First 7 days: (a) Ventilator-associated pneumonia (VAP); (b) other secondary infections;&#xD;
           (c) monitor for SAEs&#xD;
&#xD;
      Schedule of Clinical and Laboratory Evaluations:&#xD;
&#xD;
        1. Definitions:&#xD;
&#xD;
             1. Day 0: day of randomization&#xD;
&#xD;
             2. Comprehensive metabolic panel (CMP): includes basic electrolytes, BUN, creatinine,&#xD;
                ALT, AST, alkaline phosphatase, bilirubin, calcium, magnesium, phosphate,&#xD;
                C-reactive protein (CRP)&#xD;
&#xD;
             3. CBC: complete blood count&#xD;
&#xD;
             4. Driving Pressure = Plateau Pressure - PEEP with patient NOT making inspiratory&#xD;
                effort (on NMB or post-NMB and observed RR at set ventilator rate)&#xD;
&#xD;
             5. OSI = Mean airway pressure x 100 x FIO2/SpO2&#xD;
&#xD;
        2. Clinical and Research laboratory testing: Two purple top (EDTA; 14 ml blood) tubes will&#xD;
           be collected for biomarker analysis at randomization and on study days 1, 2, 3, 4, and 7&#xD;
           at 8:00-10:00 on study days 1, 2, 3, 4, and 7. Clinical laboratory testing required for&#xD;
           secondary clinical outcomes at enrollment and on study days 1, 2, 3, 4, and will be&#xD;
           performed as part of usual clinical care whenever possible) at 6:00-10:00 AM and&#xD;
           6:00-10:00 PM&#xD;
&#xD;
        3. Day -2 to 0 (Screening and enrollment): To facilitate randomization within the inclusion&#xD;
           window, we will consent and enroll based on partial fulfillment of randomization&#xD;
           criteria and randomize once all criteria are met. Patients with COVID-19, receiving&#xD;
           mechanical ventilation for ≤7 days and have bilateral pulmonary opacities not fully&#xD;
           explained by pleural effusions, atelectasis, or hydrostatic pulmonary edema for &lt;48h&#xD;
           will be offered enrollment and will be randomized when P/F ratio is &lt;200. In patients&#xD;
           without arterial blood gas values, the P/F ratio will be inferred from SpO2 readings as&#xD;
           described by Brown et al. (Chest 150:307; 2016).&#xD;
&#xD;
             1. Pregnancy testing in women of child-bearing years&#xD;
&#xD;
             2. Obtain informed consent from patient or Legally Authorized Representative (LAR)&#xD;
                depending on capacity&#xD;
&#xD;
             3. Complete Screening, enrollment, and randomization CRFs.&#xD;
&#xD;
             4. If P/F&lt;200 at enrollment, proceed with randomization, otherwise follow until P/F &lt;&#xD;
                200 or patient exits the 48 hr ARDS or 7 day mechanical ventilation windows.&#xD;
&#xD;
      3. Day 0 (Randomization day): Pt. identified in screen:&#xD;
&#xD;
        1. Obtain baseline plasma for research testing. If &gt;8h since last CBC and CMP or &gt;24 since&#xD;
           last CRP, send new samples to lab.&#xD;
&#xD;
        2. Randomize.&#xD;
&#xD;
        3. If patient does not have a central temperature probe, place esophageal probe.&#xD;
&#xD;
        4. For TH+NMB arm, confirm adequate sedation (RASS -4) and NMB (Train of four ≤2 twitch)&#xD;
           and initiate TH protocol.&#xD;
&#xD;
        5. Complete Randomization Worksheet and Randomization and Baseline Data CRFs&#xD;
&#xD;
        6. Note time cooling initiated and time patient first reached target temperature on&#xD;
           Baseline CRF&#xD;
&#xD;
           4.Day 1-4:&#xD;
&#xD;
      a. Fill out Daily CRFs b. Collect plasma for research testing. c. Measure Driving Pressure&#xD;
      and OSI d. Make sure CBC and CMP sent every 12h and CRP every 24h e. Rewarming starts after&#xD;
      48h cooling on day 3 f. Complete Unassisted Breathing Checklist form if applicable g. Assess&#xD;
      for adverse events&#xD;
&#xD;
      5. Days 5-6:&#xD;
&#xD;
      a. Follow for ventilator status, ICU status, survival, SAEs b. Follow CRP daily c. Complete&#xD;
      Unassisted Breathing Checklist form if applicable d. Assess for adverse events&#xD;
&#xD;
      6. Day 7:&#xD;
&#xD;
      a. Fill out Day 7 CRF b. Collect plasma for research testing. c. Measure Driving Pressure and&#xD;
      OSI d. Make sure CBC, CMP, and CRP sent e. Complete Unassisted Breathing Checklist form if&#xD;
      applicable f. Assess for adverse events&#xD;
&#xD;
      7. Day 8-27:&#xD;
&#xD;
      a. Follow for ventilator status, ICU status, survival, SAEs b. Complete Unassisted Breathing&#xD;
      Checklist form if applicable&#xD;
&#xD;
      8. Day 28:&#xD;
&#xD;
        1. Complete Day 28 CRF&#xD;
&#xD;
        2. Calculate 28 day VFDs and ICU-FDs&#xD;
&#xD;
           9. When patient is discharged from the ICU, complete ICU discharge CRF&#xD;
&#xD;
           10. When patient is discharged from the hospital, complete Hospital discharge CRF.&#xD;
&#xD;
           11. Day 60 and 90: Follow up about patient status. Complete phone follow-up CRF.&#xD;
&#xD;
           Study population: Adult patients with COVID-19 diagnosed by PCR testing within previous&#xD;
           2 weeks and moderate to severe ARDS based on Berlin criteria (P/F &lt; 200 while on PEEP ≥8&#xD;
           cm H2O) &lt;48h in duration.&#xD;
&#xD;
           Data Analysis: This is a pilot trial to determine whether patients with&#xD;
           COVID-19-associated patients with ARDS should be included in a multicenter trial of&#xD;
           TH+NMB in patients with ARDS from all causes. The data from this pilot will not be&#xD;
           merged with data from the planned multicenter trial. The primary analysis of this pilot&#xD;
           study will be to determine the effectiveness of the TH+NMB protocol in maintaining&#xD;
           targeted temperature and to determine whether there are any safety issues with the&#xD;
           TH+NMB protocol in this patient population.&#xD;
&#xD;
           Data Management: Data for this pilot RCT will be recorded on paper CRFs. Completion of&#xD;
           all fields will be checked in real-time. The forms have been designed to be compatible&#xD;
           with the electronic versions developed for the multicenter trial.&#xD;
&#xD;
           Randomization Plan: The investigators will use a randomization protocol stratified for&#xD;
           proning status using pre-generated random assignment lists. Assignments will be made&#xD;
           using an in-house Excel-based assignment tool, which blinds the observer to the&#xD;
           assignment list.&#xD;
&#xD;
           Subject Participation Duration: The duration of intervention, TH + NMB vs. usual&#xD;
           temperature management, is 48h, followed by rewarming for 3-6h in the TH group. NMB will&#xD;
           be discontinued and sedation reduced when subjects are rewarmed to core temperature&#xD;
           ≥35.5°C. In the control group fever and hypothermia during continuous renal replacement&#xD;
           therapy (CRRT) will be treated by protocol for 54h post-randomization. Physiologic and&#xD;
           clinical parameters will be collected through study day 7. In hospital follow-up up to&#xD;
           90 days will include determination of 28-day VFDs and ICU-FDs, and day of hospital&#xD;
           discharge. When the patient regains competence, consent for continued participation will&#xD;
           be obtained&#xD;
&#xD;
           Study Duration: Completion of enrollment is anticipated within 6 months.&#xD;
    </textblock>
  </detailed_description>
  <overall_status>Recruiting</overall_status>
  <start_date type="Actual">May 1, 2018</start_date>
  <completion_date type="Anticipated">December 31, 2020</completion_date>
  <primary_completion_date type="Anticipated">November 30, 2020</primary_completion_date>
  <phase>Phase 2</phase>
  <study_type>Interventional</study_type>
  <has_expanded_access>No</has_expanded_access>
  <study_design_info>
    <allocation>Randomized</allocation>
    <intervention_model>Parallel Assignment</intervention_model>
    <intervention_model_description>Randomized (1:1) control (non-blinded) trial</intervention_model_description>
    <primary_purpose>Treatment</primary_purpose>
    <masking>None (Open Label)</masking>
    <masking_description>Since it will be obvious to observers of the subjects whether they are in the treatment (TH+NMB) or control groups, the study is not masked but all treatments that determine outcome are protocolized.</masking_description>
  </study_design_info>
  <primary_outcome>
    <measure>Targeted temperature compliance</measure>
    <time_frame>Randomization through day 3</time_frame>
    <description>The total time in hours from beginning of cooling to beginning of rewarming during which the patient's core temperature was within the target range of 34-35°C.</description>
  </primary_outcome>
  <secondary_outcome>
    <measure>Adverse event</measure>
    <time_frame>Randomization through study day 3</time_frame>
    <description>Adverse events expected during cooling, including hemorrhage, bradycardia, and hypotension.</description>
  </secondary_outcome>
  <secondary_outcome>
    <measure>28-day ICU-free days</measure>
    <time_frame>Calculated at study day 28 or death (whichever occurs first)</time_frame>
    <description>Total number of days alive and not admitted to the ICU in the first 28 days after</description>
  </secondary_outcome>
  <secondary_outcome>
    <measure>Survival</measure>
    <time_frame>calculated at 28, 60, and 90 days</time_frame>
    <description>28-day, 60-day, and 90-day mortality</description>
  </secondary_outcome>
  <secondary_outcome>
    <measure>non neurologic Sequential Organ Failure (SOFA) scores</measure>
    <time_frame>At enrollment and study days 1, 2, 3, 4, 7, and 28</time_frame>
    <description>SOFA score excluding neurologic component - based on PaO2/FiO2 (0-4), BP and pressor requirement (0-4), bilirubin level (0-4), platelet count (0-4), and creatinine (0-14) with total composite score 0-20</description>
  </secondary_outcome>
  <secondary_outcome>
    <measure>Oxygen saturation (SpO2)</measure>
    <time_frame>Measured at enrollment, every 4 hours on enrollment day, then once on day 2, 3, 4, 7 and 28</time_frame>
    <description>Pulse ox reading</description>
  </secondary_outcome>
  <secondary_outcome>
    <measure>Plateau airway pressure</measure>
    <time_frame>Measured at enrollment, every 4 hours on enrollment day, then once on day 2, 3, 4, and 7 or until extubation whichever occurs first</time_frame>
    <description>On machine initiated breath</description>
  </secondary_outcome>
  <secondary_outcome>
    <measure>Mean airway pressure</measure>
    <time_frame>Measured at enrollment, every 4 hours on enrollment day, then once on day 2, 3, 4, and 7 or until extubation whichever occurs first</time_frame>
    <description>Direct ventilator measurement on machine initiated breath</description>
  </secondary_outcome>
  <secondary_outcome>
    <measure>Airway driving pressure</measure>
    <time_frame>Measured at enrollment, every 4 hours on enrollment day, then once on day 2, 3, 4, and 7 or until extubation whichever occurs first</time_frame>
    <description>Plateau pressure - PEEP (machine initiated breath)</description>
  </secondary_outcome>
  <secondary_outcome>
    <measure>Oxygen saturation index</measure>
    <time_frame>Measured at enrollment, every 4 hours on enrollment day, then once on day 2, 3, 4, and 7 or until extubation whichever occurs first</time_frame>
    <description>Mean airway pressure x 100 x FiO2/SpO2</description>
  </secondary_outcome>
  <secondary_outcome>
    <measure>Core temperature</measure>
    <time_frame>Measured continuously and recorded at enrollment, every 2 hours on the day of enrollment, and mornings on study day 2, 3, 4, and 7</time_frame>
    <description>Measured continuously from iv catheter, urinary catheter, or esophageal probe.</description>
  </secondary_outcome>
  <secondary_outcome>
    <measure>Urine output</measure>
    <time_frame>Daily on study day 1, 2, 3, 4, and 7</time_frame>
    <description>24 hour urine volume</description>
  </secondary_outcome>
  <secondary_outcome>
    <measure>comprehensive metabolic panel</measure>
    <time_frame>Daily on study day 1, 2, 3, 4, and 7</time_frame>
    <description>performed in clinical lab</description>
  </secondary_outcome>
  <secondary_outcome>
    <measure>Complete blood count with differential count and platelet count</measure>
    <time_frame>Daily on study day 1, 2, 3, 4, and 7</time_frame>
    <description>preformed in clinical lab</description>
  </secondary_outcome>
  <secondary_outcome>
    <measure>Biomarkers</measure>
    <time_frame>Daily on study day 1, 2, 3, 4, and 7</time_frame>
    <description>10 ml blood draw</description>
  </secondary_outcome>
  <secondary_outcome>
    <measure>Serum electrolytes</measure>
    <time_frame>Every 8 hours until study hour 60</time_frame>
    <description>performed in clinical lab</description>
  </secondary_outcome>
  <secondary_outcome>
    <measure>Blood glucose</measure>
    <time_frame>Every 4 hours until study hour 60</time_frame>
    <description>Beside blood glucose testing</description>
  </secondary_outcome>
  <secondary_outcome>
    <measure>28-day ventilator-free days</measure>
    <time_frame>Calculated at study day 28 or death (whichever occurs first)</time_frame>
    <description>Total number of days alive and not on a ventilator in the first 28 days after enrollment</description>
  </secondary_outcome>
  <number_of_arms>2</number_of_arms>
  <enrollment type="Anticipated">20</enrollment>
  <condition>Respiratory Distress Syndrome, Adult</condition>
  <condition>Sars-CoV2</condition>
  <arm_group>
    <arm_group_label>Hypothermia + Neuromuscular blockade</arm_group_label>
    <arm_group_type>Experimental</arm_group_type>
    <description>Deep sedation and Neuromuscular blockade (NMB) and surface temperature management to maintain core temperature between 34 and 35°C for 48h, then rewarm to 36°C at 0.33°C per h and NMB discontinued when core temp reaches 35.5°C.</description>
  </arm_group>
  <arm_group>
    <arm_group_label>Standard of care</arm_group_label>
    <arm_group_type>Active Comparator</arm_group_type>
    <description>Acetaminophen and surface temperature management to maintain core temperature between 37°C and 38°C. Rewarming to 37°C for hypothermia ≤36°C with continuous renal replacement therapy.</description>
  </arm_group>
  <intervention>
    <intervention_type>Device</intervention_type>
    <intervention_name>Hypothermia</intervention_name>
    <description>Subjects will be cooled using either cooling blankets or gel-pad systems to maintain core temperature 34-35°C.</description>
    <arm_group_label>Hypothermia + Neuromuscular blockade</arm_group_label>
    <other_name>Targeted temperature Management</other_name>
  </intervention>
  <intervention>
    <intervention_type>Drug</intervention_type>
    <intervention_name>Neuromuscular Blocking Agents</intervention_name>
    <description>Subjects in the TH + NMB arm will be deeply sedated using agents at the discretion of the primary ICU team, then start continuous iv infusion of either cisatracurium, atracurium, or vecuronium titrated to 2 twitches on train of four monitoring and further titrated to ablate visible shivering.</description>
    <arm_group_label>Hypothermia + Neuromuscular blockade</arm_group_label>
    <other_name>Paralytics</other_name>
  </intervention>
  <intervention>
    <intervention_type>Device</intervention_type>
    <intervention_name>Standard of Care</intervention_name>
    <description>Subjects who are hypothermic (≤36°C) during CRRT will receive surface warming to restore core temperature to 37°C. Patients with core temperature &gt;38°C will receive 650 mg acetaminophen and, if temperature remains &gt;38°C, surface cooling will be initiated to return core temperature to 37-38°C.</description>
    <arm_group_label>Standard of care</arm_group_label>
    <other_name>Usual temperature management</other_name>
  </intervention>
  <eligibility>
    <criteria>
      <textblock>
        Inclusion Criteria for Enrollment&#xD;
&#xD;
          1. COVID-19 diagnosed by PCR within 3 weeks&#xD;
&#xD;
          2. men and women&#xD;
&#xD;
          3. any race/ethnicity&#xD;
&#xD;
          4. 18-65 years of age&#xD;
&#xD;
          5. endotracheal tube or tracheostomy in place and mechanically ventilated for &lt; 7 days;&#xD;
&#xD;
          6. radiologic evidence of bilateral pulmonary infiltrates not fully explained by&#xD;
             hydrostatic pulmonary edema&#xD;
&#xD;
          7. access to an LAR to provide consent (remote consent is permissible).&#xD;
&#xD;
        Additional inclusion criteria required for randomization:&#xD;
&#xD;
          1. meet all inclusion/exclusion criteria for enrollment&#xD;
&#xD;
          2. have a P/F ratio &lt;200 with PEEP ≥8 cm H2O either from ABG or imputed from SpO2 as&#xD;
             described by Brown et al (Chest 2016; 150:307).&#xD;
&#xD;
        Exclusion Criteria:&#xD;
&#xD;
          1. Missed ARDS window (&gt;48hrs)&#xD;
&#xD;
          2. Missed mechanical ventilation window (&gt;7 days)&#xD;
&#xD;
          3. Refractory hypotension (&gt; 0.2 mcg/kg/min of norepinephrine or equivalent dose for&#xD;
             minimum of 6 h)&#xD;
&#xD;
          4. Core temperature &lt;35.5°C while not receiving CRRT&#xD;
&#xD;
          5. Patient is unable to give consent and no legally authorized representative is&#xD;
             available;&#xD;
&#xD;
          6. Significant, active bleeding (&gt;3u blood products and/or surgical/IR intervention)&#xD;
&#xD;
          7. Platelets &lt;10K/mm3 (uncorrected)&#xD;
&#xD;
          8. Active hematologic malignancy&#xD;
&#xD;
          9. Skin process precludes cooling device&#xD;
&#xD;
         10. Moribund, not likely to survive 72h&#xD;
&#xD;
         11. Pre-morbid condition makes it unlikely that patient will survive 28 days&#xD;
&#xD;
         12. Do Not Resuscitate status&#xD;
&#xD;
         13. Not likely to remain intubated for ≥48h&#xD;
&#xD;
         14. Physician unwilling to participate&#xD;
&#xD;
         15. Severe underlying lung disease&#xD;
&#xD;
               1. On home O2&#xD;
&#xD;
               2. On BIPAP (except for OSA)&#xD;
&#xD;
               3. Prior lung transplantation&#xD;
&#xD;
         16. BMI &gt;45 kg/m2&#xD;
&#xD;
         17. Known NYHA class IV heart disease&#xD;
&#xD;
         18. Acute Coronary Syndrome past 30 days (MI, unstable angina)&#xD;
&#xD;
         19. Cardiac arrest within 30 days of enrollment&#xD;
&#xD;
         20. burns over &gt;20% of the body surface&#xD;
&#xD;
         21. severe chronic liver disease (Child-Pugh of 12-15)&#xD;
&#xD;
         22. Previously randomized in CHILL study&#xD;
      </textblock>
    </criteria>
    <gender>All</gender>
    <minimum_age>18 Years</minimum_age>
    <maximum_age>65 Years</maximum_age>
    <healthy_volunteers>No</healthy_volunteers>
  </eligibility>
  <overall_official>
    <last_name>Jeffrey D Hasday, MD</last_name>
    <role>Principal Investigator</role>
    <affiliation>University of Maryland, Baltimore</affiliation>
  </overall_official>
  <overall_contact>
    <last_name>Jeffrey D Hasday, MD</last_name>
    <phone>410-328-8141</phone>
    <email>jhasday@som.umaryland.edu</email>
  </overall_contact>
  <overall_contact_backup>
    <last_name>Carl B Shanholtz, MD</last_name>
    <phone>410-328-8141</phone>
    <email>cshanohol@som.umaryland.edu</email>
  </overall_contact_backup>
  <location>
    <facility>
      <name>University of Maryland Medical Center</name>
      <address>
        <city>Baltimore</city>
        <state>Maryland</state>
        <zip>21201</zip>
        <country>United States</country>
      </address>
    </facility>
    <status>Recruiting</status>
    <contact>
      <last_name>Jeffrey D Hasday, MD</last_name>
      <phone>410-328-8141</phone>
      <email>jhasday@som.umaryland.edu</email>
    </contact>
    <contact_backup>
      <last_name>Carl B Shanholtz, MD</last_name>
      <phone>410-328-8141</phone>
      <email>cshanhol@som.umaryland.edu</email>
    </contact_backup>
  </location>
  <location_countries>
    <country>United States</country>
  </location_countries>
  <reference>
    <citation>Acute Respiratory Distress Syndrome Network, Brower RG, Matthay MA, Morris A, Schoenfeld D, Thompson BT, Wheeler A. Ventilation with lower tidal volumes as compared with traditional tidal volumes for acute lung injury and the acute respiratory distress syndrome. N Engl J Med. 2000 May 4;342(18):1301-8.</citation>
    <PMID>10793162</PMID>
  </reference>
  <reference>
    <citation>Papazian L, Forel JM, Gacouin A, Penot-Ragon C, Perrin G, Loundou A, Jaber S, Arnal JM, Perez D, Seghboyan JM, Constantin JM, Courant P, Lefrant JY, Guérin C, Prat G, Morange S, Roch A; ACURASYS Study Investigators. Neuromuscular blockers in early acute respiratory distress syndrome. N Engl J Med. 2010 Sep 16;363(12):1107-16. doi: 10.1056/NEJMoa1005372.</citation>
    <PMID>20843245</PMID>
  </reference>
  <reference>
    <citation>Guérin C, Reignier J, Richard JC, Beuret P, Gacouin A, Boulain T, Mercier E, Badet M, Mercat A, Baudin O, Clavel M, Chatellier D, Jaber S, Rosselli S, Mancebo J, Sirodot M, Hilbert G, Bengler C, Richecoeur J, Gainnier M, Bayle F, Bourdin G, Leray V, Girard R, Baboi L, Ayzac L; PROSEVA Study Group. Prone positioning in severe acute respiratory distress syndrome. N Engl J Med. 2013 Jun 6;368(23):2159-68. doi: 10.1056/NEJMoa1214103. Epub 2013 May 20.</citation>
    <PMID>23688302</PMID>
  </reference>
  <reference>
    <citation>Villar J, Blanco J, Kacmarek RM. Current incidence and outcome of the acute respiratory distress syndrome. Curr Opin Crit Care. 2016 Feb;22(1):1-6. doi: 10.1097/MCC.0000000000000266. Review.</citation>
    <PMID>26645551</PMID>
  </reference>
  <reference>
    <citation>Hasday JD, Garrison A, Singh IS, Standiford T, Ellis GS, Rao S, He JR, Rice P, Frank M, Goldblum SE, Viscardi RM. Febrile-range hyperthermia augments pulmonary neutrophil recruitment and amplifies pulmonary oxygen toxicity. Am J Pathol. 2003 Jun;162(6):2005-17.</citation>
    <PMID>12759256</PMID>
  </reference>
  <reference>
    <citation>Lipke AB, Matute-Bello G, Herrero R, Kurahashi K, Wong VA, Mongovin SM, Martin TR. Febrile-range hyperthermia augments lipopolysaccharide-induced lung injury by a mechanism of enhanced alveolar epithelial apoptosis. J Immunol. 2010 Apr 1;184(7):3801-13. doi: 10.4049/jimmunol.0903191. Epub 2010 Mar 3.</citation>
    <PMID>20200273</PMID>
  </reference>
  <reference>
    <citation>Lipke AB, Matute-Bello G, Herrero R, Wong VA, Mongovin SM, Martin TR. Death receptors mediate the adverse effects of febrile-range hyperthermia on the outcome of lipopolysaccharide-induced lung injury. Am J Physiol Lung Cell Mol Physiol. 2011 Jul;301(1):L60-70. doi: 10.1152/ajplung.00314.2010. Epub 2011 Apr 22.</citation>
    <PMID>21515659</PMID>
  </reference>
  <reference>
    <citation>Rice P, Martin E, He JR, Frank M, DeTolla L, Hester L, O'Neill T, Manka C, Benjamin I, Nagarsekar A, Singh I, Hasday JD. Febrile-range hyperthermia augments neutrophil accumulation and enhances lung injury in experimental gram-negative bacterial pneumonia. J Immunol. 2005 Mar 15;174(6):3676-85.</citation>
    <PMID>15749906</PMID>
  </reference>
  <reference>
    <citation>Shah NG, Tulapurkar ME, Damarla M, Singh IS, Goldblum SE, Shapiro P, Hasday JD. Febrile-range hyperthermia augments reversible TNF-α-induced hyperpermeability in human microvascular lung endothelial cells. Int J Hyperthermia. 2012;28(7):627-35. doi: 10.3109/02656736.2012.690547. Epub 2012 Jul 26.</citation>
    <PMID>22834633</PMID>
  </reference>
  <reference>
    <citation>Tulapurkar ME, Almutairy EA, Shah NG, He JR, Puche AC, Shapiro P, Singh IS, Hasday JD. Febrile-range hyperthermia modifies endothelial and neutrophilic functions to promote extravasation. Am J Respir Cell Mol Biol. 2012 Jun;46(6):807-14. doi: 10.1165/rcmb.2011-0378OC. Epub 2012 Jan 26.</citation>
    <PMID>22281986</PMID>
  </reference>
  <reference>
    <citation>Ball MK, Hillman NH, Kallapur SG, Polglase GR, Jobe AH, Pillow JJ. Body temperature effects on lung injury in ventilated preterm lambs. Resuscitation. 2010 Jun;81(6):749-54. doi: 10.1016/j.resuscitation.2009.12.007. Epub 2010 Mar 17.</citation>
    <PMID>20299144</PMID>
  </reference>
  <reference>
    <citation>Beurskens CJ, Aslami H, Kuipers MT, Horn J, Vroom MB, van Kuilenburg AB, Roelofs JJ, Schultz MJ, Juffermans NP. Induced hypothermia is protective in a rat model of pneumococcal pneumonia associated with increased adenosine triphosphate availability and turnover*. Crit Care Med. 2012 Mar;40(3):919-26. doi: 10.1097/CCM.0b013e3182373174.</citation>
    <PMID>22036856</PMID>
  </reference>
  <reference>
    <citation>Chang H, Huang KL, Li MH, Hsu CW, Tsai SH, Chu SJ. Manipulations of core temperatures in ischemia-reperfusion lung injury in rabbits. Pulm Pharmacol Ther. 2008;21(2):285-91. Epub 2007 Jun 14.</citation>
    <PMID>17629529</PMID>
  </reference>
  <reference>
    <citation>Chin JY, Koh Y, Kim MJ, Kim HS, Kim WS, Kim DS, Kim WD, Lim CM. The effects of hypothermia on endotoxin-primed lung. Anesth Analg. 2007 May;104(5):1171-8, tables of contents.</citation>
    <PMID>17456669</PMID>
  </reference>
  <reference>
    <citation>Cruces P, Erranz B, Donoso A, Carvajal C, Salomón T, Torres MF, Díaz F. Mild hypothermia increases pulmonary anti-inflammatory response during protective mechanical ventilation in a piglet model of acute lung injury. Paediatr Anaesth. 2013 Nov;23(11):1069-77. doi: 10.1111/pan.12209. Epub 2013 Jun 3.</citation>
    <PMID>23731357</PMID>
  </reference>
  <reference>
    <citation>Huang PS, Tang GJ, Chen CH, Kou YR. Whole-body moderate hypothermia confers protection from wood smoke-induced acute lung injury in rats: the therapeutic window. Crit Care Med. 2006 Apr;34(4):1160-7.</citation>
    <PMID>16484924</PMID>
  </reference>
  <reference>
    <citation>Jo YH, Kim K, Rhee JE, Suh GJ, Kwon WY, Na SH, Alam HB. Therapeutic hypothermia attenuates acute lung injury in paraquat intoxication in rats. Resuscitation. 2011 Apr;82(4):487-91. doi: 10.1016/j.resuscitation.2010.11.028. Epub 2011 Jan 14.</citation>
    <PMID>21236547</PMID>
  </reference>
  <reference>
    <citation>Kim K, Kim W, Rhee JE, Jo YH, Lee JH, Kim KS, Kwon WY, Suh GJ, Lee CC, Singer AJ. Induced hypothermia attenuates the acute lung injury in hemorrhagic shock. J Trauma. 2010 Feb;68(2):373-81. doi: 10.1097/TA.0b013e3181a73eea.</citation>
    <PMID>19996791</PMID>
  </reference>
  <reference>
    <citation>Kira S, Daa T, Kashima K, Mori M, Noguchi T, Yokoyama S. Mild hypothermia reduces expression of intercellular adhesion molecule-1 (ICAM-1) and the accumulation of neutrophils after acid-induced lung injury in the rat. Acta Anaesthesiol Scand. 2005 Mar;49(3):351-9.</citation>
    <PMID>15752401</PMID>
  </reference>
  <reference>
    <citation>Lim CM, Hong SB, Koh Y, Lee SD, Kim WS, Kim DS, Kim WD. Hypothermia attenuates vascular manifestations of ventilator-induced lung injury in rats. Lung. 2003;181(1):23-34.</citation>
    <PMID>12879337</PMID>
  </reference>
  <reference>
    <citation>Lim CM, Kim MS, Ahn JJ, Kim MJ, Kwon Y, Lee I, Koh Y, Kim DS, Kim WD. Hypothermia protects against endotoxin-induced acute lung injury in rats. Intensive Care Med. 2003 Mar;29(3):453-9. Epub 2002 Nov 22.</citation>
    <PMID>12624664</PMID>
  </reference>
  <reference>
    <citation>Peng CK, Huang KL, Wu CP, Li MH, Lin HI, Hsu CW, Tsai SH, Chu SJ. The role of mild hypothermia in air embolism-induced acute lung injury. Anesth Analg. 2010 May 1;110(5):1336-42. doi: 10.1213/ANE.0b013e3181d27e90.</citation>
    <PMID>20418297</PMID>
  </reference>
  <reference>
    <citation>Tang ZH, Hu JT, Lu ZC, Ji XF, Chen XF, Jiang LY, Zhang C, Jiang JS, Pang YP, Li CQ. Effect of mild hypothermia on the expression of toll-like receptor 2 in lung tissues with experimental acute lung injury. Heart Lung Circ. 2014 Dec;23(12):1202-7. doi: 10.1016/j.hlc.2014.05.016. Epub 2014 Jun 24.</citation>
    <PMID>25224460</PMID>
  </reference>
  <reference>
    <citation>Villar J, Slutsky AS. Effects of induced hypothermia in patients with septic adult respiratory distress syndrome. Resuscitation. 1993 Oct;26(2):183-92.</citation>
    <PMID>8290813</PMID>
  </reference>
  <reference>
    <citation>Karnatovskaia LV, Festic E, Freeman WD, Lee AS. Effect of therapeutic hypothermia on gas exchange and respiratory mechanics: a retrospective cohort study. Ther Hypothermia Temp Manag. 2014 Jun;4(2):88-95. doi: 10.1089/ther.2014.0004. Epub 2014 May 19.</citation>
    <PMID>24840620</PMID>
  </reference>
  <reference>
    <citation>Manthous CA, Hall JB, Olson D, Singh M, Chatila W, Pohlman A, Kushner R, Schmidt GA, Wood LD. Effect of cooling on oxygen consumption in febrile critically ill patients. Am J Respir Crit Care Med. 1995 Jan;151(1):10-4.</citation>
    <PMID>7812538</PMID>
  </reference>
  <reference>
    <citation>Gattinoni L, Tonetti T, Cressoni M, Cadringher P, Herrmann P, Moerer O, Protti A, Gotti M, Chiurazzi C, Carlesso E, Chiumello D, Quintel M. Ventilator-related causes of lung injury: the mechanical power. Intensive Care Med. 2016 Oct;42(10):1567-1575. doi: 10.1007/s00134-016-4505-2. Epub 2016 Sep 12.</citation>
    <PMID>27620287</PMID>
  </reference>
  <reference>
    <citation>Nagarsekar A, Tulapurkar ME, Singh IS, Atamas SP, Shah NG, Hasday JD. Hyperthermia promotes and prevents respiratory epithelial apoptosis through distinct mechanisms. Am J Respir Cell Mol Biol. 2012 Dec;47(6):824-33. doi: 10.1165/rcmb.2012-0105OC. Epub 2012 Sep 6.</citation>
    <PMID>22962066</PMID>
  </reference>
  <reference>
    <citation>Potla R, Singh IS, Atamas SP, Hasday JD. Shifts in temperature within the physiologic range modify strand-specific expression of select human microRNAs. RNA. 2015 Jul;21(7):1261-73. doi: 10.1261/rna.049122.114. Epub 2015 May 27.</citation>
    <PMID>26018549</PMID>
  </reference>
  <reference>
    <citation>Shah NG, Cowan MJ, Pickering E, Sareh H, Afshar M, Fox D, Marron J, Davis J, Herold K, Shanholtz CB, Hasday JD. Nonpharmacologic approach to minimizing shivering during surface cooling: a proof of principle study. J Crit Care. 2012 Dec;27(6):746.e1-8. doi: 10.1016/j.jcrc.2012.04.016. Epub 2012 Jul 2.</citation>
    <PMID>22762936</PMID>
  </reference>
  <reference>
    <citation>Beitler JR, Sands SA, Loring SH, Owens RL, Malhotra A, Spragg RG, Matthay MA, Thompson BT, Talmor D. Quantifying unintended exposure to high tidal volumes from breath stacking dyssynchrony in ARDS: the BREATHE criteria. Intensive Care Med. 2016 Sep;42(9):1427-36. doi: 10.1007/s00134-016-4423-3. Epub 2016 Jun 24.</citation>
    <PMID>27342819</PMID>
  </reference>
  <reference>
    <citation>Guérin C, Mancebo J. Prone positioning and neuromuscular blocking agents are part of standard care in severe ARDS patients: yes. Intensive Care Med. 2015 Dec;41(12):2195-7. doi: 10.1007/s00134-015-3918-7. Epub 2015 Sep 23.</citation>
    <PMID>26399890</PMID>
  </reference>
  <reference>
    <citation>Slack DF, Corwin DS, Shah NG, Shanholtz CB, Verceles AC, Netzer G, Jones KM, Brown CH, Terrin ML, Hasday JD. Pilot Feasibility Study of Therapeutic Hypothermia for Moderate to Severe Acute Respiratory Distress Syndrome. Crit Care Med. 2017 Jul;45(7):1152-1159. doi: 10.1097/CCM.0000000000002338.</citation>
    <PMID>28406814</PMID>
  </reference>
  <reference>
    <citation>Calfee CS, Ware LB, Eisner MD, Parsons PE, Thompson BT, Wickersham N, Matthay MA; NHLBI ARDS Network. Plasma receptor for advanced glycation end products and clinical outcomes in acute lung injury. Thorax. 2008 Dec;63(12):1083-9. doi: 10.1136/thx.2008.095588. Epub 2008 Jun 19.</citation>
    <PMID>18566109</PMID>
  </reference>
  <reference>
    <citation>Greene KE, Wright JR, Steinberg KP, Ruzinski JT, Caldwell E, Wong WB, Hull W, Whitsett JA, Akino T, Kuroki Y, Nagae H, Hudson LD, Martin TR. Serial changes in surfactant-associated proteins in lung and serum before and after onset of ARDS. Am J Respir Crit Care Med. 1999 Dec;160(6):1843-50.</citation>
    <PMID>10588595</PMID>
  </reference>
  <reference>
    <citation>Calfee CS, Eisner MD, Parsons PE, Thompson BT, Conner ER Jr, Matthay MA, Ware LB; NHLBI Acute Respiratory Distress Syndrome Clinical Trials Network. Soluble intercellular adhesion molecule-1 and clinical outcomes in patients with acute lung injury. Intensive Care Med. 2009 Feb;35(2):248-57. doi: 10.1007/s00134-008-1235-0. Epub 2008 Aug 1. Review.</citation>
    <PMID>18670758</PMID>
  </reference>
  <reference>
    <citation>Kimura D, Saravia J, Rovnaghi CR, Meduri GU, Schwingshackl A, Cormier SA, Anand KJ. Plasma Biomarker Analysis in Pediatric ARDS: Generating Future Framework from a Pilot Randomized Control Trial of Methylprednisolone: A Framework for Identifying Plasma Biomarkers Related to Clinical Outcomes in Pediatric ARDS. Front Pediatr. 2016 Mar 31;4:31. doi: 10.3389/fped.2016.00031. eCollection 2016.</citation>
    <PMID>27066464</PMID>
  </reference>
  <reference>
    <citation>Ferguson ND, Fan E, Camporota L, Antonelli M, Anzueto A, Beale R, Brochard L, Brower R, Esteban A, Gattinoni L, Rhodes A, Slutsky AS, Vincent JL, Rubenfeld GD, Thompson BT, Ranieri VM. The Berlin definition of ARDS: an expanded rationale, justification, and supplementary material. Intensive Care Med. 2012 Oct;38(10):1573-82. Epub 2012 Aug 25. Erratum in: Intensive Care Med. 2012 Oct;38(10):1731-2.</citation>
    <PMID>22926653</PMID>
  </reference>
  <reference>
    <citation>Brown SM, Grissom CK, Moss M, Rice TW, Schoenfeld D, Hou PC, Thompson BT, Brower RG; NIH/NHLBI PETAL Network Collaborators. Nonlinear Imputation of Pao2/Fio2 From Spo2/Fio2 Among Patients With Acute Respiratory Distress Syndrome. Chest. 2016 Aug;150(2):307-13. doi: 10.1016/j.chest.2016.01.003. Epub 2016 Jan 19.</citation>
    <PMID>26836924</PMID>
  </reference>
  <verification_date>June 2020</verification_date>
  <study_first_submitted>December 7, 2017</study_first_submitted>
  <study_first_submitted_qc>December 18, 2017</study_first_submitted_qc>
  <study_first_posted type="Actual">December 19, 2017</study_first_posted>
  <last_update_submitted>June 10, 2020</last_update_submitted>
  <last_update_submitted_qc>June 10, 2020</last_update_submitted_qc>
  <last_update_posted type="Actual">June 16, 2020</last_update_posted>
  <responsible_party>
    <responsible_party_type>Principal Investigator</responsible_party_type>
    <investigator_affiliation>University of Maryland, Baltimore</investigator_affiliation>
    <investigator_full_name>Jeffrey Hasday</investigator_full_name>
    <investigator_title>Professor of Medicine</investigator_title>
  </responsible_party>
  <keyword>COVID-19, ARDS, targeted temperature management</keyword>
  <condition_browse>
    <!-- CAUTION:  The following MeSH terms are assigned with an imperfect algorithm            -->
    <mesh_term>Respiratory Distress Syndrome, Newborn</mesh_term>
    <mesh_term>Respiratory Distress Syndrome, Adult</mesh_term>
    <mesh_term>Acute Lung Injury</mesh_term>
    <mesh_term>Hypothermia</mesh_term>
  </condition_browse>
  <intervention_browse>
    <!-- CAUTION:  The following MeSH terms are assigned with an imperfect algorithm            -->
    <mesh_term>Neuromuscular Blocking Agents</mesh_term>
  </intervention_browse>
  <patient_data>
    <sharing_ipd>Yes</sharing_ipd>
    <ipd_description>At the completion of the study, Dr. Hasday and colleagues will present the results of the long-term outcomes at national meetings and publish them in peer-reviewed journals and in ClinicalTrials.gov. Within one year of the publication of the main trial data (whichever occurs first, Dr. Hasday will make de-identified study data available to any individual who presents an appropriate question and analysis plan. The available information will include 1) descriptive documents (e.g. study protocol, code book/variable dictionary, data collection instruments, and de-identification methodology), and 2) de-identified data file.</ipd_description>
    <ipd_info_type>Study Protocol</ipd_info_type>
    <ipd_info_type>Statistical Analysis Plan (SAP)</ipd_info_type>
    <ipd_info_type>Informed Consent Form (ICF)</ipd_info_type>
    <ipd_info_type>Clinical Study Report (CSR)</ipd_info_type>
    <ipd_info_type>Analytic Code</ipd_info_type>
    <ipd_time_frame>All information will be available within one year of the publication of the main trial data.</ipd_time_frame>
    <ipd_access_criteria>Access will either be by email to Dr. Hasday or through a website to be developed.</ipd_access_criteria>
  </patient_data>
  <provided_document_section>
    <provided_document>
      <document_type>Informed Consent Form</document_type>
      <document_has_protocol>No</document_has_protocol>
      <document_has_icf>Yes</document_has_icf>
      <document_has_sap>No</document_has_sap>
      <document_date>April 10, 2020</document_date>
      <document_url>https://ClinicalTrials.gov/ProvidedDocs/54/NCT03376854/ICF_011.pdf</document_url>
    </provided_document>
    <provided_document>
      <document_type>Statistical Analysis Plan</document_type>
      <document_has_protocol>No</document_has_protocol>
      <document_has_icf>No</document_has_icf>
      <document_has_sap>Yes</document_has_sap>
      <document_date>May 19, 2020</document_date>
      <document_url>https://ClinicalTrials.gov/ProvidedDocs/54/NCT03376854/SAP_012.pdf</document_url>
    </provided_document>
    <provided_document>
      <document_type>Study Protocol</document_type>
      <document_has_protocol>Yes</document_has_protocol>
      <document_has_icf>No</document_has_icf>
      <document_has_sap>No</document_has_sap>
      <document_date>May 6, 2020</document_date>
      <document_url>https://ClinicalTrials.gov/ProvidedDocs/54/NCT03376854/Prot_013.pdf</document_url>
    </provided_document>
  </provided_document_section>
  <!-- Results have not yet been posted for this study                                          -->
</clinical_study>

