<?xml version="1.0" encoding="UTF-8"?>
<clinical_study rank="2563">
  <!-- This xml conforms to an XML Schema at:
    https://clinicaltrials.gov/ct2/html/images/info/public.xsd -->
  <required_header>
    <download_date>ClinicalTrials.gov processed this data on February 08, 2021</download_date>
    <link_text>Link to the current ClinicalTrials.gov record.</link_text>
    <url>https://clinicaltrials.gov/show/NCT04252118</url>
  </required_header>
  <id_info>
    <org_study_id>2020003D</org_study_id>
    <nct_id>NCT04252118</nct_id>
  </id_info>
  <brief_title>Mesenchymal Stem Cell Treatment for Pneumonia Patients Infected With COVID-19</brief_title>
  <official_title>Safety and Efficiency of Mesenchymal Stem Cell in Treating Pneumonia Patients Infected With COVID-19</official_title>
  <sponsors>
    <lead_sponsor>
      <agency>Beijing 302 Hospital</agency>
      <agency_class>Other</agency_class>
    </lead_sponsor>
    <collaborator>
      <agency>Innovative Precision Medicine Group (IPM), Hangzhou, China.</agency>
      <agency_class>Other</agency_class>
    </collaborator>
    <collaborator>
      <agency>Huoshenshan Hospital</agency>
      <agency_class>Other</agency_class>
    </collaborator>
    <collaborator>
      <agency>Tianjin Haihe Hospital</agency>
      <agency_class>Other</agency_class>
    </collaborator>
    <collaborator>
      <agency>VCANBIO CELL &amp; GENE ENGINEERING CORP.,LTD, China</agency>
      <agency_class>Other</agency_class>
    </collaborator>
    <collaborator>
      <agency>Shenzhen Third People's Hospital</agency>
      <agency_class>Other</agency_class>
    </collaborator>
    <collaborator>
      <agency>Fifth Affiliated Hospital, Sun Yat-Sen University</agency>
      <agency_class>Other</agency_class>
    </collaborator>
  </sponsors>
  <source>Beijing 302 Hospital</source>
  <oversight_info>
    <is_fda_regulated_drug>No</is_fda_regulated_drug>
    <is_fda_regulated_device>No</is_fda_regulated_device>
  </oversight_info>
  <brief_summary>
    <textblock>
      The SARS-CoV-2 infection caused clusters of severe respiratory illness similar to severe&#xD;
      acute respiratory syndrome coronavirus and was associated with ICU admission and high&#xD;
      mortality. There is no confirmed antivirus therapy for people infected SARS-CoV-2, most of&#xD;
      them should receive supportive care to help relieve symptoms. For severe cases, treatment&#xD;
      should include care to support vital organ functions. This clinical trial is to inspect the&#xD;
      safety and efficiency of Mesenchymal Stem Cells (MSCs) therapy for pneumonia patients&#xD;
      infected with SARS-CoV-2.&#xD;
    </textblock>
  </brief_summary>
  <detailed_description>
    <textblock>
      SARS-CoV-2 infection has become an urgent public health event in China. As of 24:00 on&#xD;
      January 26, 2020, there are 2744 confirmed cases and 461 severe cases in China, the number is&#xD;
      still increasing. There is currently no vaccine and no specific antiviral treatment&#xD;
      recommended for SARS-CoV-2 infection. About 20% of the patients were severe and some died of&#xD;
      respiratory failure or multiple organ failure. Therefore, it is urgent to find a safe and&#xD;
      effective therapeutic approach to pneumonia patients infected with SARS-CoV-2.&#xD;
&#xD;
      In the last year, the promising features of mesenchymal stem cells (MSCs), including their&#xD;
      regenerative properties and ability to differentiate into diverse cell lineages, have&#xD;
      generated great interest among researchers whose work has offered intriguing perspectives on&#xD;
      cell-based therapies for various diseases. These findings seem to highlight that the&#xD;
      beneficial effect of MSC-based treatment could be principally due by the immunomodulation and&#xD;
      regenerative potential of these cells. The investigators found that infusions of UC-MSC&#xD;
      significantly improved liver function in decompensated liver cirrhosis and primary biliary&#xD;
      cirrhosis (PBC) patients, increased the survival rate in acute-on-chronic liver failure&#xD;
      (ACLF) patients . MSCs could significantly reduce the pathological changes of lung and&#xD;
      inhibit the cell-mediated immune inflammatory response induced by influenza virus in animal&#xD;
      model .&#xD;
&#xD;
      The purpose of this study is to investigate safety and efficiency of MSCs in treating&#xD;
      pneumonia patients infected with SARS-CoV-2. This multi-center trial will recruit 20&#xD;
      patients. 10 patients received i.v. transfusion one round (3 times) of 3.0*10E7 cells of MSCs&#xD;
      as the treated group, all of them received the conventional treatment. In addition, the equal&#xD;
      10 patients received conventional treatment were used as control. The clinical symptoms,&#xD;
      pulmonary imaging, side effects, 28-days mortality, immunological characteristics (immune&#xD;
      cells, inflammatory factors, etc.) will be evaluated during the 180 days follow up.&#xD;
    </textblock>
  </detailed_description>
  <overall_status>Recruiting</overall_status>
  <start_date type="Actual">January 27, 2020</start_date>
  <completion_date type="Anticipated">December 2021</completion_date>
  <primary_completion_date type="Anticipated">December 2020</primary_completion_date>
  <phase>Phase 1</phase>
  <study_type>Interventional</study_type>
  <has_expanded_access>No</has_expanded_access>
  <study_design_info>
    <allocation>Non-Randomized</allocation>
    <intervention_model>Parallel Assignment</intervention_model>
    <primary_purpose>Treatment</primary_purpose>
    <masking>None (Open Label)</masking>
  </study_design_info>
  <primary_outcome>
    <measure>Size of lesion area by chest radiograph or CT</measure>
    <time_frame>At Baseline , Day 3, Day 6, Day 10, Day 14, Day 21，Day 28</time_frame>
    <description>Evaluation of Pneumonia Improvement</description>
  </primary_outcome>
  <primary_outcome>
    <measure>Side effects in the MSCs treatment group</measure>
    <time_frame>At Baseline , Day 3, Day 6, Day 10, Day 14, Day 21, Day 28, Day 90 and Day 180</time_frame>
    <description>Number of participants with treatment-related adverse events as assessed by CTCAE v4.0</description>
  </primary_outcome>
  <secondary_outcome>
    <measure>Improvement of Clinical symptoms including duration of fever and respiratory</measure>
    <time_frame>At Baseline , Day 3, Day 6, Day 10, Day 14, Day 21, Day 28</time_frame>
    <description>Evaluation of Pneumonia Improvement</description>
  </secondary_outcome>
  <secondary_outcome>
    <measure>Time of nucleic acid turning negative</measure>
    <time_frame>At Baseline , Day 3, Day 6, Day 10, Day 14, Day 21, Day 28, Day 90 and Day 180</time_frame>
    <description>Marker for COVID-19</description>
  </secondary_outcome>
  <secondary_outcome>
    <measure>Rate of mortality within 28-days</measure>
    <time_frame>Day 28</time_frame>
    <description>Marker for efficacy of treatment</description>
  </secondary_outcome>
  <secondary_outcome>
    <measure>CD4+ and CD8+ T celll count</measure>
    <time_frame>At Baseline , Day 3, Day 6, Day 10, Day 14, Day 21, Day 28, Day 90 and Day 180</time_frame>
    <description>Marker of Immunological function</description>
  </secondary_outcome>
  <secondary_outcome>
    <measure>Alanine aminotransferase</measure>
    <time_frame>At Baseline , Day 3, Day 6, Day 10, Day 14, Day 21, Day 28, Day 90 and Day 180</time_frame>
    <description>Markers of organ function</description>
  </secondary_outcome>
  <secondary_outcome>
    <measure>C-reactive protein</measure>
    <time_frame>At Baseline , Day 3, Day 6, Day 10, Day 14, Day 21, Day 28, Day 90 and Day 180</time_frame>
    <description>Markers of Infection</description>
  </secondary_outcome>
  <secondary_outcome>
    <measure>Creatine kinase</measure>
    <time_frame>At Baseline , Day 3, Day 6, Day 10, Day 14, Day 21, Day 28, Day 90 and Day 180</time_frame>
    <description>Markers of organ function</description>
  </secondary_outcome>
  <number_of_arms>2</number_of_arms>
  <enrollment type="Anticipated">20</enrollment>
  <condition>COVID-19</condition>
  <arm_group>
    <arm_group_label>MSCs Treatment Group</arm_group_label>
    <arm_group_type>Experimental</arm_group_type>
    <description>Conventional treatment plus MSCs Participants will receive conventional treatment plus 3 times of MSCs(3.0*10E7 MSCs intravenously at Day 0, Day 3, Day 6).</description>
  </arm_group>
  <arm_group>
    <arm_group_label>Conventional Control Group</arm_group_label>
    <arm_group_type>No Intervention</arm_group_type>
    <description>Without MSCs Therapy but conventional treatment should be received.</description>
  </arm_group>
  <intervention>
    <intervention_type>Biological</intervention_type>
    <intervention_name>MSCs</intervention_name>
    <description>3 times of MSCs(3.0*10E7 MSCs intravenously at Day 0, Day 3, Day 6).</description>
    <arm_group_label>MSCs Treatment Group</arm_group_label>
  </intervention>
  <eligibility>
    <criteria>
      <textblock>
        Inclusion Criteria:&#xD;
&#xD;
          1. Male or female, aged at 18 years (including) -70 years old&#xD;
&#xD;
          2. Confirmed COVID-19 by reverse-transcription polymerase chain reaction (RT-PCR) from&#xD;
             any diagnostic sampling source; and&#xD;
&#xD;
          3. Pneumonia that is judged by chest radiograph or computed tomography.&#xD;
&#xD;
        Exclusion Criteria:&#xD;
&#xD;
          1. Pregnancy, lactation and those who are not pregnant but do not take effective&#xD;
             contraceptives measures;&#xD;
&#xD;
          2. Patients with malignant tumor, other serious systemic diseases and psychosis;&#xD;
&#xD;
          3. Patients who are participating in other clinical trials;&#xD;
&#xD;
          4. Inability to provide informed consent or to comply with test requirements.&#xD;
&#xD;
          5. Co-Infection of HIV, tuberculosis, influenza virus, adenovirus and other respiratory&#xD;
             infection virus.&#xD;
      </textblock>
    </criteria>
    <gender>All</gender>
    <minimum_age>18 Years</minimum_age>
    <maximum_age>70 Years</maximum_age>
    <healthy_volunteers>No</healthy_volunteers>
  </eligibility>
  <overall_contact>
    <last_name>Lei Shi, MD,PhD</last_name>
    <phone>86-10-66933333</phone>
    <email>shilei302@126.com</email>
  </overall_contact>
  <overall_contact_backup>
    <last_name>Fusheng Wang, MD,PhD</last_name>
    <phone>86-10-66933328</phone>
    <email>fswang302@163.com</email>
  </overall_contact_backup>
  <location>
    <facility>
      <name>Beijing 302 Military Hospital of China</name>
      <address>
        <city>Beijing</city>
        <zip>100039</zip>
        <country>China</country>
      </address>
    </facility>
    <status>Recruiting</status>
    <contact>
      <last_name>Lei Shi, MD, PhD</last_name>
      <phone>86-10-66933333</phone>
      <email>shilei302@126.com</email>
    </contact>
  </location>
  <location_countries>
    <country>China</country>
  </location_countries>
  <verification_date>April 2020</verification_date>
  <study_first_submitted>January 27, 2020</study_first_submitted>
  <study_first_submitted_qc>January 30, 2020</study_first_submitted_qc>
  <study_first_posted type="Actual">February 5, 2020</study_first_posted>
  <last_update_submitted>April 13, 2020</last_update_submitted>
  <last_update_submitted_qc>April 13, 2020</last_update_submitted_qc>
  <last_update_posted type="Actual">April 15, 2020</last_update_posted>
  <responsible_party>
    <responsible_party_type>Principal Investigator</responsible_party_type>
    <investigator_affiliation>Beijing 302 Hospital</investigator_affiliation>
    <investigator_full_name>Fu-Sheng Wang</investigator_full_name>
    <investigator_title>Head of Treatment and Research Center for Infectious Diseases, Principle Investigator, Clinical Professor</investigator_title>
  </responsible_party>
  <keyword>COVID-19</keyword>
  <keyword>Safety</keyword>
  <keyword>Efficiency</keyword>
  <keyword>Cell Therapy</keyword>
  <keyword>Mesenchymal stem cell</keyword>
  <condition_browse>
    <!-- CAUTION:  The following MeSH terms are assigned with an imperfect algorithm            -->
    <mesh_term>Pneumonia</mesh_term>
  </condition_browse>
  <patient_data>
    <sharing_ipd>No</sharing_ipd>
  </patient_data>
  <!-- Results have not yet been posted for this study                                          -->
</clinical_study>

