<?xml version="1.0" encoding="UTF-8"?>
<clinical_study rank="459">
  <!-- This xml conforms to an XML Schema at:
    https://clinicaltrials.gov/ct2/html/images/info/public.xsd -->
  <required_header>
    <download_date>ClinicalTrials.gov processed this data on February 08, 2021</download_date>
    <link_text>Link to the current ClinicalTrials.gov record.</link_text>
    <url>https://clinicaltrials.gov/show/NCT04335136</url>
  </required_header>
  <id_info>
    <org_study_id>APN01-01-COVID19</org_study_id>
    <nct_id>NCT04335136</nct_id>
  </id_info>
  <brief_title>Recombinant Human Angiotensin-converting Enzyme 2 (rhACE2) as a Treatment for Patients With COVID-19</brief_title>
  <acronym>APN01-COVID-19</acronym>
  <official_title>Recombinant Human Angiotensin-converting Enzyme 2 (rhACE2) as a Treatment for Patients With COVID-19</official_title>
  <sponsors>
    <lead_sponsor>
      <agency>Apeiron Biologics</agency>
      <agency_class>Industry</agency_class>
    </lead_sponsor>
  </sponsors>
  <source>Apeiron Biologics</source>
  <oversight_info>
    <is_fda_regulated_drug>Yes</is_fda_regulated_drug>
    <is_fda_regulated_device>No</is_fda_regulated_device>
  </oversight_info>
  <brief_summary>
    <textblock>
      Recombinant human angotensin-converting enzyme 2 (rhACE2) as a treatment for patients with&#xD;
      COVID-19 to block viral entry and decrease viral replication.&#xD;
    </textblock>
  </brief_summary>
  <overall_status>Completed</overall_status>
  <start_date type="Actual">April 30, 2020</start_date>
  <completion_date type="Actual">December 26, 2020</completion_date>
  <primary_completion_date type="Actual">December 26, 2020</primary_completion_date>
  <phase>Phase 2</phase>
  <study_type>Interventional</study_type>
  <has_expanded_access>No</has_expanded_access>
  <study_design_info>
    <allocation>Randomized</allocation>
    <intervention_model>Parallel Assignment</intervention_model>
    <primary_purpose>Treatment</primary_purpose>
    <masking>Double (Participant, Investigator)</masking>
  </study_design_info>
  <primary_outcome>
    <measure>All Cause-death or invasive mechanical ventilation</measure>
    <time_frame>28 days</time_frame>
    <description>The primary endpoint is a composite endpoint of all cause-death or invasive mechanical ventilation up to 28 days or hospital discharge</description>
  </primary_outcome>
  <secondary_outcome>
    <measure>LDH level</measure>
    <time_frame>Day 5</time_frame>
    <description>Log transformed levels of Lactate dehydrogenase (LDH) at day 5 as a surrogate marker for organ damage (powered secondary endpoint</description>
  </secondary_outcome>
  <secondary_outcome>
    <measure>Mortality</measure>
    <time_frame>28 days</time_frame>
    <description>28-day mortality (all cause-death)</description>
  </secondary_outcome>
  <secondary_outcome>
    <measure>VFD</measure>
    <time_frame>28 days</time_frame>
    <description>Ventilator-free days (VFD) up to 28 days or hospital discharge</description>
  </secondary_outcome>
  <secondary_outcome>
    <measure>Time to death</measure>
    <time_frame>28 days</time_frame>
    <description>Time to death (all causes)</description>
  </secondary_outcome>
  <number_of_arms>2</number_of_arms>
  <enrollment type="Actual">200</enrollment>
  <condition>COVID-19</condition>
  <arm_group>
    <arm_group_label>Group A (active) APN01</arm_group_label>
    <arm_group_type>Active Comparator</arm_group_type>
    <description>Recombinant human angiotensin-converting enzyme 2 (rhACE2) - APN01</description>
  </arm_group>
  <arm_group>
    <arm_group_label>Group B (placebo control)</arm_group_label>
    <arm_group_type>Placebo Comparator</arm_group_type>
  </arm_group>
  <intervention>
    <intervention_type>Drug</intervention_type>
    <intervention_name>RhACE2 APN01</intervention_name>
    <description>Patients will be treated with APN01 intravenously twice daily (BID).</description>
    <arm_group_label>Group A (active) APN01</arm_group_label>
    <other_name>APN01</other_name>
    <other_name>Recombinant human angiotensin-converting enzyme 2</other_name>
  </intervention>
  <intervention>
    <intervention_type>Drug</intervention_type>
    <intervention_name>Physiological saline solution</intervention_name>
    <description>Patients will be treated with placebo intravenously twice daily (BID).</description>
    <arm_group_label>Group B (placebo control)</arm_group_label>
  </intervention>
  <eligibility>
    <criteria>
      <textblock>
        Inclusion Criteria:&#xD;
&#xD;
          1. Hospitalized male or female&#xD;
&#xD;
          2. Diagnosed to be COVID-19 POSITIV&#xD;
&#xD;
          3. Signed Inform Consent Form&#xD;
&#xD;
        Exclusion Criteria:&#xD;
&#xD;
          1. Any patient whose clinical condition is deteriorating rapidly&#xD;
&#xD;
          2. Known history of positive Hepatitis B surface antigen, Hepatitis C antibody or HIV&#xD;
             antibody&#xD;
&#xD;
          3. History of sensitivity to any of the study medications, or components thereof or a&#xD;
             history of drug or other allergy that, in the opinion of the investigator or Medical&#xD;
             Monitor, contraindicates their participation&#xD;
&#xD;
          4. Pregnant females as determined by positive serum or urine hCG test prior to dosing&#xD;
&#xD;
          5. Lung transplantation&#xD;
&#xD;
          6. Pre-existing renal failure, i.e. requiring renal replacement therapy with hemodialysis&#xD;
             or peritoneal dialysis&#xD;
&#xD;
          7. There are other uncontrolled co-morbidities that increase the risks associated with&#xD;
             the study drug administration, that are assessed by the medical expert team as&#xD;
             unsuitable&#xD;
&#xD;
          8. Patient in clinical trials for COVID-19 within 30 days before ICF&#xD;
&#xD;
          9. Immunocompromised patients (chemotherapy, HIV, organ transplants, stem cell&#xD;
             transplants)&#xD;
      </textblock>
    </criteria>
    <gender>All</gender>
    <minimum_age>18 Years</minimum_age>
    <maximum_age>80 Years</maximum_age>
    <healthy_volunteers>No</healthy_volunteers>
  </eligibility>
  <overall_official>
    <last_name>Henning Bundgaard, MD.</last_name>
    <role>Principal Investigator</role>
    <affiliation>Cap. Region's Unit of Inherited Cardiac Diseases, Faculty Health&amp;Medical</affiliation>
  </overall_official>
  <location>
    <facility>
      <name>Medizinische Universität Innsbruck</name>
      <address>
        <city>Innsbruck</city>
        <country>Austria</country>
      </address>
    </facility>
  </location>
  <location>
    <facility>
      <name>Kaiser Franz Josef Spital, 4. Medizinische Abteilung mit Infektions- und Tropenmedizin</name>
      <address>
        <city>Wien</city>
        <country>Austria</country>
      </address>
    </facility>
  </location>
  <location>
    <facility>
      <name>Medizinische Universität Wien</name>
      <address>
        <city>Wien</city>
        <country>Austria</country>
      </address>
    </facility>
  </location>
  <location>
    <facility>
      <name>The National University Hospital, Rigshospitalet</name>
      <address>
        <city>Copenhagen</city>
        <country>Denmark</country>
      </address>
    </facility>
  </location>
  <location>
    <facility>
      <name>Herlev Gentofte Hospital</name>
      <address>
        <city>Herlev</city>
        <zip>2730</zip>
        <country>Denmark</country>
      </address>
    </facility>
  </location>
  <location>
    <facility>
      <name>Nordsjællands Hospital</name>
      <address>
        <city>Hillerød</city>
        <zip>3400</zip>
        <country>Denmark</country>
      </address>
    </facility>
  </location>
  <location>
    <facility>
      <name>Hvidovre Hospital</name>
      <address>
        <city>Hvidovre</city>
        <zip>2650</zip>
        <country>Denmark</country>
      </address>
    </facility>
  </location>
  <location>
    <facility>
      <name>Universitätsklinikum Hamburg-Eppendorf</name>
      <address>
        <city>Hamburg</city>
        <country>Germany</country>
      </address>
    </facility>
  </location>
  <location>
    <facility>
      <name>Klinikum rechts der Isar, Technische Universität München</name>
      <address>
        <city>München</city>
        <country>Germany</country>
      </address>
    </facility>
  </location>
  <location>
    <facility>
      <name>Regional State Budgetary Educational Institution &quot;Clinical Hospital № 5, Barnaul&quot;</name>
      <address>
        <city>Barnaul</city>
        <zip>656045</zip>
        <country>Russian Federation</country>
      </address>
    </facility>
  </location>
  <location>
    <facility>
      <name>State Healthcare Institution &quot;State Clinical Hspital № 15 named after O.M. Filatov&quot;</name>
      <address>
        <city>Moscow</city>
        <zip>111539</zip>
        <country>Russian Federation</country>
      </address>
    </facility>
  </location>
  <location>
    <facility>
      <name>Moscow State Budgetary Healthcare Institution &quot;City Clinical Hospital №52 of Health Department of Moscow&quot;</name>
      <address>
        <city>Moscow</city>
        <zip>123182</zip>
        <country>Russian Federation</country>
      </address>
    </facility>
  </location>
  <location>
    <facility>
      <name>Moscow State Budgetary Healthcare Institution &quot;N.V. Sklifosovsky Research Institute for Emergency Medicine of Health Department of Moscow&quot;</name>
      <address>
        <city>Moscow</city>
        <zip>129090</zip>
        <country>Russian Federation</country>
      </address>
    </facility>
  </location>
  <location>
    <facility>
      <name>Saint Petersburg SBHI City Hospital 38 named after N A Semashko</name>
      <address>
        <city>Pushkin</city>
        <zip>196600</zip>
        <country>Russian Federation</country>
      </address>
    </facility>
  </location>
  <location>
    <facility>
      <name>Federal State Budgetary Educational Institution of Higher Education &quot;Ryazan State Medical University named after I.P. Pavlov&quot; HD RF</name>
      <address>
        <city>Ryazan</city>
        <zip>390026</zip>
        <country>Russian Federation</country>
      </address>
    </facility>
  </location>
  <location>
    <facility>
      <name>Alexandrovskaya Hospital</name>
      <address>
        <city>Saint-Petersburg</city>
        <zip>193312</zip>
        <country>Russian Federation</country>
      </address>
    </facility>
  </location>
  <location>
    <facility>
      <name>Saint-Petersburg State Budget Healthcare Institution City Hospital 15</name>
      <address>
        <city>Saint-Petersburg</city>
        <zip>198205</zip>
        <country>Russian Federation</country>
      </address>
    </facility>
  </location>
  <location>
    <facility>
      <name>Federal State Budgetary Educational Institution of Higher Education &quot; Saratov State Medical University named after V.I. Razumovsky&quot; HD RF</name>
      <address>
        <city>Saratov</city>
        <zip>410054</zip>
        <country>Russian Federation</country>
      </address>
    </facility>
  </location>
  <location>
    <facility>
      <name>Regional State Budgetary Healthcare Institution &quot;Clinical Hospital №1&quot;</name>
      <address>
        <city>Smolensk</city>
        <zip>214006</zip>
        <country>Russian Federation</country>
      </address>
    </facility>
  </location>
  <location>
    <facility>
      <name>State budgetary institution of Healthcare of Tver region &quot;Regional clinical hospital&quot;</name>
      <address>
        <city>Tver</city>
        <zip>170036</zip>
        <country>Russian Federation</country>
      </address>
    </facility>
  </location>
  <location>
    <facility>
      <name>Yaroslavl Regional Clinical Hospital for Military Veterans - International Centre for Gerontological Problems &quot;Healthy Ageing&quot;</name>
      <address>
        <city>Yaroslavl</city>
        <zip>150047</zip>
        <country>Russian Federation</country>
      </address>
    </facility>
  </location>
  <location>
    <facility>
      <name>Cambridge University Hospitals NHS Trust/University of Cambridge</name>
      <address>
        <city>Cambridge</city>
        <zip>CB2 0QQ</zip>
        <country>United Kingdom</country>
      </address>
    </facility>
  </location>
  <location_countries>
    <country>Austria</country>
    <country>Denmark</country>
    <country>Germany</country>
    <country>Russian Federation</country>
    <country>United Kingdom</country>
  </location_countries>
  <removed_countries>
    <country>United States</country>
  </removed_countries>
  <verification_date>May 2020</verification_date>
  <study_first_submitted>April 1, 2020</study_first_submitted>
  <study_first_submitted_qc>April 3, 2020</study_first_submitted_qc>
  <study_first_posted type="Actual">April 6, 2020</study_first_posted>
  <last_update_submitted>January 21, 2021</last_update_submitted>
  <last_update_submitted_qc>January 21, 2021</last_update_submitted_qc>
  <last_update_posted type="Actual">January 22, 2021</last_update_posted>
  <responsible_party>
    <responsible_party_type>Sponsor</responsible_party_type>
  </responsible_party>
  <!-- Results have not yet been posted for this study                                          -->
</clinical_study>

