<?xml version="1.0" encoding="UTF-8"?>
<clinical_study rank="1365">
  <!-- This xml conforms to an XML Schema at:
    https://clinicaltrials.gov/ct2/html/images/info/public.xsd -->
  <required_header>
    <download_date>ClinicalTrials.gov processed this data on February 08, 2021</download_date>
    <link_text>Link to the current ClinicalTrials.gov record.</link_text>
    <url>https://clinicaltrials.gov/show/NCT04335123</url>
  </required_header>
  <id_info>
    <org_study_id>STUDY00145514</org_study_id>
    <nct_id>NCT04335123</nct_id>
  </id_info>
  <brief_title>Study of Open Label Losartan in COVID-19</brief_title>
  <official_title>An Open Label Phase 1 Trial of Losartan for Worsening Respiratory Illness in COVID-19</official_title>
  <sponsors>
    <lead_sponsor>
      <agency>University of Kansas Medical Center</agency>
      <agency_class>Other</agency_class>
    </lead_sponsor>
  </sponsors>
  <source>University of Kansas Medical Center</source>
  <oversight_info>
    <has_dmc>Yes</has_dmc>
    <is_fda_regulated_drug>Yes</is_fda_regulated_drug>
    <is_fda_regulated_device>No</is_fda_regulated_device>
    <is_us_export>No</is_us_export>
  </oversight_info>
  <brief_summary>
    <textblock>
      This is an open label, phase 1 clinical trial to evaluate the safety of losartan in&#xD;
      respiratory failure due to COVID-19.&#xD;
&#xD;
      Briefly, 50 patients with COVID-19 and respiratory failure who meet eligibility criteria and&#xD;
      agree to participation in the study will be placed on losartan 25 mg daily on study day 0. If&#xD;
      parameters are met the dose of losartan will be increased to 50 mg once daily on study day 3.&#xD;
      Participants will continue losartan until they experience resolution of respiratory failure&#xD;
      (normal oxygen levels on room air), are discharged from the hospital, meet stoppage criteria&#xD;
      (detailed below) or complete 14 days of therapy.&#xD;
&#xD;
      Patients and/or surrogate decision maker who do not give consent to treatment will be asked&#xD;
      to allow collection of data from their medical record for use as a control group. We will&#xD;
      also collect medical information relating to safety criteria on historical controls treated&#xD;
      at the University of Kansas Hospital in the 30 days prior to the study start date (3/25/2020)&#xD;
      and during the study period.&#xD;
    </textblock>
  </brief_summary>
  <detailed_description>
    <textblock>
      This is an open label, phase 1 clinical trial to evaluate the safety of losartan in&#xD;
      respiratory failure due to COVID-19.&#xD;
&#xD;
      Clinical Trial setup:&#xD;
&#xD;
      Detailed inclusion and exclusion criteria are listed below. Briefly, 50 patients with&#xD;
      COVID-19 and respiratory failure who meet criteria and agree to participation in the study&#xD;
      will be placed on losartan 25 mg daily on study day 0. If parameters are met the dose of&#xD;
      losartan will be increased to 50 mg once daily on study day 3. Participants will continue&#xD;
      losartan until they experience resolution of respiratory failure (normal oxygen levels on&#xD;
      room air), are discharged from the hospital, meet stoppage criteria (detailed below) or&#xD;
      complete 14 days of therapy.&#xD;
&#xD;
      Patients and/or surrogate decision maker who do not give consent to treatment will be asked&#xD;
      to allow collection of data from their medical record for use as a control group.&#xD;
&#xD;
      Stoppage criteria for losartan&#xD;
&#xD;
        -  Hyperkalemia (persistent values &gt;5.5 mM recorded on at least 2 readings).&#xD;
&#xD;
        -  Worsening renal function (Cockcroft-Gault &lt;30 mL/min/1.73 m2) or urinary output &lt;20&#xD;
           mL/h.&#xD;
&#xD;
        -  Skin rashes, palpitations or other moderate or severe adverse events (interference with&#xD;
           usual daily activities) without clear explanation should warrant immediate cessation of&#xD;
           treatment and notification of study personnel.&#xD;
&#xD;
        -  Development of sustained hypotension defined as SBP &lt;90 mmHg, DBP &lt;60 mmHg recorded on&#xD;
           at least two readings 30 min apart or use of norepinephrine &gt;0.1 µg/kg/min.&#xD;
&#xD;
        -  Any change in monitor lab parameters deemed significant and potentially related to study&#xD;
           drug by the Investigator.&#xD;
    </textblock>
  </detailed_description>
  <overall_status>Completed</overall_status>
  <start_date type="Actual">April 4, 2020</start_date>
  <completion_date type="Actual">August 17, 2020</completion_date>
  <primary_completion_date type="Actual">June 21, 2020</primary_completion_date>
  <phase>Phase 1</phase>
  <study_type>Interventional</study_type>
  <has_expanded_access>No</has_expanded_access>
  <study_design_info>
    <allocation>N/A</allocation>
    <intervention_model>Single Group Assignment</intervention_model>
    <intervention_model_description>50 patients with COVID-19 and respiratory failure who meet criteria and agree to participation in the study will be placed on losartan 25 mg once daily on study day 0. If parameters are met the dose of losartan will be increased to 50 mg once daily on study day 3. Patients and/or surrogate decision maker who do not give consent to treatment will be asked to allow collection of data from their medical record for use as a control group.We will also collect medical information relating to safety criteria on historical controls treated at the University of Kansas Hospital in the 30 days prior to the study start date (3/25/2020) and during the study period.</intervention_model_description>
    <primary_purpose>Treatment</primary_purpose>
    <masking>None (Open Label)</masking>
  </study_design_info>
  <primary_outcome>
    <measure>Number of participants with treatment-related adverse events as assessed by protocol definition of AE</measure>
    <time_frame>14 days of losartan treatment</time_frame>
    <description>Safety will be reported based on Protocol defined AEs.&#xD;
For the purpose of this protocol, an AE will be defined as as any untoward medical occurrence in a subject during the study listed under DMSB - Anticipated Adverse Events and Grading Scale section of this protocol as well as safety monitoring data listed on protocol table 1 as well as stoppage criteria for losartan.&#xD;
The event does not necessarily have a causal relationship with the treatment. AEs will be collected for both study groups, treatment and control from the time the ICF is signed until the subject completes study participation.</description>
  </primary_outcome>
  <secondary_outcome>
    <measure>Number of days on supplemental oxygen in respiratory failure due to COVID-19</measure>
    <time_frame>14 days of losartan treatment</time_frame>
    <description>Number of days on supplemental oxygen in respiratory failure due to COVID-19</description>
  </secondary_outcome>
  <secondary_outcome>
    <measure>Incidence of mechanical ventilation use</measure>
    <time_frame>14 days of losartan treatment</time_frame>
    <description>Incidence of mechanical ventilation use</description>
  </secondary_outcome>
  <secondary_outcome>
    <measure>Days on mechanical ventilation</measure>
    <time_frame>14 days of losartan treatment</time_frame>
    <description>Days on mechanical ventilation</description>
  </secondary_outcome>
  <secondary_outcome>
    <measure>Incidence of non-invasive positive pressure ventilation or heated high flow nasal cannula use</measure>
    <time_frame>14 days of losartan treatment</time_frame>
    <description>Incidence of non-invasive positive pressure ventilation or heated high flow nasal cannula use</description>
  </secondary_outcome>
  <secondary_outcome>
    <measure>Days on non-invasive positive pressure ventilation or high flow nasal cannula</measure>
    <time_frame>14 days of losartan treatment</time_frame>
    <description>Days on non-invasive positive pressure ventilation or high flow nasal cannula</description>
  </secondary_outcome>
  <secondary_outcome>
    <measure>Incidence of transfer to ICU from non-ICU hospital bed</measure>
    <time_frame>14 days of losartan treatment</time_frame>
    <description>Incidence of transfer to ICU from non-ICU hospital bed</description>
  </secondary_outcome>
  <secondary_outcome>
    <measure>ICU length of stay (days)</measure>
    <time_frame>14 days of losartan treatment</time_frame>
    <description>ICU length of stay (days)</description>
  </secondary_outcome>
  <secondary_outcome>
    <measure>30-day mortality rate</measure>
    <time_frame>30 days after diagnosis of COVID-19</time_frame>
    <description>30-day mortality rate</description>
  </secondary_outcome>
  <secondary_outcome>
    <measure>Hospital length of stay (days)</measure>
    <time_frame>14 days of losartan treatment</time_frame>
    <description>Hospital length of stay (days)</description>
  </secondary_outcome>
  <secondary_outcome>
    <measure>Cumulative incidence of severe adverse events</measure>
    <time_frame>14 days of losartan treatment</time_frame>
    <description>Cumulative incidence of severe adverse events</description>
  </secondary_outcome>
  <secondary_outcome>
    <measure>Cumulative incidence of adverse events</measure>
    <time_frame>14 days of losartan treatment</time_frame>
    <description>Cumulative incidence of adverse events</description>
  </secondary_outcome>
  <secondary_outcome>
    <measure>Change from baseline in oxygenation</measure>
    <time_frame>14 days of losartan treatment</time_frame>
    <description>Change from baseline in oxygenation</description>
  </secondary_outcome>
  <secondary_outcome>
    <measure>Incidence of medications with possible antiviral activity (hydroxychloroquine, lopinavir/ritonavir, ribavirin or remdesivir) or adjunctive therapy use (e.g., tocilizumab)</measure>
    <time_frame>14 days of losartan treatment</time_frame>
    <description>Incidence of medications with possible antiviral activity (hydroxychloroquine, lopinavir/ritonavir, ribavirin or remdesivir) or adjunctive therapy use (e.g., tocilizumab)</description>
  </secondary_outcome>
  <secondary_outcome>
    <measure>Incidence (and length in days) of extracorporeal membrane oxygenation use</measure>
    <time_frame>14 days of losartan treatment</time_frame>
    <description>Incidence (and length in days) of extracorporeal membrane oxygenation use</description>
  </secondary_outcome>
  <secondary_outcome>
    <measure>Incidence (and length in days) of renal replacement therapy use</measure>
    <time_frame>14 days of losartan treatment</time_frame>
    <description>Incidence (and length in days) of renal replacement therapy use</description>
  </secondary_outcome>
  <secondary_outcome>
    <measure>Intolerance of high dose (50mg) losartan after tolerating 25mg</measure>
    <time_frame>14 days of losartan treatment</time_frame>
    <description>Intolerance of high dose (50mg) losartan after tolerating 25mg</description>
  </secondary_outcome>
  <number_of_arms>1</number_of_arms>
  <enrollment type="Actual">34</enrollment>
  <condition>COVID-19</condition>
  <arm_group>
    <arm_group_label>Open Label Losartan</arm_group_label>
    <arm_group_type>Experimental</arm_group_type>
    <description>50 patients with COVID-19 and respiratory failure who meet criteria and agree to participation in the study will be placed on losartan 25 mg once daily on study day 0. If parameters are met the dose of losartan will be increased to 50 mg once daily on study day 3. Participants will continue losartan until they experience resolution of respiratory failure (normal oxygen levels on room air), are discharged from the hospital, meet stoppage criteria or complete 14 days of therapy.</description>
  </arm_group>
  <intervention>
    <intervention_type>Drug</intervention_type>
    <intervention_name>Losartan</intervention_name>
    <description>25 mg QD from day 0 to day 3. Dose escalation to 50 mg QD until study completion</description>
    <arm_group_label>Open Label Losartan</arm_group_label>
    <other_name>Cozaar</other_name>
  </intervention>
  <eligibility>
    <criteria>
      <textblock>
        Inclusion Criteria:&#xD;
&#xD;
          -  Age &gt;18 years admitted to the University of Kansas Health System.&#xD;
&#xD;
          -  Confirmation of infection with SARS-CoV-2 by PCR testing.&#xD;
&#xD;
          -  Hypoxic respiratory failure Requiring mechanical ventilation or oxygen OR a SpO2 ≤94%&#xD;
             on room air or a PaO2/FiO2 (P/F) ratio &lt;300 OR tachypnea (respiratory rate ≥24&#xD;
             breaths/min). Criteria to be met within 48 hours prior to Day 0.&#xD;
&#xD;
          -  Other concomitant medications such as antivirals and hydroxychloroquine are allowed.&#xD;
&#xD;
          -  Participants prescribed standard of care (SOC) losartan (25mg QD) within 48 hours of&#xD;
             consenting may be considered for enrollment if eligibility criteria are met based on&#xD;
             EMR data assessment, i.e. no other ARB or ACE prior to SOC medication administration.&#xD;
             If participant is eligible and signs consent form, investigational losartan 25mg QD&#xD;
             will be ordered to replace SOC prescription on the following scheduled dose.&#xD;
&#xD;
        Exclusion Criteria:&#xD;
&#xD;
          -  Pregnancy.&#xD;
&#xD;
          -  Respiratory failure due to a process other than COVID-19.&#xD;
&#xD;
          -  Intolerance to ARBs.&#xD;
&#xD;
          -  Previous treatment with an ARB or ACE inhibitor (see exception in inclusion criteria).&#xD;
&#xD;
          -  Current chronic use of medication with known interactions with losartan including&#xD;
             NSAIDs (intermittent prior use is acceptable), potassium supplementation aliskiren.&#xD;
&#xD;
          -  Blood pressure less than 90 mm Hg systolic or 60 mm Hg diastolic recorded on at least&#xD;
             two readings 30 min apart.&#xD;
&#xD;
          -  Need for vasopressors, unless norepinephrine ≤0.1 µg/kg/min&#xD;
&#xD;
          -  Hyperkalemia (serum K+ &gt;5.5 mM).&#xD;
&#xD;
          -  Known cardiac failure (left ventricular ejection fraction ≤35%), renal insufficiency&#xD;
             (Cockcroft-Gault &lt;30 mL/min/1.73 m2 or urinary output &lt;20 mL/h), hepatic failure (LFTs&#xD;
             &gt; 5x normal upper limit).&#xD;
&#xD;
          -  Known renal artery stenosis.&#xD;
&#xD;
          -  Neurological, psychiatric, endocrine or neoplastic diseases that are judged to&#xD;
             interfere with participation in the study.&#xD;
&#xD;
          -  On another interventional trial (including one for COVID-19) that excludes&#xD;
             participation.&#xD;
      </textblock>
    </criteria>
    <gender>All</gender>
    <minimum_age>18 Years</minimum_age>
    <maximum_age>N/A</maximum_age>
    <healthy_volunteers>No</healthy_volunteers>
  </eligibility>
  <overall_official>
    <last_name>Matthias Salathe</last_name>
    <role>Principal Investigator</role>
    <affiliation>University of Kansas Medical Center</affiliation>
  </overall_official>
  <location>
    <facility>
      <name>University of Kansas Medical Center</name>
      <address>
        <city>Kansas City</city>
        <state>Kansas</state>
        <zip>66160</zip>
        <country>United States</country>
      </address>
    </facility>
  </location>
  <location_countries>
    <country>United States</country>
  </location_countries>
  <verification_date>November 2020</verification_date>
  <study_first_submitted>March 31, 2020</study_first_submitted>
  <study_first_submitted_qc>April 2, 2020</study_first_submitted_qc>
  <study_first_posted type="Actual">April 6, 2020</study_first_posted>
  <last_update_submitted>November 2, 2020</last_update_submitted>
  <last_update_submitted_qc>November 2, 2020</last_update_submitted_qc>
  <last_update_posted type="Actual">November 3, 2020</last_update_posted>
  <responsible_party>
    <responsible_party_type>Principal Investigator</responsible_party_type>
    <investigator_affiliation>University of Kansas Medical Center</investigator_affiliation>
    <investigator_full_name>Matthias Salathe, MD</investigator_full_name>
    <investigator_title>Professor- University of Kansas Medical Center</investigator_title>
  </responsible_party>
  <keyword>COVID-19</keyword>
  <keyword>losartan</keyword>
  <keyword>respiratory failure</keyword>
  <keyword>SARS-CoV-2</keyword>
  <intervention_browse>
    <!-- CAUTION:  The following MeSH terms are assigned with an imperfect algorithm            -->
    <mesh_term>Losartan</mesh_term>
  </intervention_browse>
  <patient_data>
    <sharing_ipd>No</sharing_ipd>
  </patient_data>
  <!-- Results have not yet been posted for this study                                          -->
</clinical_study>

