<?xml version="1.0" encoding="UTF-8"?>
<clinical_study rank="3745">
  <!-- This xml conforms to an XML Schema at:
    https://clinicaltrials.gov/ct2/html/images/info/public.xsd -->
  <required_header>
    <download_date>ClinicalTrials.gov processed this data on February 08, 2021</download_date>
    <link_text>Link to the current ClinicalTrials.gov record.</link_text>
    <url>https://clinicaltrials.gov/show/NCT04331054</url>
  </required_header>
  <id_info>
    <org_study_id>P 200394</org_study_id>
    <secondary_id>2020-001306-35</secondary_id>
    <nct_id>NCT04331054</nct_id>
  </id_info>
  <brief_title>Protective Role of Inhaled Steroids for Covid-19 Infection</brief_title>
  <acronym>INHASCO</acronym>
  <official_title>Protective Role of Inhaled Steroids for Covid-19 Infection</official_title>
  <sponsors>
    <lead_sponsor>
      <agency>Assistance Publique - Hôpitaux de Paris</agency>
      <agency_class>Other</agency_class>
    </lead_sponsor>
  </sponsors>
  <source>Assistance Publique - Hôpitaux de Paris</source>
  <oversight_info>
    <has_dmc>Yes</has_dmc>
    <is_fda_regulated_drug>No</is_fda_regulated_drug>
    <is_fda_regulated_device>No</is_fda_regulated_device>
  </oversight_info>
  <brief_summary>
    <textblock>
      We hypothesize that inhaled steroid therapy and long acting beta 2 adrenergic agonist, widely&#xD;
      prescribed in asthma patients, may also have a local protective effect against coronavirus&#xD;
      infection, even in patients without asthma.&#xD;
&#xD;
      The primary purpose is To compare time to clinical improvement in patients receiving standard&#xD;
      of care associated to the combination budesonide/formoterol or standard of care only.&#xD;
&#xD;
      Time (in days) to clinical improvement is defined as the time from randomization to an&#xD;
      improvement of two points (from the status at randomization) on a seven-category ordinal&#xD;
      scale or live discharge from the hospital, whichever came first within 30 days.&#xD;
    </textblock>
  </brief_summary>
  <detailed_description>
    <textblock>
      D1 inclusion / randomization visit:&#xD;
&#xD;
      Patients who meet the eligibility criteria and whose infection with Covid-19 has been&#xD;
      confirmed within 48 hours will be included in the respiratory diseases department by the&#xD;
      pneumologist investigator.&#xD;
&#xD;
      Patients will be randomized either to the control group or to the intervention group. For&#xD;
      interventional patients, trial treatment (SYMBICORT RAPIHALER 200/6 µ) will begin within 12&#xD;
      hours.&#xD;
&#xD;
      Follow-up period (D2 to D29) and end of study visit (D30):&#xD;
&#xD;
      Throughout their hospital stay, patients will be followed in accordance with the practice of&#xD;
      the service.&#xD;
&#xD;
      During hospitalization, investigators are free to decide for antibiotics, steroids, anti&#xD;
      viral drugs, hydroxychloroquine and oxygen support management in accordance with local&#xD;
      practice. None of the laboratory tests are made for the study. They are usually performed in&#xD;
      patients hospitalized for acute respiratory infection.&#xD;
&#xD;
      Interventional patient will also be treated with SYMBICORT RAPIHALER 200/6 µg (2 puffs 2&#xD;
      times a day).&#xD;
&#xD;
      In the event that the patient is discharged from hospital before the end of his&#xD;
      participation, he will be contacted by phone on D30 in order to obtain information concerning&#xD;
      the period outside hospitalization&#xD;
    </textblock>
  </detailed_description>
  <overall_status>Recruiting</overall_status>
  <start_date type="Actual">April 13, 2020</start_date>
  <completion_date type="Anticipated">January 13, 2022</completion_date>
  <primary_completion_date type="Anticipated">January 13, 2022</primary_completion_date>
  <phase>Phase 3</phase>
  <study_type>Interventional</study_type>
  <has_expanded_access>No</has_expanded_access>
  <study_design_info>
    <allocation>Randomized</allocation>
    <intervention_model>Parallel Assignment</intervention_model>
    <primary_purpose>Treatment</primary_purpose>
    <masking>None (Open Label)</masking>
  </study_design_info>
  <primary_outcome>
    <measure>Time (in days) to clinical improvement within 30 days after randomization</measure>
    <time_frame>within 30 days</time_frame>
    <description>Time (in days) to clinical improvement is defined as the time from randomization to an improvement of two points (from the status at randomization) on a seven-category ordinal scale or live discharge from the hospital, whichever came first within 30 days.&#xD;
The seven-category ordinal scale consisted of the following categories:&#xD;
Not hospitalized with resumption of normal activities&#xD;
Not hospitalized, but unable to resume normal activities&#xD;
Hospitalized, not requiring supplemental oxygen&#xD;
Hospitalized, requiring supplemental oxygen&#xD;
Hospitalized, requiring nasal high-flow oxygen therapy, non-invasive mechanical ventilation, or both;&#xD;
Hospitalized, requiring ECMO, invasive mechanical ventilation, or both&#xD;
Death.&#xD;
These parameters will be evaluated daily during hospitalization.</description>
  </primary_outcome>
  <secondary_outcome>
    <measure>Mortality rate at D30</measure>
    <time_frame>At day30</time_frame>
  </secondary_outcome>
  <secondary_outcome>
    <measure>Time (in days) from randomization to death</measure>
    <time_frame>up to 30 days after randomization</time_frame>
  </secondary_outcome>
  <secondary_outcome>
    <measure>Number of days alive outside ICU within 30 days</measure>
    <time_frame>At day30</time_frame>
  </secondary_outcome>
  <secondary_outcome>
    <measure>Number of days alive free of invasive or non-invasive ventilation within 30 days</measure>
    <time_frame>At day30</time_frame>
  </secondary_outcome>
  <secondary_outcome>
    <measure>Number of days alive with oxygen therapy within 30 days</measure>
    <time_frame>At day30</time_frame>
  </secondary_outcome>
  <secondary_outcome>
    <measure>Maximal oxygen rate within 30 days</measure>
    <time_frame>At day30</time_frame>
  </secondary_outcome>
  <secondary_outcome>
    <measure>Difference between PaO2/FiO2 ratio at randomization and at Day 7 (or at the time of stopping oxygen therapy or discharge if occurs before Day 7)</measure>
    <time_frame>at Day 7</time_frame>
  </secondary_outcome>
  <secondary_outcome>
    <measure>Number of days alive outside hospital within 30 days</measure>
    <time_frame>at Day 30</time_frame>
  </secondary_outcome>
  <secondary_outcome>
    <measure>Use of antibiotics for respiratory (proved or suspected) infection within 30 days</measure>
    <time_frame>at Day 30</time_frame>
  </secondary_outcome>
  <secondary_outcome>
    <measure>Difference between CRP levels at randomization and at Day 7 (or at the time of discharge if occurs before Day 7)</measure>
    <time_frame>at Day 7</time_frame>
  </secondary_outcome>
  <secondary_outcome>
    <measure>Safety outcomes included events that occurred during treatment, serious adverse events, and premature discontinuation of treatment.</measure>
    <time_frame>up to 30 days after randomization</time_frame>
  </secondary_outcome>
  <number_of_arms>2</number_of_arms>
  <enrollment type="Anticipated">436</enrollment>
  <condition>Covid-19 Infection</condition>
  <condition>Hospitalization in Respiratory Disease Department</condition>
  <arm_group>
    <arm_group_label>1: Usual practice</arm_group_label>
    <arm_group_type>Active Comparator</arm_group_type>
    <description>arm will be follow during 30 days</description>
  </arm_group>
  <arm_group>
    <arm_group_label>2: Usual practice + SYMBICORT RAPIHALER</arm_group_label>
    <arm_group_type>Experimental</arm_group_type>
    <description>Usual practice + SYMBICORT RAPIHALER 200/6 µg ( 2 puffs bid during 30 days)</description>
  </arm_group>
  <intervention>
    <intervention_type>Drug</intervention_type>
    <intervention_name>2: Usual practice + SYMBICORT RAPIHALER</intervention_name>
    <description>2 puffs bid during 30 days by inhalation</description>
    <arm_group_label>2: Usual practice + SYMBICORT RAPIHALER</arm_group_label>
  </intervention>
  <intervention>
    <intervention_type>Other</intervention_type>
    <intervention_name>1: Usual practice</intervention_name>
    <description>Usual practice</description>
    <arm_group_label>1: Usual practice</arm_group_label>
  </intervention>
  <eligibility>
    <criteria>
      <textblock>
        Inclusion criera :&#xD;
&#xD;
          -  Patient ≥ 18 years old and ≤ 75 years old&#xD;
&#xD;
          -  Laboratory proved infection by COVID-19 by RT-PCR on a respiratory biological sample&#xD;
             within 2 days&#xD;
&#xD;
          -  Hospitalization is required according to current local recommendations&#xD;
&#xD;
          -  Patient affiliated to a social security regime&#xD;
&#xD;
          -  Patient able to give free, informed and written consent&#xD;
&#xD;
        Exclusion criteria :&#xD;
&#xD;
          -  Oxygen flow rate &gt;8l/min at inclusion&#xD;
&#xD;
          -  Current treatment with any inhaled steroid (any other form of steroid administration&#xD;
             does not exclude the patient)&#xD;
&#xD;
          -  Intensive care unit is required for the patient (based on investigator judgement)&#xD;
&#xD;
          -  Patient with cognitive impairment which do not guarantee proper use of the treatment&#xD;
             by the patient himself&#xD;
&#xD;
          -  Pregnant (positive β-HCG at inclusion) or breastfeeding women&#xD;
&#xD;
          -  Participation in another interventional drug study involving human participants and&#xD;
             concerning COVID-19 infection or being in the exclusion period of a previous study&#xD;
             involving human participants&#xD;
&#xD;
          -  Contraindications to the treatments (history of hypersensitivity)&#xD;
&#xD;
          -  Patient admitted for isolation, for social reason or due to comorbidities without&#xD;
             gravity sign&#xD;
&#xD;
          -  Long-term patient treated with digitalis, disopyramide, procainamide or phenothiazine&#xD;
             that could lengthen the QT space&#xD;
      </textblock>
    </criteria>
    <gender>All</gender>
    <minimum_age>18 Years</minimum_age>
    <maximum_age>75 Years</maximum_age>
    <healthy_volunteers>No</healthy_volunteers>
  </eligibility>
  <overall_official>
    <last_name>Camille TAILLE, MD, PhD</last_name>
    <role>Principal Investigator</role>
    <affiliation>Assistance Publique - Hôpitaux de Paris</affiliation>
  </overall_official>
  <overall_contact>
    <last_name>Camille TAILLE, MD, PhD</last_name>
    <phone>+33 1 40 25 68 63</phone>
    <email>camille.taille@aphp.fr</email>
  </overall_contact>
  <overall_contact_backup>
    <last_name>Bruno CRESTANI, MD, PhD</last_name>
    <phone>+33 1 40 25 68 00</phone>
    <email>bruno.crestani@aphp.fr</email>
  </overall_contact_backup>
  <location>
    <facility>
      <name>Hôpital Bichat - Service de Pneumologie</name>
      <address>
        <city>Paris</city>
        <zip>75010</zip>
        <country>France</country>
      </address>
    </facility>
    <status>Recruiting</status>
    <contact>
      <last_name>Camille TAILLE, MD, PhD</last_name>
      <phone>+33 1 40 25 68 63</phone>
      <email>camille.taille@aphp.fr</email>
    </contact>
  </location>
  <location_countries>
    <country>France</country>
  </location_countries>
  <verification_date>September 2020</verification_date>
  <study_first_submitted>March 29, 2020</study_first_submitted>
  <study_first_submitted_qc>April 1, 2020</study_first_submitted_qc>
  <study_first_posted type="Actual">April 2, 2020</study_first_posted>
  <last_update_submitted>September 14, 2020</last_update_submitted>
  <last_update_submitted_qc>September 14, 2020</last_update_submitted_qc>
  <last_update_posted type="Actual">September 16, 2020</last_update_posted>
  <responsible_party>
    <responsible_party_type>Sponsor</responsible_party_type>
  </responsible_party>
  <keyword>Covid-19</keyword>
  <keyword>Asthma</keyword>
  <keyword>Inhaled steroids</keyword>
  <keyword>Formoterol</keyword>
  <keyword>Oxygen</keyword>
  <condition_browse>
    <!-- CAUTION:  The following MeSH terms are assigned with an imperfect algorithm            -->
    <mesh_term>Infection</mesh_term>
    <mesh_term>Communicable Diseases</mesh_term>
    <mesh_term>Respiration Disorders</mesh_term>
    <mesh_term>Respiratory Tract Diseases</mesh_term>
  </condition_browse>
  <intervention_browse>
    <!-- CAUTION:  The following MeSH terms are assigned with an imperfect algorithm            -->
    <mesh_term>Budesonide, Formoterol Fumarate Drug Combination</mesh_term>
  </intervention_browse>
  <!-- Results have not yet been posted for this study                                          -->
</clinical_study>

