<?xml version="1.0" encoding="UTF-8"?>
<clinical_study rank="1227">
  <!-- This xml conforms to an XML Schema at:
    https://clinicaltrials.gov/ct2/html/images/info/public.xsd -->
  <required_header>
    <download_date>ClinicalTrials.gov processed this data on February 08, 2021</download_date>
    <link_text>Link to the current ClinicalTrials.gov record.</link_text>
    <url>https://clinicaltrials.gov/show/NCT04331171</url>
  </required_header>
  <id_info>
    <org_study_id>WP-2020-02</org_study_id>
    <nct_id>NCT04331171</nct_id>
  </id_info>
  <brief_title>Epidemiological Observation From a Smartphone Self-monitoring Application for Suspected COVID-19 Patients' Triage</brief_title>
  <acronym>COVID CALL 15</acronym>
  <official_title>Epidemiological Observation From a Smartphone Self-monitoring Application for Suspected COVID-19 Patients' Triage</official_title>
  <sponsors>
    <lead_sponsor>
      <agency>Weprom</agency>
      <agency_class>Other</agency_class>
    </lead_sponsor>
    <collaborator>
      <agency>Institut Pasteur</agency>
      <agency_class>Industry</agency_class>
    </collaborator>
    <collaborator>
      <agency>Assistance Publique - Hôpitaux de Paris</agency>
      <agency_class>Other</agency_class>
    </collaborator>
    <collaborator>
      <agency>DOCAPOST</agency>
      <agency_class>Other</agency_class>
    </collaborator>
    <collaborator>
      <agency>Direction Générale de l'Offre de Soins</agency>
      <agency_class>Other</agency_class>
    </collaborator>
  </sponsors>
  <source>Weprom</source>
  <oversight_info>
    <has_dmc>No</has_dmc>
    <is_fda_regulated_drug>No</is_fda_regulated_drug>
    <is_fda_regulated_device>No</is_fda_regulated_device>
  </oversight_info>
  <brief_summary>
    <textblock>
      A coronavirus pandemic began on 12/31/2020 with the first Chinese patient. As of 3/16/2020,&#xD;
      the epidemic affects more than 100 countries with 169,000 official infections and 6,500&#xD;
      deaths. This virus causes a pathology ranging from simple flu symptoms in 80% of cases to&#xD;
      acute respiratory distress syndromes requiring resuscitation in 5% of cases and a death rate&#xD;
      of 1.4 to 4% of cases.&#xD;
&#xD;
      The arrival in France on 02/25/2020 with an exponential development of the infection (more&#xD;
      than 5,000 cases on 03/15/2020) was accompanied by an unprecedented number of calls to the&#xD;
      French emergency service call number (15) of worried patients with overload and sometimes&#xD;
      saturation of the service that can impact calls and the care of patients really recovering&#xD;
      from an emergency.&#xD;
&#xD;
      We previously developed a Moovcare® web application which showed a 7 months survival benefit&#xD;
      by early detection of relapsed lung cancer based on the reporting of patient symptoms&#xD;
      analyzed by a validated algorithm in 300 patients and 1 trial randomized. Another application&#xD;
      for detecting and monitoring chemo-induced febrile aplasia appears to show a reduction in the&#xD;
      number of hospitalizations for sepsis. Finally, Smokecheck, a self-assessment application for&#xD;
      symptoms by smokers, has shown that it improves the detection of symptomatic operable&#xD;
      bronchial cancers (9 to 24%, p = 0.04).&#xD;
&#xD;
      The web application https://www.maladiecoronavirus.fr/ was developed with a group of&#xD;
      physicians from the Institut Pasteur, Hospitals group of Paris, Hospitals of Lille and Rennes&#xD;
      and the ILC Jean Bernard in Le Mans. It makes it possible to guide symptomatic patients and&#xD;
      patients who wishing to know what to do (call their general practitioner, teleconsultation,&#xD;
      or call emergency service) based on symptoms and predictive factors of severity.&#xD;
&#xD;
      Following the availability of this new tool, we want to assess the impact of the application&#xD;
      on the number and relevance of calls to emergency service.&#xD;
    </textblock>
  </brief_summary>
  <overall_status>Recruiting</overall_status>
  <start_date type="Actual">March 17, 2020</start_date>
  <completion_date type="Anticipated">November 15, 2020</completion_date>
  <primary_completion_date type="Anticipated">November 15, 2020</primary_completion_date>
  <study_type>Observational [Patient Registry]</study_type>
  <has_expanded_access>No</has_expanded_access>
  <study_design_info>
    <observational_model>Cohort</observational_model>
    <time_perspective>Prospective</time_perspective>
  </study_design_info>
  <target_duration>1 Day</target_duration>
  <primary_outcome>
    <measure>To assess of the evolution of the number of calls to Emergency service within 12 days after the launch of the application https://www.maladiecoronavirus.fr/</measure>
    <time_frame>12 days</time_frame>
    <description>Number of calls to Emergency service after the launch of web application comparded to the days before</description>
  </primary_outcome>
  <primary_outcome>
    <measure>To assess of the evolution of the proportion of relevant calls to Emergency service within 12 days after the launch of the application https://www.maladiecoronavirus.fr/</measure>
    <time_frame>12 days</time_frame>
    <description>Number of relevants calls to Emergency service after the launch of web application comparded to the days before</description>
  </primary_outcome>
  <secondary_outcome>
    <measure>To assess the evolution over time of the COVID 19 epidemic</measure>
    <time_frame>3 months</time_frame>
    <description>the symptoms collected by the application</description>
  </secondary_outcome>
  <secondary_outcome>
    <measure>To assess the evolution over space of the COVID 19 epidemic</measure>
    <time_frame>3 months</time_frame>
    <description>the symptoms collected by the application according to ZIP code</description>
  </secondary_outcome>
  <secondary_outcome>
    <measure>To assess symptoms</measure>
    <time_frame>3 months</time_frame>
    <description>Descriptive analysis of symptoms collected by web-application</description>
  </secondary_outcome>
  <secondary_outcome>
    <measure>To assess the users population</measure>
    <time_frame>3 months</time_frame>
    <description>Descriptive analysis of data collected by web-application</description>
  </secondary_outcome>
  <number_of_groups>1</number_of_groups>
  <enrollment type="Anticipated">12000000</enrollment>
  <condition>COVID-19</condition>
  <arm_group>
    <arm_group_label>Web-application users</arm_group_label>
    <description>questionnaire of comorbidity and symptomes completed by the user on his smartphone</description>
  </arm_group>
  <intervention>
    <intervention_type>Device</intervention_type>
    <intervention_name>Web application users</intervention_name>
    <description>questionnaire of comorbidity and symptoms completed by the patient on his smartphone</description>
    <arm_group_label>Web-application users</arm_group_label>
  </intervention>
  <eligibility>
    <study_pop>
      <textblock>
        All users of the https://www.maladiecoronavirus.fr/ application over the age of 18&#xD;
      </textblock>
    </study_pop>
    <sampling_method>Probability Sample</sampling_method>
    <criteria>
      <textblock>
        Inclusion Criteria:&#xD;
&#xD;
          -  All users of the https://www.maladiecoronavirus.fr/ application over the age of 18&#xD;
&#xD;
        Exclusion Criteria:&#xD;
&#xD;
          -  not applicable&#xD;
      </textblock>
    </criteria>
    <gender>All</gender>
    <minimum_age>18 Years</minimum_age>
    <maximum_age>N/A</maximum_age>
    <healthy_volunteers>Accepts Healthy Volunteers</healthy_volunteers>
  </eligibility>
  <overall_official>
    <last_name>Fabrice DENIS, MD</last_name>
    <role>Study Director</role>
    <affiliation>Jean Bernard Center - LE MANS</affiliation>
  </overall_official>
  <overall_contact>
    <last_name>Fabrice DENIS, MD</last_name>
    <phone>241682940</phone>
    <phone_ext>0033</phone_ext>
    <email>f.denis@cjb72.org</email>
  </overall_contact>
  <location>
    <facility>
      <name>All French Emergency services</name>
      <address>
        <city>Le Mans</city>
        <country>France</country>
      </address>
    </facility>
    <status>Recruiting</status>
    <contact>
      <last_name>Fabrice DENIS, MD</last_name>
    </contact>
    <investigator>
      <last_name>Fabrice DENIS, MD</last_name>
      <role>Principal Investigator</role>
    </investigator>
  </location>
  <location_countries>
    <country>France</country>
  </location_countries>
  <verification_date>April 2020</verification_date>
  <study_first_submitted>March 30, 2020</study_first_submitted>
  <study_first_submitted_qc>March 30, 2020</study_first_submitted_qc>
  <study_first_posted type="Actual">April 2, 2020</study_first_posted>
  <last_update_submitted>October 13, 2020</last_update_submitted>
  <last_update_submitted_qc>October 13, 2020</last_update_submitted_qc>
  <last_update_posted type="Actual">October 14, 2020</last_update_posted>
  <responsible_party>
    <responsible_party_type>Sponsor</responsible_party_type>
  </responsible_party>
  <keyword>M-health</keyword>
  <keyword>COVID-19</keyword>
  <keyword>Self-assessment application</keyword>
  <keyword>epidemiology</keyword>
  <keyword>symptoms</keyword>
  <patient_data>
    <sharing_ipd>No</sharing_ipd>
  </patient_data>
  <!-- Results have not yet been posted for this study                                          -->
</clinical_study>

