<?xml version="1.0" encoding="UTF-8"?>
<clinical_study rank="2047">
  <!-- This xml conforms to an XML Schema at:
    https://clinicaltrials.gov/ct2/html/images/info/public.xsd -->
  <required_header>
    <download_date>ClinicalTrials.gov processed this data on February 08, 2021</download_date>
    <link_text>Link to the current ClinicalTrials.gov record.</link_text>
    <url>https://clinicaltrials.gov/show/NCT04327349</url>
  </required_header>
  <id_info>
    <org_study_id>IR.MAZUMS.REC.1399.7330</org_study_id>
    <secondary_id>IRCT20181104041551N1</secondary_id>
    <nct_id>NCT04327349</nct_id>
  </id_info>
  <brief_title>Investigating Effect of Convalescent Plasma on COVID-19 Patients Outcome: A Clinical Trial</brief_title>
  <official_title>Investigating Effect of Convalescent Plasma on COVID-19 Patients Outcome: A Clinical Trial</official_title>
  <sponsors>
    <lead_sponsor>
      <agency>Mazandaran University of Medical Sciences</agency>
      <agency_class>Other</agency_class>
    </lead_sponsor>
  </sponsors>
  <source>Mazandaran University of Medical Sciences</source>
  <oversight_info>
    <has_dmc>Yes</has_dmc>
    <is_fda_regulated_drug>No</is_fda_regulated_drug>
    <is_fda_regulated_device>No</is_fda_regulated_device>
  </oversight_info>
  <brief_summary>
    <textblock>
      Coronavirus disease 2019 (COVID-19) was recognized as a pandemic on March 11, 2020 by the&#xD;
      World Health Organization. The virus that causes COVID-19 (SARS-CoV-2) is easily transmitted&#xD;
      through person to person and there is still no specific approach against the disease and&#xD;
      mortality rate in severe cases is also significant. Therefore, finding effective treatment&#xD;
      for the mortality of these patients is very important. In this study the investigators aim to&#xD;
      determine the effect of Convalescent Plasma on COVID-19 patients Outcome through a Clinical&#xD;
      Trial&#xD;
    </textblock>
  </brief_summary>
  <overall_status>Enrolling by invitation</overall_status>
  <start_date type="Anticipated">March 28, 2020</start_date>
  <completion_date type="Anticipated">September 30, 2020</completion_date>
  <primary_completion_date type="Anticipated">May 20, 2020</primary_completion_date>
  <phase>N/A</phase>
  <study_type>Interventional</study_type>
  <has_expanded_access>No</has_expanded_access>
  <study_design_info>
    <allocation>N/A</allocation>
    <intervention_model>Single Group Assignment</intervention_model>
    <primary_purpose>Treatment</primary_purpose>
    <masking>None (Open Label)</masking>
  </study_design_info>
  <primary_outcome>
    <measure>Mortality changes in day 10</measure>
    <time_frame>10 days after plasma transmission</time_frame>
    <description>Measure of the number of deaths in a particular population, scaled to the size of that population, per unit of time.</description>
  </primary_outcome>
  <primary_outcome>
    <measure>Mortality changes in day 30</measure>
    <time_frame>30 days after plasma transmission</time_frame>
    <description>Measure of the number of deaths in a particular population, scaled to the size of that population, per unit of time.</description>
  </primary_outcome>
  <primary_outcome>
    <measure>Changes of C-reactive protein</measure>
    <time_frame>Day 1</time_frame>
    <description>Measurement of CRP</description>
  </primary_outcome>
  <primary_outcome>
    <measure>Changes of C-reactive protein</measure>
    <time_frame>Day 3</time_frame>
    <description>Measurement of CRP</description>
  </primary_outcome>
  <primary_outcome>
    <measure>Changes of C-reactive protein</measure>
    <time_frame>Day 7</time_frame>
    <description>Measurement of CRP</description>
  </primary_outcome>
  <primary_outcome>
    <measure>Changes of Interleukin 6</measure>
    <time_frame>Day 1</time_frame>
    <description>Measurement of IL-6</description>
  </primary_outcome>
  <primary_outcome>
    <measure>Changes of Interleukin 6</measure>
    <time_frame>Day 3</time_frame>
    <description>Measurement of IL-6</description>
  </primary_outcome>
  <primary_outcome>
    <measure>Changes of Interleukin 6</measure>
    <time_frame>Day 7</time_frame>
    <description>Measurement of IL-6</description>
  </primary_outcome>
  <primary_outcome>
    <measure>Changes of tumor necrosis factor-α</measure>
    <time_frame>Day 1</time_frame>
    <description>Measurement of TNF-α</description>
  </primary_outcome>
  <primary_outcome>
    <measure>Changes of tumor necrosis factor-α</measure>
    <time_frame>Day 3</time_frame>
    <description>Measurement of TNF-α</description>
  </primary_outcome>
  <primary_outcome>
    <measure>Changes of tumor necrosis factor-α</measure>
    <time_frame>Day 7</time_frame>
    <description>Measurement of TNF-α</description>
  </primary_outcome>
  <primary_outcome>
    <measure>Changes of PaO2/FiO2 Ratio</measure>
    <time_frame>Day 1</time_frame>
    <description>Partial pressure of arterial oxygen/Percentage of inspired oxygen</description>
  </primary_outcome>
  <primary_outcome>
    <measure>Changes of PaO2/FiO2 Ratio</measure>
    <time_frame>Day 3</time_frame>
    <description>Partial pressure of arterial oxygen/Percentage of inspired oxygen</description>
  </primary_outcome>
  <primary_outcome>
    <measure>Changes of PaO2/FiO2 Ratio</measure>
    <time_frame>Day 7</time_frame>
    <description>Partial pressure of arterial oxygen/Percentage of inspired oxygen</description>
  </primary_outcome>
  <secondary_outcome>
    <measure>Changes of CD3</measure>
    <time_frame>Day 1</time_frame>
  </secondary_outcome>
  <secondary_outcome>
    <measure>Changes of CD3</measure>
    <time_frame>Day 3</time_frame>
  </secondary_outcome>
  <secondary_outcome>
    <measure>Changes of CD3</measure>
    <time_frame>Day 7</time_frame>
  </secondary_outcome>
  <secondary_outcome>
    <measure>Changes of CD4</measure>
    <time_frame>Day 1</time_frame>
  </secondary_outcome>
  <secondary_outcome>
    <measure>Changes of CD4</measure>
    <time_frame>Day 3</time_frame>
  </secondary_outcome>
  <secondary_outcome>
    <measure>Changes of CD4</measure>
    <time_frame>Day 7</time_frame>
  </secondary_outcome>
  <secondary_outcome>
    <measure>Changes of CD8</measure>
    <time_frame>Day 1</time_frame>
  </secondary_outcome>
  <secondary_outcome>
    <measure>Changes of CD8</measure>
    <time_frame>Day 3</time_frame>
  </secondary_outcome>
  <secondary_outcome>
    <measure>Changes of CD8</measure>
    <time_frame>Day 7</time_frame>
  </secondary_outcome>
  <secondary_outcome>
    <measure>Changes of CD4/CD8 ratio</measure>
    <time_frame>Day 1</time_frame>
  </secondary_outcome>
  <secondary_outcome>
    <measure>Changes of CD4/CD8 ratio</measure>
    <time_frame>Day 3</time_frame>
  </secondary_outcome>
  <secondary_outcome>
    <measure>Changes of CD4/CD8 ratio</measure>
    <time_frame>Day 7</time_frame>
  </secondary_outcome>
  <secondary_outcome>
    <measure>Changes of lymphocyte count</measure>
    <time_frame>Day 1</time_frame>
  </secondary_outcome>
  <secondary_outcome>
    <measure>Changes of lymphocyte count</measure>
    <time_frame>Day 3</time_frame>
  </secondary_outcome>
  <secondary_outcome>
    <measure>Changes of lymphocyte count</measure>
    <time_frame>Day 7</time_frame>
  </secondary_outcome>
  <secondary_outcome>
    <measure>Changes of leukocyte count</measure>
    <time_frame>Day 1</time_frame>
  </secondary_outcome>
  <secondary_outcome>
    <measure>Changes of leukocyte count</measure>
    <time_frame>Day 3</time_frame>
  </secondary_outcome>
  <secondary_outcome>
    <measure>Changes of leukocyte count</measure>
    <time_frame>Day 7</time_frame>
  </secondary_outcome>
  <secondary_outcome>
    <measure>Changes of alanine transaminase (ALT)</measure>
    <time_frame>Day 1</time_frame>
  </secondary_outcome>
  <secondary_outcome>
    <measure>Changes of alanine transaminase (ALT)</measure>
    <time_frame>Day 3</time_frame>
  </secondary_outcome>
  <secondary_outcome>
    <measure>Changes of alanine transaminase (ALT)</measure>
    <time_frame>Day 7</time_frame>
  </secondary_outcome>
  <secondary_outcome>
    <measure>Changes of aspartate transaminase (AST)</measure>
    <time_frame>Day 1</time_frame>
  </secondary_outcome>
  <secondary_outcome>
    <measure>Changes of aspartate transaminase (AST)</measure>
    <time_frame>Day 3</time_frame>
  </secondary_outcome>
  <secondary_outcome>
    <measure>Changes of aspartate transaminase (AST)</measure>
    <time_frame>Day 7</time_frame>
  </secondary_outcome>
  <secondary_outcome>
    <measure>Changes of alkaline phosphatase (ALP)</measure>
    <time_frame>Day 1</time_frame>
  </secondary_outcome>
  <secondary_outcome>
    <measure>Changes of alkaline phosphatase (ALP)</measure>
    <time_frame>Day 3</time_frame>
  </secondary_outcome>
  <secondary_outcome>
    <measure>Changes of alkaline phosphatase (ALP)</measure>
    <time_frame>Day 7</time_frame>
  </secondary_outcome>
  <secondary_outcome>
    <measure>Changes of lactate dehydrogenase (LDH)</measure>
    <time_frame>Day 1</time_frame>
  </secondary_outcome>
  <secondary_outcome>
    <measure>Changes of lactate dehydrogenase (LDH)</measure>
    <time_frame>Day 3</time_frame>
  </secondary_outcome>
  <secondary_outcome>
    <measure>Changes of lactate dehydrogenase (LDH)</measure>
    <time_frame>Day 7</time_frame>
  </secondary_outcome>
  <secondary_outcome>
    <measure>Changes of creatine phosphokinase (CPK)</measure>
    <time_frame>Day 1</time_frame>
  </secondary_outcome>
  <secondary_outcome>
    <measure>Changes of creatine phosphokinase (CPK)</measure>
    <time_frame>Day 3</time_frame>
  </secondary_outcome>
  <secondary_outcome>
    <measure>Changes of creatine phosphokinase (CPK)</measure>
    <time_frame>Day 7</time_frame>
  </secondary_outcome>
  <secondary_outcome>
    <measure>Changes of Creatine kinase-MB (CK-MB)</measure>
    <time_frame>Day 1</time_frame>
  </secondary_outcome>
  <secondary_outcome>
    <measure>Changes of Creatine kinase-MB (CK-MB)</measure>
    <time_frame>Day 3</time_frame>
  </secondary_outcome>
  <secondary_outcome>
    <measure>Changes of Creatine kinase-MB (CK-MB)</measure>
    <time_frame>Day 7</time_frame>
  </secondary_outcome>
  <secondary_outcome>
    <measure>Changes of Specific IgG</measure>
    <time_frame>Day 1</time_frame>
  </secondary_outcome>
  <secondary_outcome>
    <measure>Changes of Specific IgG</measure>
    <time_frame>Day 3</time_frame>
  </secondary_outcome>
  <secondary_outcome>
    <measure>Changes of Specific IgG</measure>
    <time_frame>Day 7</time_frame>
  </secondary_outcome>
  <secondary_outcome>
    <measure>Radiological findings</measure>
    <time_frame>Within 2 hours after admission</time_frame>
    <description>Computed tomography Scan and Chest X-Ray</description>
  </secondary_outcome>
  <secondary_outcome>
    <measure>Radiological findings</measure>
    <time_frame>Day 14</time_frame>
    <description>Computed tomography Scan and Chest X-Ray</description>
  </secondary_outcome>
  <secondary_outcome>
    <measure>Number of days ventilated</measure>
    <time_frame>Through study completion, an average of 2 weeks</time_frame>
  </secondary_outcome>
  <secondary_outcome>
    <measure>Length of hospitalization</measure>
    <time_frame>Through study completion, an average of 2 weeks</time_frame>
  </secondary_outcome>
  <number_of_arms>1</number_of_arms>
  <enrollment type="Anticipated">30</enrollment>
  <condition>Coronavirus Infections</condition>
  <arm_group>
    <arm_group_label>COVID-19 Patients</arm_group_label>
    <arm_group_type>Other</arm_group_type>
  </arm_group>
  <intervention>
    <intervention_type>Biological</intervention_type>
    <intervention_name>Convalescent Plasma</intervention_name>
    <description>Intervention to evaluate convalescent plasma transfer to COVID-19 patients admitted to ICU</description>
    <arm_group_label>COVID-19 Patients</arm_group_label>
  </intervention>
  <eligibility>
    <criteria>
      <textblock>
        Inclusion Criteria:&#xD;
&#xD;
        Recipient:&#xD;
&#xD;
          1. COVID-19 Patients&#xD;
&#xD;
          2. Consent to attend the study&#xD;
&#xD;
          3. Age 30 to 70 years&#xD;
&#xD;
          4. Don't be intubated&#xD;
&#xD;
          5. PaO2 / FiO2 is above 200 or Spo2 is greater than 85%.&#xD;
&#xD;
        Donator:&#xD;
&#xD;
          1. Complete recovery from severe COVID-19 disease and hospital discharge&#xD;
&#xD;
          2. Consent to donate blood to the infected person&#xD;
&#xD;
          3. Age 30 to 60 years&#xD;
&#xD;
          4. Has normal CBC test results&#xD;
&#xD;
          5. Negative COVID-19 RT-PCR test&#xD;
&#xD;
        Exclusion Criteria:&#xD;
&#xD;
        Recipient:&#xD;
&#xD;
          1. A history of hypersensitivity to blood transfusions or its products&#xD;
&#xD;
          2. History of IgA deficiency&#xD;
&#xD;
          3. Heart failure or any other factor that prevents the transmission of of 500 ml plasma&#xD;
&#xD;
          4. Entering the intubation stage&#xD;
&#xD;
        Donator:&#xD;
&#xD;
          1. Patients infected with blood-borne viral / infectious diseases&#xD;
&#xD;
          2. Underlying heart disease, low or high blood pressure, diabetes, epilepsy, and anything&#xD;
             that may prohibit blood donation.&#xD;
&#xD;
          3. Use of banned drugs for blood donation (eg, ethertinate, acitretin, aliotretinoin,&#xD;
             isotretinoin, antiandrogens, NSAIDs, etc.)&#xD;
&#xD;
          4. Use of different drugs&#xD;
&#xD;
          5. Other prohibited donations based on blood transfusion standards&#xD;
      </textblock>
    </criteria>
    <gender>All</gender>
    <minimum_age>30 Years</minimum_age>
    <maximum_age>70 Years</maximum_age>
    <healthy_volunteers>No</healthy_volunteers>
  </eligibility>
  <overall_official>
    <last_name>Majid Saeedi, Ph.D.</last_name>
    <role>Study Chair</role>
    <affiliation>Vice-Chancellor for Research, Mazandaran University of Medical Sciences</affiliation>
  </overall_official>
  <location>
    <facility>
      <name>Imam Khomeini Hospital, Mazandaran University of Medical Sciences</name>
      <address>
        <city>Sari</city>
        <state>Mazandaran</state>
        <zip>4816633131</zip>
        <country>Iran, Islamic Republic of</country>
      </address>
    </facility>
  </location>
  <location_countries>
    <country>Iran, Islamic Republic of</country>
  </location_countries>
  <verification_date>March 2020</verification_date>
  <study_first_submitted>March 24, 2020</study_first_submitted>
  <study_first_submitted_qc>March 30, 2020</study_first_submitted_qc>
  <study_first_posted type="Actual">March 31, 2020</study_first_posted>
  <last_update_submitted>March 30, 2020</last_update_submitted>
  <last_update_submitted_qc>March 30, 2020</last_update_submitted_qc>
  <last_update_posted type="Actual">March 31, 2020</last_update_posted>
  <responsible_party>
    <responsible_party_type>Principal Investigator</responsible_party_type>
    <investigator_affiliation>Mazandaran University of Medical Sciences</investigator_affiliation>
    <investigator_full_name>Amir Shamshirian</investigator_full_name>
    <investigator_title>Principal Investigator</investigator_title>
  </responsible_party>
  <keyword>Coronavirus</keyword>
  <keyword>COVID-19</keyword>
  <keyword>SARS-CoV-2</keyword>
  <keyword>Severe acute respiratory syndrome coronavirus 2</keyword>
  <condition_browse>
    <!-- CAUTION:  The following MeSH terms are assigned with an imperfect algorithm            -->
    <mesh_term>Coronavirus Infections</mesh_term>
    <mesh_term>Severe Acute Respiratory Syndrome</mesh_term>
  </condition_browse>
  <patient_data>
    <sharing_ipd>Undecided</sharing_ipd>
  </patient_data>
  <!-- Results have not yet been posted for this study                                          -->
</clinical_study>

