<?xml version="1.0" encoding="UTF-8"?>
<clinical_study rank="1244">
  <!-- This xml conforms to an XML Schema at:
    https://clinicaltrials.gov/ct2/html/images/info/public.xsd -->
  <required_header>
    <download_date>ClinicalTrials.gov processed this data on February 08, 2021</download_date>
    <link_text>Link to the current ClinicalTrials.gov record.</link_text>
    <url>https://clinicaltrials.gov/show/NCT04331509</url>
  </required_header>
  <id_info>
    <org_study_id>COVID-19 Symptom tracker</org_study_id>
    <nct_id>NCT04331509</nct_id>
  </id_info>
  <brief_title>COVID-19 Symptom Tracker</brief_title>
  <official_title>COVID-19 Symptom Tracker</official_title>
  <sponsors>
    <lead_sponsor>
      <agency>King's College London</agency>
      <agency_class>Other</agency_class>
    </lead_sponsor>
    <collaborator>
      <agency>Zoe Global Limited</agency>
      <agency_class>Other</agency_class>
    </collaborator>
    <collaborator>
      <agency>Massachusetts General Hospital</agency>
      <agency_class>Other</agency_class>
    </collaborator>
    <collaborator>
      <agency>Harvard School of Public Health</agency>
      <agency_class>Other</agency_class>
    </collaborator>
    <collaborator>
      <agency>Stanford University</agency>
      <agency_class>Other</agency_class>
    </collaborator>
  </sponsors>
  <source>King's College London</source>
  <oversight_info>
    <has_dmc>Yes</has_dmc>
    <is_fda_regulated_drug>No</is_fda_regulated_drug>
    <is_fda_regulated_device>No</is_fda_regulated_device>
  </oversight_info>
  <brief_summary>
    <textblock>
      The viral Covid-19 outbreak is now considered a pandemic according to the World Health&#xD;
      Organisation (WHO). A free monitoring app 'COVID-19 Symptom Tracker' has been developed to&#xD;
      record and monitor the symptoms of the COVID-19 coronavirus infection; tracking in real time&#xD;
      how the disease progresses. The app also records how measures aimed at controlling the&#xD;
      pandemic including self-isolation and distancing are affecting the mental health and&#xD;
      well-being of participants. The data from the study will reveal important information about&#xD;
      the symptoms and progress of COVID-19 infection in different people, and why some go on to&#xD;
      develop more severe or fatal disease while others have only mild symptoms do not.&#xD;
    </textblock>
  </brief_summary>
  <detailed_description>
    <textblock>
      A free monitoring app 'COVID-19 Symptom Tracker' has been developed by health technology&#xD;
      company Zoe Global Limited in collaboration with scientists at King's College London, Harvard&#xD;
      Medical School, Massachusetts General Hospital and Stanford University. A web-based&#xD;
      equivalent is being developed for those unable to download this app. This new app records and&#xD;
      monitors the symptoms of COVID-19 coronavirus infection; tracking in real time how the&#xD;
      disease progresses. The app also records how measures aimed at controlling the pandemic&#xD;
      including self-isolation and distancing affect the mental health and well-being of&#xD;
      participants. The app also allows self-reporting where no symptoms are experienced such that&#xD;
      it records any users that feel healthy and normal.&#xD;
&#xD;
      The app, has been launched in both the UK and the US. Researchers in other countries are&#xD;
      encouraged to obtain the required approvals from Apple and Google to make the app available&#xD;
      in their territories.&#xD;
&#xD;
      The data from the study will reveal important information about the symptoms and progress of&#xD;
      COVID-19 infection in different people, and why some go on to develop more severe or fatal&#xD;
      disease while others have only mild symptoms do not.&#xD;
&#xD;
      It is also hoped that the data generated from this study will help the urgent clinical need&#xD;
      to distinguish mild coronavirus symptoms from seasonal coughs and colds, which may be leading&#xD;
      people to unnecessarily self-isolate when they aren't infected or inadvertently go out and&#xD;
      spread the disease when they are.&#xD;
&#xD;
      Users download the free app COVID-19 Symptom Tracker and record information about their&#xD;
      health on a daily basis, including temperature, tiredness and symptoms such as coughing,&#xD;
      breathing problems or headaches.&#xD;
&#xD;
      The app is available internationally to the general population and will also be used in two&#xD;
      large epidemiological cohorts: The TwinsUK cohort (n=15,000) and Nurses Health Study&#xD;
      (n=280,000).&#xD;
&#xD;
      The app will allow scientists to study the spread and development of symptoms across whole&#xD;
      populations, both in the UK and abroad, as well as detailed genetic and other studies,&#xD;
      particularly with the twins cohort&#xD;
&#xD;
      Any data gathered from the app and study will be used strictly for public health or academic&#xD;
      research and will not be used commercially or sold.&#xD;
    </textblock>
  </detailed_description>
  <overall_status>Recruiting</overall_status>
  <start_date type="Actual">March 23, 2020</start_date>
  <completion_date type="Anticipated">March 23, 2022</completion_date>
  <primary_completion_date type="Anticipated">March 23, 2022</primary_completion_date>
  <study_type>Observational</study_type>
  <has_expanded_access>No</has_expanded_access>
  <study_design_info>
    <observational_model>Cohort</observational_model>
    <time_perspective>Prospective</time_perspective>
  </study_design_info>
  <primary_outcome>
    <measure>Physical health symptoms</measure>
    <time_frame>1 day</time_frame>
    <description>Self reported as physically healthy (tick box)</description>
  </primary_outcome>
  <primary_outcome>
    <measure>Lack of physical health symptoms</measure>
    <time_frame>1 day</time_frame>
    <description>Self reported as physically not feeling healthy (tick box)</description>
  </primary_outcome>
  <secondary_outcome>
    <measure>Fever</measure>
    <time_frame>1 day</time_frame>
    <description>Self reported remperature (Degrees Celsius)</description>
  </secondary_outcome>
  <other_outcome>
    <measure>Cough</measure>
    <time_frame>1 day</time_frame>
    <description>Self reported cough (drop down menu; yes/no)</description>
  </other_outcome>
  <other_outcome>
    <measure>Fatigue</measure>
    <time_frame>1 day</time_frame>
    <description>Self reported fatigue (drop down menu; yes/no)</description>
  </other_outcome>
  <other_outcome>
    <measure>Headache</measure>
    <time_frame>1 day</time_frame>
    <description>Self reported headache (drop down menu; yes/no)</description>
  </other_outcome>
  <other_outcome>
    <measure>Shortness of breath</measure>
    <time_frame>1 day</time_frame>
    <description>Self reported shortness of breath (drop down menu; yes/no)</description>
  </other_outcome>
  <other_outcome>
    <measure>Sore throat</measure>
    <time_frame>1 day</time_frame>
    <description>Self reported sore throat (drop down menu; yes/no)</description>
  </other_outcome>
  <other_outcome>
    <measure>Loss of smell/ taste</measure>
    <time_frame>1 day</time_frame>
    <description>Self reported loss of smell/ taste (drop down menu; yes/no)</description>
  </other_outcome>
  <other_outcome>
    <measure>Hoarse voice</measure>
    <time_frame>1 day</time_frame>
    <description>Self reported hoarse voice (drop down menu; yes/no)</description>
  </other_outcome>
  <other_outcome>
    <measure>Chest pain or tightness</measure>
    <time_frame>1 day</time_frame>
    <description>Self reported chest pain or tightness (drop down menu; yes/no)</description>
  </other_outcome>
  <other_outcome>
    <measure>Abdominal pain</measure>
    <time_frame>1 day</time_frame>
    <description>Self reported abdominal pain (drop down menu; yes/no)</description>
  </other_outcome>
  <other_outcome>
    <measure>Diarrhoea</measure>
    <time_frame>1 day</time_frame>
    <description>Self reported diarrhoea (drop down menu; yes/no)</description>
  </other_outcome>
  <other_outcome>
    <measure>Confusion</measure>
    <time_frame>1 day</time_frame>
    <description>Self reported confusion (drop down menu; yes/no)</description>
  </other_outcome>
  <other_outcome>
    <measure>Skipping meals</measure>
    <time_frame>1 day</time_frame>
    <description>Self reported skipping meals (drop down menu; yes/no)</description>
  </other_outcome>
  <number_of_groups>1</number_of_groups>
  <enrollment type="Anticipated">10000000</enrollment>
  <condition>COVID-19</condition>
  <arm_group>
    <arm_group_label>Symptom tracker users</arm_group_label>
    <description>No Intervention</description>
  </arm_group>
  <intervention>
    <intervention_type>Other</intervention_type>
    <intervention_name>No Intervention</intervention_name>
    <description>No Intervention</description>
    <arm_group_label>Symptom tracker users</arm_group_label>
  </intervention>
  <eligibility>
    <study_pop>
      <textblock>
        Anyone who is able to download the app or use the web-based equivalent tool to self-report&#xD;
        their symptoms.&#xD;
      </textblock>
    </study_pop>
    <sampling_method>Non-Probability Sample</sampling_method>
    <criteria>
      <textblock>
        Inclusion Criteria:&#xD;
&#xD;
          -  Adults of 18 years and above, both in the UK and internationally where the app has&#xD;
             been approved for download from the Apple App store and Google Play. The web-based&#xD;
             equivalent to the app will also be made available via a link for those unable to&#xD;
             download.&#xD;
&#xD;
        Exclusion Criteria:&#xD;
&#xD;
          -  Anyone below the age of 18; anyone unable to provide informed consent.&#xD;
      </textblock>
    </criteria>
    <gender>All</gender>
    <minimum_age>18 Years</minimum_age>
    <maximum_age>N/A</maximum_age>
    <healthy_volunteers>Accepts Healthy Volunteers</healthy_volunteers>
  </eligibility>
  <overall_official>
    <last_name>Tim D Spector</last_name>
    <role>Principal Investigator</role>
    <affiliation>King's College London</affiliation>
  </overall_official>
  <overall_contact>
    <last_name>Victoria Vazquez</last_name>
    <phone>02071886765</phone>
    <email>victoria.vazquez@kcl.ac.uk</email>
  </overall_contact>
  <location>
    <facility>
      <name>Massachusetts General Hospital</name>
      <address>
        <city>Boston</city>
        <state>Massachusetts</state>
        <zip>02114</zip>
        <country>United States</country>
      </address>
    </facility>
    <status>Recruiting</status>
    <contact>
      <last_name>David A Drew, PhD</last_name>
      <email>predict@mgh.harvard.edu</email>
    </contact>
    <contact_backup>
      <last_name>Andrew T. Chan, MD</last_name>
    </contact_backup>
    <investigator>
      <last_name>Andrew Chan</last_name>
      <role>Principal Investigator</role>
    </investigator>
  </location>
  <location>
    <facility>
      <name>King's College London</name>
      <address>
        <city>London</city>
        <zip>SE1 7EH</zip>
        <country>United Kingdom</country>
      </address>
    </facility>
    <status>Recruiting</status>
    <contact>
      <last_name>Victoria Vazquez</last_name>
      <phone>020 7188 6765</phone>
      <email>victoria.vazquez@kcl.ac.uk</email>
    </contact>
  </location>
  <location_countries>
    <country>United Kingdom</country>
    <country>United States</country>
  </location_countries>
  <verification_date>March 2020</verification_date>
  <study_first_submitted>March 31, 2020</study_first_submitted>
  <study_first_submitted_qc>March 31, 2020</study_first_submitted_qc>
  <study_first_posted type="Actual">April 2, 2020</study_first_posted>
  <last_update_submitted>April 3, 2020</last_update_submitted>
  <last_update_submitted_qc>April 3, 2020</last_update_submitted_qc>
  <last_update_posted type="Actual">April 7, 2020</last_update_posted>
  <responsible_party>
    <responsible_party_type>Sponsor</responsible_party_type>
  </responsible_party>
  <keyword>COVID-19</keyword>
  <keyword>Coronovirus</keyword>
  <keyword>Symptom tracker</keyword>
  <keyword>Virus</keyword>
  <keyword>Pandemic</keyword>
  <patient_data>
    <sharing_ipd>Yes</sharing_ipd>
    <ipd_description>Access to the COVID-19 Symptom Tracker data will be given to members of the clinical or scientific community as outlined below in accordance with the following privacy policies:&#xD;
https://covid.joinzoe.com/privacy-notice&#xD;
https://storage.googleapis.com/covid-symptom-tracker-public/privacy-policy-us.pdf</ipd_description>
    <ipd_time_frame>Immediately</ipd_time_frame>
    <ipd_access_criteria>Request to access the COVID-19 Symptom Tracker data should made by submitting an online Data Access Application Form. The form is available on the TwinsUK website.&#xD;
https://dtr.eu.qualtrics.com/jfe/form/SV_81U9lmshTofiFeZ&#xD;
Decision Process &amp; Outcome:&#xD;
Upon submission of the Covid-19 Data Application Form, the TwinsUK data management team will review the application forms received and information on the outcome will be provided within a week. Decisions on the most complex applications will be overseen by the TwinsUK Resource Executive Committee.&#xD;
All applicants must belong to the clinical or scientific community, present a valid rationale and must have&#xD;
A healthcare email address&#xD;
An educational email address&#xD;
A track of peer reviewed publications</ipd_access_criteria>
    <ipd_url>https://dtr.eu.qualtrics.com/jfe/form/SV_81U9lmshTofiFeZ</ipd_url>
  </patient_data>
  <!-- Results have not yet been posted for this study                                          -->
</clinical_study>

