<?xml version="1.0" encoding="UTF-8"?>
<clinical_study rank="4967">
  <!-- This xml conforms to an XML Schema at:
    https://clinicaltrials.gov/ct2/html/images/info/public.xsd -->
  <required_header>
    <download_date>ClinicalTrials.gov processed this data on February 08, 2021</download_date>
    <link_text>Link to the current ClinicalTrials.gov record.</link_text>
    <url>https://clinicaltrials.gov/show/NCT03474965</url>
  </required_header>
  <id_info>
    <org_study_id>CSEG101B2201</org_study_id>
    <secondary_id>2017-001747-12</secondary_id>
    <nct_id>NCT03474965</nct_id>
  </id_info>
  <brief_title>Study of Dose Confirmation and Safety of Crizanlizumab in Pediatric Sickle Cell Disease Patients</brief_title>
  <official_title>A Phase 2,Multicenter,Open-Label Study to Assess Appropriate Dosing and to Evaluate Safety of Crizanlizumab,With or Without Hydroxyurea/Hydroxycarbamide,in Sequential,Descending Age Groups of Pediatric Sickle Cell Disease Patients With Vaso-Occlusive Crisis</official_title>
  <sponsors>
    <lead_sponsor>
      <agency>Novartis Pharmaceuticals</agency>
      <agency_class>Industry</agency_class>
    </lead_sponsor>
  </sponsors>
  <source>Novartis</source>
  <oversight_info>
    <has_dmc>Yes</has_dmc>
    <is_fda_regulated_drug>Yes</is_fda_regulated_drug>
    <is_fda_regulated_device>No</is_fda_regulated_device>
  </oversight_info>
  <brief_summary>
    <textblock>
      The purpose of the Phase 2 CSEG101B2201 study is to confirm and to establish appropriate&#xD;
      dosing and to evaluate the safety in pediatric participants ages 6 months to &lt;18 years with a&#xD;
      history of VOC with or without HU/HC, receiving crizanlizumab for 2 years. The efficacy and&#xD;
      safety of crizanlizumab was already demonstrated in adults with sickle cell disease. The&#xD;
      approach is to extrapolate from the PK/pharmacodynamics (PD) already established in the adult&#xD;
      population. The study is designed as a Phase II, multicenter, open-label study.&#xD;
    </textblock>
  </brief_summary>
  <overall_status>Recruiting</overall_status>
  <start_date type="Actual">October 1, 2018</start_date>
  <completion_date type="Anticipated">November 20, 2024</completion_date>
  <primary_completion_date type="Anticipated">June 5, 2023</primary_completion_date>
  <phase>Phase 2</phase>
  <study_type>Interventional</study_type>
  <study_design_info>
    <allocation>N/A</allocation>
    <intervention_model>Single Group Assignment</intervention_model>
    <primary_purpose>Treatment</primary_purpose>
    <masking>None (Open Label)</masking>
  </study_design_info>
  <primary_outcome>
    <measure>PK (AUCd15) after 1st dose</measure>
    <time_frame>Day 15</time_frame>
    <description>Confirm appropriate dosing of crizanlizumab in participants aged 2 to &lt; 18 years (Parts A)</description>
  </primary_outcome>
  <primary_outcome>
    <measure>PD (AUCd15) after 1st dose</measure>
    <time_frame>Day 15</time_frame>
    <description>Confirm appropriate dosing of crizanlizumab in participants aged 2 to &lt; 18 years (Parts A)</description>
  </primary_outcome>
  <primary_outcome>
    <measure>PK (AUCtau) after multiple dose</measure>
    <time_frame>Week 15</time_frame>
    <description>Confirm appropriate dosing of Crizanlizumab in participants aged 2 to &lt; 18 years old</description>
  </primary_outcome>
  <primary_outcome>
    <measure>PD (AUCtau) after multiple dose</measure>
    <time_frame>Week 15</time_frame>
    <description>Confirm appropriate dosing of Crizanlizumab in participants aged 2 to &lt; 18 years old</description>
  </primary_outcome>
  <primary_outcome>
    <measure>PK (Cmax) after 1st dose and multiple dose</measure>
    <time_frame>Week 1 and Week 15</time_frame>
    <description>Confirm appropriate dosing of crizanlizumab in participants aged 2 to &lt; 18 years (Parts A)</description>
  </primary_outcome>
  <primary_outcome>
    <measure>PK pre-dose concentrations</measure>
    <time_frame>Week 1 to Week 19</time_frame>
    <description>Confirm appropriate dosing of crizanlizumab in participants aged 6 months to less than 24 months of age (Part B)</description>
  </primary_outcome>
  <primary_outcome>
    <measure>Frequency of any adverse events (AEs) as a measure of safety and tolerability</measure>
    <time_frame>6 months, 2 years</time_frame>
    <description>Safety of crizanlizumab in participants aged 6 months to &lt; 18 years (Parts A and B)</description>
  </primary_outcome>
  <secondary_outcome>
    <measure>Annualized rate Vaso Occusive Crisis (VOC) events leading to healthcare visit in clinic/ER/hospital</measure>
    <time_frame>6 months, 2 years</time_frame>
    <description>To assess the long-term efficacy of crizanlizumab in 6 months to &lt; 18 year old participants at the time of study entry (Parts A and B)</description>
  </secondary_outcome>
  <secondary_outcome>
    <measure>Annualized rate Vaso Occusive Crisis (VOC) events treated at home (based on documentation by health care provider following phone contact with the patient)</measure>
    <time_frame>6 months, 2 years</time_frame>
    <description>To assess the long-term efficacy of crizanlizumab in 6 months to &lt; 18 year old participants at the time of study entry (Parts A and B)</description>
  </secondary_outcome>
  <secondary_outcome>
    <measure>Annualized rate each subcategory of VOC event (uncomplicated pain crisis, acute chest syndrome, hepatic sequestration, splenic sequestration, priapism)</measure>
    <time_frame>6 months, 2 years</time_frame>
    <description>To assess the long-term efficacy of crizanlizumab in 6 months to &lt; 18 year old participants at the time of study entry (Parts A and B)</description>
  </secondary_outcome>
  <secondary_outcome>
    <measure>Annualized rate hospitalizations and ER visits (both overall and VOC-related)</measure>
    <time_frame>6 months, 2 years</time_frame>
    <description>To assess the long-term efficacy of crizanlizumab in 6 months to &lt; 18 year old participants at the time of study entry (Parts A and B)</description>
  </secondary_outcome>
  <secondary_outcome>
    <measure>Annualized rate days of ER/hospitalization (both overall and VOC-related)</measure>
    <time_frame>6 months, 2 years</time_frame>
    <description>To assess the long-term efficacy of crizanlizumab in 6 months to &lt; 18 year old participants at the time of study entry (Parts A and B)</description>
  </secondary_outcome>
  <secondary_outcome>
    <measure>Annualized rate of dactylitis events</measure>
    <time_frame>6 months, 2 years</time_frame>
    <description>To assess the long-term efficacy of crizanlizumab in 6 months to &lt; 18 year old participants at the time of study entry (Parts A and B)</description>
  </secondary_outcome>
  <secondary_outcome>
    <measure>Number, seriousness, severity, and causality assessments of treatement emergent adverse events and other data as considered appropiate.</measure>
    <time_frame>6 months, 2 years</time_frame>
    <description>To assess other safety measures in participants aged 6 months to &lt; 18 years at the time of study entry</description>
  </secondary_outcome>
  <secondary_outcome>
    <measure>Absolute change from baseline in hemoglobin</measure>
    <time_frame>Baseline, 6 months, 2 years</time_frame>
    <description>To assess other safety measures in participants aged 6 months to &lt; 18 years at the time of study entry</description>
  </secondary_outcome>
  <secondary_outcome>
    <measure>Immunogenicity: measurement of anti-drug antibodies (ADA) to crizanlizumab</measure>
    <time_frame>Week 1, Week 3, Week 15, Week 27 and End of Treatment (EOT)</time_frame>
    <description>To assess other safety measures in participants aged 6 months to &lt; 18 years at the time of study entry</description>
  </secondary_outcome>
  <secondary_outcome>
    <measure>Electrocardiogram (ECGs) at relevant PK time points</measure>
    <time_frame>Screening, Week 7, Week 11, week 15, week 27 and Week 51</time_frame>
    <description>To assess other safety measures in participants aged 6 months to &lt; 18 years at the time of study entry</description>
  </secondary_outcome>
  <secondary_outcome>
    <measure>Growth and sexual maturation assessments (Tanner stage)</measure>
    <time_frame>Screening, Week 51 and End of Treatment (EOT)</time_frame>
    <description>To assess other safety measures in participants aged 6 months to &lt; 18 years at the time of study entry</description>
  </secondary_outcome>
  <secondary_outcome>
    <measure>PK pre-dose concentrations prior to each study drug dose.</measure>
    <time_frame>Week 1, Week 3, Week 7, Week 15, Week 19, Week 23, Week 27, Week 31, Week 35, Week 39, Week 43, Week 47 and Week 51</time_frame>
    <description>Characterize long-term PK and PD of crizanlizumab in participants aged 6 months to &gt;18 years</description>
  </secondary_outcome>
  <secondary_outcome>
    <measure>Percentage P-selectin inhibition prior to dosing</measure>
    <time_frame>Week 3, Week 15, Week 27 and Week 51</time_frame>
    <description>Characterize long-term PK and PD of crizanlizumab in participants aged 6 months to &gt;18 years</description>
  </secondary_outcome>
  <number_of_arms>1</number_of_arms>
  <enrollment type="Anticipated">100</enrollment>
  <condition>Sickle Cell Disease (SCD)</condition>
  <arm_group>
    <arm_group_label>Crizanlizumab</arm_group_label>
    <arm_group_type>Experimental</arm_group_type>
    <description>SEG101 (crizanlizumab) administered on Week 1 Day 1, Week3 Day 1 and Day 1 of every 4-week cycle</description>
  </arm_group>
  <intervention>
    <intervention_type>Drug</intervention_type>
    <intervention_name>Crizanlizumab</intervention_name>
    <description>Crizanlizumab (SEG101) is a concentrate for solution for infusion, i.v. use. Supplied in single use 10 mL vials at a concentration of 10 mg/mL. One vial contains 100 mg of crizanlizumab.</description>
    <arm_group_label>Crizanlizumab</arm_group_label>
    <other_name>SEG101</other_name>
  </intervention>
  <eligibility>
    <criteria>
      <textblock>
        Inclusion Criteria:&#xD;
&#xD;
          1. Male or female patients ages 2 to &lt;18 years (Group 3 will be expanded to allow&#xD;
             enrolment of patients ages 6 to &lt;24 months (and at least 7 kg) in Part B once the&#xD;
             appropriate dose is confirmed in 2 to &lt;6 year old participants).&#xD;
&#xD;
          2. Confirmed diagnosis of SCD (any genotype including HbSS, HbSC, HbSβ0-thalassemia,&#xD;
             HbSβ+-thalassemia patients, and others) by hemoglobin electrophoresis or/and&#xD;
             high-performance liquid chromatography (HPLC) [performed locally]. Confirmation of&#xD;
             diagnosis by two accepted methods is recommended.&#xD;
&#xD;
          3. Experienced at least 1 VOC within the preceding 12 months prior to screening, as&#xD;
             determined by medical history. Prior VOC must have resolved at least 7 days prior to&#xD;
             the first dose in the study and must include all the following: a.the occurrence of&#xD;
             appropriate symptoms (see VOC definition in Section 7.2.1.1), b.either a visit to a&#xD;
             medical facility or healthcare professional, c.receipt of oral/parenteral opioid or&#xD;
             parenteral NSAIDs&#xD;
&#xD;
          4. If receiving HU/HC, L-glutamine or erythropoietin stimulating agent, must have been&#xD;
             receiving the drug consistently for at least 6 months prior to screening and plan to&#xD;
             continue taking it at the same dose and schedule during the trial. Patients who have&#xD;
             not been receiving such drugs must have been off them for at least 6 months prior to&#xD;
             screening. Dose alterations of HU/HC during Part A are not allowed, and if this&#xD;
             occurs, the participant will enter directly to Part B.&#xD;
&#xD;
          5. Received standard age-appropriate care for SCD, including penicillin prophylaxis,&#xD;
             pneumococcal immunization, and parental education.&#xD;
&#xD;
          6. Performance status: Karnofsky ≥ 50% for patients &gt;10 years of age, and Lansky ≥ 50 for&#xD;
             patients ≤ 10 years of age.&#xD;
&#xD;
          7. Patient must meet the following laboratory values prior to Week 1 Day 1: Absolute&#xD;
             Neutrophil Count ≥1.0 x 109/L , Platelets ≥75 x 109/L, Hemoglobin (Hgb) &gt; 5.5 g/dL&#xD;
&#xD;
          8. Patient must have adequate renal and hepatic function as defined:Estimated Glomerular&#xD;
             filtration rate (eGFR) ≥ 75 mL/min/1.73 m2 using Schwartz formula, Direct (conjugated)&#xD;
             bilirubin ≤ 2.0 x ULN, Alanine transaminase (ALT) ≤ 3.0 x ULN,&#xD;
&#xD;
          9. Transcranial Doppler (TCD) for patients aged 2 to &lt; 16 years at time of screening,&#xD;
             with HbSS, HbSβ0-thalassemia, and HbSD disease indicating low risk for stroke (per&#xD;
             investigator). Please refer to Section 7.2.2.6 for details&#xD;
&#xD;
         10. Written informed consent/assent, according to local guidelines, signed by the patient&#xD;
             and / or by the parents or legal guardian prior to any study related screening&#xD;
             procedures are performed.&#xD;
&#xD;
         11. Female of non-childbearing potential or with negative serum pregnancy test on&#xD;
             Screening and a negative urine pregnancy test (dipstick) prior to dosing on Day 1.&#xD;
&#xD;
        Exclusion Criteria:&#xD;
&#xD;
          1. History of stem cell transplant.&#xD;
&#xD;
          2. Received any blood products within 30 days prior to Week 1 Day 1 dosing.&#xD;
&#xD;
          3. Plan to participate in a chronic transfusion program (pre-planned series of&#xD;
             transfusions for prophylactic purposes) or undergo exchange&#xD;
             transfusions/plasmapheresis during the study. Patients requiring episodic transfusion&#xD;
             (simple or exchange) in response to worsened anemia or VOC are permitted.&#xD;
&#xD;
          4. Patients with bleeding disorders&#xD;
&#xD;
        6.Contraindication or hypersensitivity to any drug from similar class as study drug or to&#xD;
        any excipients of the study drug formulation.&#xD;
&#xD;
        7.History of severe hypersensitivity reaction to other monoclonal antibodies, which in the&#xD;
        opinion of the investigator may pose an increased risk of serious infusion reaction&#xD;
        8.Received a monoclonal antibody or immunoglobulin-based therapy within 6 months of&#xD;
        Screening, or has documented immunogenicity to a prior monoclonal antibody.&#xD;
&#xD;
        9.Received active treatment on another investigational trial within 30 days (or 5 half&#xD;
        -lives of that agent, whichever is greater) prior to Screening or plans to participate in&#xD;
        another investigational drug trial.&#xD;
&#xD;
        10.Pregnant females or females who have given birth within the past 90 days or who are&#xD;
        breastfeeding.&#xD;
&#xD;
        11.Any documented history of a clinical stroke or intracranial hemorrhage, or an&#xD;
        uninvestigated neurologic finding within the past 12 months. Silent infarcts (only present&#xD;
        on imaging) are not excluded.&#xD;
&#xD;
        12.Any abnormal TCD within the past 12 months. 13.Use of therapeutic anticoagulation&#xD;
        (prophylactic doses permitted) or antiplatelet therapy (other than aspirin) within the 10&#xD;
        days prior to Week 1 Day 1 dosing.&#xD;
&#xD;
        14.Hospitalized within 7 days prior to Week 1 Day 1 dosing. 15.Planning to undergo a major&#xD;
        surgical procedure during the duration of the study.&#xD;
&#xD;
        16.Planning to initiate or terminate HU/HC or L-glutamine while on study (except if needed&#xD;
        to terminate for safety reasons).&#xD;
&#xD;
        17.Patient with active human immunodeficiency virus (HIV) infection (detectable viral&#xD;
        load).&#xD;
&#xD;
        18.Patients with known active Hepatitis B infection. 19.Patients with known Hepatitis C&#xD;
        history. 20.Significant active infection or immune deficiency (including chronic use of&#xD;
        immunosuppressive drugs) in the opinion of the investigator.&#xD;
&#xD;
        21.Malignant disease. Exceptions to this exclusion include the following: malignancies that&#xD;
        were treated curatively and have not recurred within 2 years prior to study treatment; any&#xD;
        completely resected carcinoma in situ.&#xD;
&#xD;
        22.Has a serious mental or physical illness, which, in the opinion of the Investigator&#xD;
        would compromise participation in the study.&#xD;
&#xD;
        23.Any condition which, in the opinion of the investigator, is likely to interfere with the&#xD;
        successful collection of the measurements required for the study 24.Resting QTcF ≥450 msec&#xD;
        at pretreatment (baseline) for patients under 12 years of age and ≥450 msec for males and&#xD;
        ≥460 msec for female patients 12 years and older.&#xD;
&#xD;
        25.Cardiac or cardiac repolarization abnormality, including any of the following: a.History&#xD;
        of myocardial infarction (MI), uncontrolled congestive heart failure, unstable angina, or&#xD;
        coronary bypass graft (CABG) within 6 months prior to starting study treatment,&#xD;
        b.Clinically significant cardiac arrhythmias (e.g., ventricular tachycardia), complete left&#xD;
        bundle branch block, high-grade AV block (bifascicular block, Mobitz Type II, and third&#xD;
        degree AV block), c. Long QT syndrome, family history of idiopathic sudden death or&#xD;
        congenital long QT syndrome ( Risk factors for Torsade de Pointes (TdP), including&#xD;
        uncorrected hypokalemia or hypomagnesemia, history of cardiac failure, or history of&#xD;
        clinically significant/ symptomatic bradycardia, Inability to determine the QTcF).&#xD;
&#xD;
        26. Sexually active females who are unwilling to comply with reliable method of birth&#xD;
        control until 15 weeks following last dose of study drug.&#xD;
&#xD;
        28.Not able to understand and to comply with study instructions and requirements.&#xD;
&#xD;
        29.Patients who are an employee of the sponsor or investigator or otherwise dependent on&#xD;
        them.&#xD;
&#xD;
        30.Patients who are committed to an institution by virtue of an order issued either by the&#xD;
        judicial or the administrative authorities.&#xD;
&#xD;
        31.Patients who received prior crizanlizumab treatment are not allowed. 32.Patients having&#xD;
        taken voxelotor less than 30 days prior to Screening, or planning to take voxelotor while&#xD;
        on study are not allowed.&#xD;
      </textblock>
    </criteria>
    <gender>All</gender>
    <minimum_age>6 Months</minimum_age>
    <maximum_age>17 Years</maximum_age>
    <healthy_volunteers>No</healthy_volunteers>
  </eligibility>
  <overall_official>
    <last_name>Novartis Pharmaceuticals</last_name>
    <role>Study Director</role>
    <affiliation>Novartis Pharmaceuticals</affiliation>
  </overall_official>
  <overall_contact>
    <last_name>Novartis Pharmaceuticals</last_name>
    <phone>1-888-669-6682</phone>
    <email>novartis.email@novartis.com</email>
  </overall_contact>
  <overall_contact_backup>
    <last_name>Novartis Pharmaceuticals</last_name>
    <phone>+41613241111</phone>
  </overall_contact_backup>
  <location>
    <facility>
      <name>University of Alabama 1600 7th ave</name>
      <address>
        <city>Birmingham</city>
        <state>Alabama</state>
        <zip>35233</zip>
        <country>United States</country>
      </address>
    </facility>
    <status>Recruiting</status>
    <contact>
      <last_name>Christy Patrick</last_name>
      <phone>205-638-9285</phone>
      <email>cpatrick@peds.uab.edu</email>
    </contact>
    <investigator>
      <last_name>Thomas Howard</last_name>
      <role>Principal Investigator</role>
    </investigator>
  </location>
  <location>
    <facility>
      <name>Phoenix Childrens Hospital CVAL489A2302</name>
      <address>
        <city>Phoenix</city>
        <state>Arizona</state>
        <zip>85016</zip>
        <country>United States</country>
      </address>
    </facility>
    <status>Recruiting</status>
    <contact>
      <last_name>Courtney Moyer</last_name>
      <phone>602-546-4702</phone>
      <email>cmoyer@phoenixchildrens.com</email>
    </contact>
    <investigator>
      <last_name>Sanjay Shah</last_name>
      <role>Principal Investigator</role>
    </investigator>
  </location>
  <location>
    <facility>
      <name>UC Davis Medical Center</name>
      <address>
        <city>Sacramento</city>
        <state>California</state>
        <zip>95817</zip>
        <country>United States</country>
      </address>
    </facility>
    <status>Recruiting</status>
    <contact>
      <last_name>Michelle Adams</last_name>
      <phone>916-734-2011</phone>
      <email>msadams@ucdavis.edu</email>
    </contact>
    <investigator>
      <last_name>Jo Chung</last_name>
      <role>Principal Investigator</role>
    </investigator>
  </location>
  <location>
    <facility>
      <name>Children s National Hospital</name>
      <address>
        <city>Washington</city>
        <state>District of Columbia</state>
        <zip>20010</zip>
        <country>United States</country>
      </address>
    </facility>
    <status>Recruiting</status>
    <contact>
      <last_name>Stefanie Jesus Margulies</last_name>
      <phone>+1 202 884 2120</phone>
      <email>Stefanie.Margulies@childrensnational.org</email>
    </contact>
    <investigator>
      <last_name>Andrew Campbell</last_name>
      <role>Principal Investigator</role>
    </investigator>
  </location>
  <location>
    <facility>
      <name>University of Florida College of Medicine</name>
      <address>
        <city>Gainesville</city>
        <state>Florida</state>
        <zip>32610</zip>
        <country>United States</country>
      </address>
    </facility>
    <status>Recruiting</status>
    <contact>
      <last_name>Mona Sayedul Huq</last_name>
      <phone>353-273-9120</phone>
      <email>monahuq@peds.ufl.edu</email>
    </contact>
    <investigator>
      <last_name>Vandy Black</last_name>
      <role>Principal Investigator</role>
    </investigator>
  </location>
  <location>
    <facility>
      <name>Joe DiMaggio Childrens Hospital</name>
      <address>
        <city>Hollywood</city>
        <state>Florida</state>
        <zip>33021</zip>
        <country>United States</country>
      </address>
    </facility>
    <status>Recruiting</status>
    <contact>
      <last_name>Alejandra Smith</last_name>
      <phone>954-265-5324</phone>
      <email>alejsmith@mhs.net</email>
    </contact>
    <investigator>
      <last_name>Anne Schaefer</last_name>
      <role>Principal Investigator</role>
    </investigator>
  </location>
  <location>
    <facility>
      <name>Childrens Healthcare of Atlanta</name>
      <address>
        <city>Atlanta</city>
        <state>Georgia</state>
        <zip>30342</zip>
        <country>United States</country>
      </address>
    </facility>
    <status>Recruiting</status>
    <contact>
      <last_name>Michele-Corinne Ako</last_name>
      <email>Michele-Corinne.Ako@choa.org</email>
    </contact>
    <investigator>
      <last_name>Robert Clark Brown</last_name>
      <role>Principal Investigator</role>
    </investigator>
  </location>
  <location>
    <facility>
      <name>Ann and Robert H Lurie Childrens Hospital of Chicago CTBM100C2407</name>
      <address>
        <city>Chicago</city>
        <state>Illinois</state>
        <zip>60611</zip>
        <country>United States</country>
      </address>
    </facility>
    <status>Recruiting</status>
    <contact>
      <last_name>Kayla Jones</last_name>
      <email>KSJones@luriechildrens.org</email>
    </contact>
    <investigator>
      <last_name>Alexis Thompson</last_name>
      <role>Principal Investigator</role>
    </investigator>
  </location>
  <location>
    <facility>
      <name>University of Chicago Hospital</name>
      <address>
        <city>Chicago</city>
        <state>Illinois</state>
        <zip>60637</zip>
        <country>United States</country>
      </address>
    </facility>
    <status>Recruiting</status>
    <contact>
      <phone>773-702-2084</phone>
    </contact>
    <investigator>
      <last_name>Radhika Peddinti</last_name>
      <role>Principal Investigator</role>
    </investigator>
  </location>
  <location>
    <facility>
      <name>Childrens Hospital Boston</name>
      <address>
        <city>Boston</city>
        <state>Massachusetts</state>
        <zip>02115</zip>
        <country>United States</country>
      </address>
    </facility>
    <status>Recruiting</status>
    <contact>
      <last_name>Taylah Buissereth</last_name>
      <phone>617-355-7700</phone>
      <email>Taylah.Buissereth@childrens.harvard.edu</email>
    </contact>
    <investigator>
      <last_name>Matthew M Heeney</last_name>
      <role>Principal Investigator</role>
    </investigator>
  </location>
  <location>
    <facility>
      <name>Institute for Pediatric Cancer and Blood Disorders</name>
      <address>
        <city>Hackensack</city>
        <state>New Jersey</state>
        <zip>07601</zip>
        <country>United States</country>
      </address>
    </facility>
    <status>Recruiting</status>
    <contact>
      <last_name>Elana Smilow</last_name>
      <phone>551-996-5437</phone>
      <email>elana.smilow@hackensackmeridian.org</email>
    </contact>
    <investigator>
      <last_name>Stacey Rifkin-Zenenberg</last_name>
      <role>Principal Investigator</role>
    </investigator>
  </location>
  <location>
    <facility>
      <name>UMDNJ</name>
      <address>
        <city>New Brunswick</city>
        <state>New Jersey</state>
        <zip>08901</zip>
        <country>United States</country>
      </address>
    </facility>
    <status>Recruiting</status>
    <contact>
      <last_name>Sherri Gzemski</last_name>
      <email>gzemsksa@rwjms.rutgers.edu</email>
    </contact>
    <investigator>
      <last_name>Richard DRACHTMAN</last_name>
      <role>Principal Investigator</role>
    </investigator>
  </location>
  <location>
    <facility>
      <name>Children's Hospital at Montefiore</name>
      <address>
        <city>Bronx</city>
        <state>New York</state>
        <zip>10467</zip>
        <country>United States</country>
      </address>
    </facility>
    <status>Recruiting</status>
    <contact>
      <last_name>Jill Fillipelli</last_name>
      <phone>718-741-2384</phone>
      <email>jfilipelli@brany.com</email>
    </contact>
    <investigator>
      <last_name>Deepa Manwani</last_name>
      <role>Principal Investigator</role>
    </investigator>
  </location>
  <location>
    <facility>
      <name>Duke University Medical Center Oncology</name>
      <address>
        <city>Durham</city>
        <state>North Carolina</state>
        <zip>27710</zip>
        <country>United States</country>
      </address>
    </facility>
    <status>Recruiting</status>
    <contact>
      <last_name>Lindsay Lowe</last_name>
      <phone>919-684-1018</phone>
      <email>lindsay.lowe@duke.edu</email>
    </contact>
    <investigator>
      <last_name>Jennifer Rothman</last_name>
      <role>Principal Investigator</role>
    </investigator>
  </location>
  <location>
    <facility>
      <name>East Carolina University SC</name>
      <address>
        <city>Greenville</city>
        <state>North Carolina</state>
        <zip>27834</zip>
        <country>United States</country>
      </address>
    </facility>
    <status>Recruiting</status>
    <contact>
      <last_name>Bree Williams</last_name>
      <phone>252-744-4676</phone>
      <email>williamsbree18@ecu.edu</email>
    </contact>
    <investigator>
      <last_name>Beng Fuh</last_name>
      <role>Principal Investigator</role>
    </investigator>
  </location>
  <location>
    <facility>
      <name>Childrens Hospital of Philadelphia</name>
      <address>
        <city>Philadelphia</city>
        <state>Pennsylvania</state>
        <zip>19104 4399</zip>
        <country>United States</country>
      </address>
    </facility>
    <status>Recruiting</status>
    <contact>
      <last_name>Ella Ardoin</last_name>
      <phone>267-426-9338</phone>
      <email>ardoine@chop.edu</email>
    </contact>
    <investigator>
      <last_name>Kim Smith Whitley</last_name>
      <role>Principal Investigator</role>
    </investigator>
  </location>
  <location>
    <facility>
      <name>Medical University of South Carolina Medical Uni of South Carolina</name>
      <address>
        <city>Charleston</city>
        <state>South Carolina</state>
        <zip>29425</zip>
        <country>United States</country>
      </address>
    </facility>
    <status>Recruiting</status>
    <contact>
      <last_name>Linda M. Wozniak</last_name>
      <email>Linda@dermandlaser.com</email>
    </contact>
    <investigator>
      <last_name>Shayla Bergmann</last_name>
      <role>Principal Investigator</role>
    </investigator>
  </location>
  <location>
    <facility>
      <name>St. Jude Children's Research Hosptial</name>
      <address>
        <city>Memphis</city>
        <state>Tennessee</state>
        <zip>38105</zip>
        <country>United States</country>
      </address>
    </facility>
    <status>Recruiting</status>
    <contact>
      <last_name>Olivia McGregor</last_name>
      <phone>901-595-7188</phone>
      <email>Olivia.McGregor@stjude.org</email>
    </contact>
    <investigator>
      <last_name>Jeremie Heath Estepp</last_name>
      <role>Principal Investigator</role>
    </investigator>
  </location>
  <location>
    <facility>
      <name>Cook Childrens Medical Center Oncology</name>
      <address>
        <city>Fort Worth</city>
        <state>Texas</state>
        <zip>76104</zip>
        <country>United States</country>
      </address>
    </facility>
    <status>Recruiting</status>
    <contact>
      <last_name>Lynn Davisson</last_name>
      <phone>682-885-1990</phone>
      <email>Lynn.Davisson@cookchildrens.org</email>
    </contact>
    <investigator>
      <last_name>Clarissa Johnson</last_name>
      <role>Principal Investigator</role>
    </investigator>
  </location>
  <location>
    <facility>
      <name>Novartis Investigative Site</name>
      <address>
        <city>Edegem</city>
        <state>Antwerpen</state>
        <zip>2650</zip>
        <country>Belgium</country>
      </address>
    </facility>
    <status>Recruiting</status>
  </location>
  <location>
    <facility>
      <name>Novartis Investigative Site</name>
      <address>
        <city>Brussel</city>
        <zip>1000</zip>
        <country>Belgium</country>
      </address>
    </facility>
    <status>Recruiting</status>
  </location>
  <location>
    <facility>
      <name>Novartis Investigative Site</name>
      <address>
        <city>Laeken</city>
        <zip>1020</zip>
        <country>Belgium</country>
      </address>
    </facility>
    <status>Recruiting</status>
  </location>
  <location>
    <facility>
      <name>Novartis Investigative Site</name>
      <address>
        <city>Liege</city>
        <zip>4000</zip>
        <country>Belgium</country>
      </address>
    </facility>
    <status>Recruiting</status>
  </location>
  <location>
    <facility>
      <name>Novartis Investigative Site</name>
      <address>
        <city>Salvador</city>
        <state>BA</state>
        <zip>41253-190</zip>
        <country>Brazil</country>
      </address>
    </facility>
    <status>Recruiting</status>
  </location>
  <location>
    <facility>
      <name>Novartis Investigative Site</name>
      <address>
        <city>Ribeirao Preto</city>
        <state>SP</state>
        <zip>14048-900</zip>
        <country>Brazil</country>
      </address>
    </facility>
    <status>Recruiting</status>
  </location>
  <location>
    <facility>
      <name>Novartis Investigative Site</name>
      <address>
        <city>São Paulo</city>
        <state>SP</state>
        <zip>01232-010</zip>
        <country>Brazil</country>
      </address>
    </facility>
    <status>Recruiting</status>
  </location>
  <location>
    <facility>
      <name>Novartis Investigative Site</name>
      <address>
        <city>Toronto</city>
        <state>Ontario</state>
        <zip>M5G 1X8</zip>
        <country>Canada</country>
      </address>
    </facility>
    <status>Recruiting</status>
  </location>
  <location>
    <facility>
      <name>Novartis Investigative Site</name>
      <address>
        <city>Montreal</city>
        <state>Quebec</state>
        <zip>H3T 1C5</zip>
        <country>Canada</country>
      </address>
    </facility>
    <status>Recruiting</status>
  </location>
  <location>
    <facility>
      <name>Novartis Investigative Site</name>
      <address>
        <city>Medellin</city>
        <state>Antioquia</state>
        <zip>05001000</zip>
        <country>Colombia</country>
      </address>
    </facility>
    <status>Recruiting</status>
  </location>
  <location>
    <facility>
      <name>Novartis Investigative Site</name>
      <address>
        <city>Cali</city>
        <state>Valle Del Cauca</state>
        <country>Colombia</country>
      </address>
    </facility>
    <status>Recruiting</status>
  </location>
  <location>
    <facility>
      <name>Novartis Investigative Site</name>
      <address>
        <city>Monteria</city>
        <country>Colombia</country>
      </address>
    </facility>
    <status>Recruiting</status>
  </location>
  <location>
    <facility>
      <name>Novartis Investigative Site</name>
      <address>
        <city>Paris cedex 15</city>
        <zip>75015</zip>
        <country>France</country>
      </address>
    </facility>
    <status>Recruiting</status>
  </location>
  <location>
    <facility>
      <name>Novartis Investigative Site</name>
      <address>
        <city>Heidelberg</city>
        <state>Baden Wuerttemberg</state>
        <zip>69120</zip>
        <country>Germany</country>
      </address>
    </facility>
    <status>Recruiting</status>
  </location>
  <location>
    <facility>
      <name>Novartis Investigative Site</name>
      <address>
        <city>Berlin</city>
        <zip>13353</zip>
        <country>Germany</country>
      </address>
    </facility>
    <status>Recruiting</status>
  </location>
  <location>
    <facility>
      <name>Novartis Investigative Site</name>
      <address>
        <city>Nagpur</city>
        <state>Maharashtra</state>
        <zip>440009</zip>
        <country>India</country>
      </address>
    </facility>
    <status>Recruiting</status>
  </location>
  <location>
    <facility>
      <name>Novartis Investigative Site</name>
      <address>
        <city>New Delhi</city>
        <zip>110029</zip>
        <country>India</country>
      </address>
    </facility>
    <status>Recruiting</status>
  </location>
  <location>
    <facility>
      <name>Novartis Investigative Site</name>
      <address>
        <city>Vellore</city>
        <country>India</country>
      </address>
    </facility>
    <status>Recruiting</status>
  </location>
  <location>
    <facility>
      <name>Novartis Investigative Site</name>
      <address>
        <city>Modena</city>
        <zip>41124</zip>
        <country>Italy</country>
      </address>
    </facility>
    <status>Recruiting</status>
  </location>
  <location>
    <facility>
      <name>Novartis Investigative Site</name>
      <address>
        <city>Orbassano</city>
        <zip>10043</zip>
        <country>Italy</country>
      </address>
    </facility>
    <status>Recruiting</status>
  </location>
  <location>
    <facility>
      <name>Novartis Investigative Site</name>
      <address>
        <city>Padova</city>
        <zip>35128</zip>
        <country>Italy</country>
      </address>
    </facility>
    <status>Recruiting</status>
  </location>
  <location>
    <facility>
      <name>Novartis Investigative Site</name>
      <address>
        <city>Beirut</city>
        <zip>1107 2020</zip>
        <country>Lebanon</country>
      </address>
    </facility>
    <status>Recruiting</status>
  </location>
  <location>
    <facility>
      <name>Novartis Investigative Site</name>
      <address>
        <city>Tripoli</city>
        <zip>1434</zip>
        <country>Lebanon</country>
      </address>
    </facility>
    <status>Recruiting</status>
  </location>
  <location>
    <facility>
      <name>Novartis Investigative Site</name>
      <address>
        <city>Muscat</city>
        <zip>123</zip>
        <country>Oman</country>
      </address>
    </facility>
    <status>Recruiting</status>
  </location>
  <location>
    <facility>
      <name>Novartis Investigative Site</name>
      <address>
        <city>Esplugues de Llobregat</city>
        <state>Barcelona</state>
        <zip>08950</zip>
        <country>Spain</country>
      </address>
    </facility>
    <status>Recruiting</status>
  </location>
  <location>
    <facility>
      <name>Novartis Investigative Site</name>
      <address>
        <city>Barcelona</city>
        <state>Catalunya</state>
        <zip>08035</zip>
        <country>Spain</country>
      </address>
    </facility>
    <status>Recruiting</status>
  </location>
  <location>
    <facility>
      <name>Novartis Investigative Site</name>
      <address>
        <city>Valencia</city>
        <state>Comunidad Valenciana</state>
        <zip>46026</zip>
        <country>Spain</country>
      </address>
    </facility>
    <status>Recruiting</status>
  </location>
  <location>
    <facility>
      <name>Novartis Investigative Site</name>
      <address>
        <city>Palma De Mallorca</city>
        <state>Islas Baleares</state>
        <zip>07120</zip>
        <country>Spain</country>
      </address>
    </facility>
    <status>Recruiting</status>
  </location>
  <location>
    <facility>
      <name>Novartis Investigative Site</name>
      <address>
        <city>Madrid</city>
        <zip>28007</zip>
        <country>Spain</country>
      </address>
    </facility>
    <status>Recruiting</status>
  </location>
  <location>
    <facility>
      <name>Novartis Investigative Site</name>
      <address>
        <city>Aarau</city>
        <state>Aargau</state>
        <zip>5001</zip>
        <country>Switzerland</country>
      </address>
    </facility>
    <status>Recruiting</status>
  </location>
  <location>
    <facility>
      <name>Novartis Investigative Site</name>
      <address>
        <city>Adana</city>
        <zip>01330</zip>
        <country>Turkey</country>
      </address>
    </facility>
    <status>Recruiting</status>
  </location>
  <location>
    <facility>
      <name>Novartis Investigative Site</name>
      <address>
        <city>Mersin</city>
        <zip>33343</zip>
        <country>Turkey</country>
      </address>
    </facility>
    <status>Recruiting</status>
  </location>
  <location>
    <facility>
      <name>Novartis Investigative Site</name>
      <address>
        <city>London</city>
        <zip>SE1 7EH</zip>
        <country>United Kingdom</country>
      </address>
    </facility>
    <status>Recruiting</status>
  </location>
  <location>
    <facility>
      <name>Novartis Investigative Site</name>
      <address>
        <city>London</city>
        <zip>SE5 8AD</zip>
        <country>United Kingdom</country>
      </address>
    </facility>
    <status>Recruiting</status>
  </location>
  <location_countries>
    <country>Belgium</country>
    <country>Brazil</country>
    <country>Canada</country>
    <country>Colombia</country>
    <country>France</country>
    <country>Germany</country>
    <country>India</country>
    <country>Italy</country>
    <country>Lebanon</country>
    <country>Oman</country>
    <country>Spain</country>
    <country>Switzerland</country>
    <country>Turkey</country>
    <country>United Kingdom</country>
    <country>United States</country>
  </location_countries>
  <verification_date>December 2020</verification_date>
  <study_first_submitted>March 16, 2018</study_first_submitted>
  <study_first_submitted_qc>March 16, 2018</study_first_submitted_qc>
  <study_first_posted type="Actual">March 23, 2018</study_first_posted>
  <last_update_submitted>December 22, 2020</last_update_submitted>
  <last_update_submitted_qc>December 22, 2020</last_update_submitted_qc>
  <last_update_posted type="Actual">December 23, 2020</last_update_posted>
  <responsible_party>
    <responsible_party_type>Sponsor</responsible_party_type>
  </responsible_party>
  <keyword>SEG101</keyword>
  <keyword>Sickle cell disease</keyword>
  <keyword>SCD</keyword>
  <keyword>crizanlizumab</keyword>
  <keyword>pediatric</keyword>
  <keyword>pharmacokinetic</keyword>
  <keyword>P-selectin</keyword>
  <keyword>Covid-19</keyword>
  <keyword>Coronavirus disease 2019</keyword>
  <condition_browse>
    <!-- CAUTION:  The following MeSH terms are assigned with an imperfect algorithm            -->
    <mesh_term>Anemia, Sickle Cell</mesh_term>
  </condition_browse>
  <patient_data>
    <sharing_ipd>Undecided</sharing_ipd>
    <ipd_description>Novartis is committed to sharing with qualified external researchers, access to patient-level data and supporting clinical documents from eligible studies. These requests are reviewed and approved by an independent expert panel on the basis of scientific merit. All data provided is anonymized to respect the privacy of patients who have participated in the trial in line with applicable laws and regulations.&#xD;
This trial data is currently available according to the process described on www.clinicalstudydatarequest.com.</ipd_description>
  </patient_data>
  <!-- Results have not yet been posted for this study                                          -->
</clinical_study>

