<?xml version="1.0" encoding="UTF-8"?>
<clinical_study rank="3116">
  <!-- This xml conforms to an XML Schema at:
    https://clinicaltrials.gov/ct2/html/images/info/public.xsd -->
  <required_header>
    <download_date>ClinicalTrials.gov processed this data on February 08, 2021</download_date>
    <link_text>Link to the current ClinicalTrials.gov record.</link_text>
    <url>https://clinicaltrials.gov/show/NCT04308317</url>
  </required_header>
  <id_info>
    <org_study_id>TT-NPC</org_study_id>
    <nct_id>NCT04308317</nct_id>
  </id_info>
  <brief_title>Tetrandrine Tablets Used in the Treatment of COVID-19</brief_title>
  <acronym>TT-NPC</acronym>
  <official_title>Clinical Study of Tetrandrine Tablets Adjuvant Treatment With COVID-19</official_title>
  <sponsors>
    <lead_sponsor>
      <agency>Henan Provincial People's Hospital</agency>
      <agency_class>Other</agency_class>
    </lead_sponsor>
  </sponsors>
  <source>Henan Provincial People's Hospital</source>
  <oversight_info>
    <is_fda_regulated_drug>No</is_fda_regulated_drug>
    <is_fda_regulated_device>No</is_fda_regulated_device>
  </oversight_info>
  <brief_summary>
    <textblock>
      The study is expected to treat patients with mild and severe neo-coronary pneumonia through&#xD;
      standard treatment regimens in combination with tetrandrine tablets, thereby reducing the&#xD;
      clinical progress of some patients, improving prognosis, reducing the incidence of pulmonary&#xD;
      fibrosis during rehabilitation, and improving patients' quality of life.&#xD;
    </textblock>
  </brief_summary>
  <detailed_description>
    <textblock>
      Since December 2019, a number of cases of pneumonia infected with the new coronavirus have&#xD;
      been found in wuhan, hubei province.Has now become a global epidemic of crisis.&#xD;
&#xD;
      After recent frontline anti-epidemic experience, the diagnostic and treatment specifications&#xD;
      for new coronary pneumonia have been updated several times. In the latest country,&#xD;
      &quot;Specifications for the Diagnosis and Treatment of New Types of Coronary Pneumonia (Trial&#xD;
      Version 6)&quot;, the traditional Chinese medicines have again emphasized For the treatment of&#xD;
      patients, traditional Chinese medicine preparations such as Xuebijing and Qingfei Paidu&#xD;
      Decoction have been recommended, but the introduction of anti-fibrosis related drugs is still&#xD;
      lacking.Tetrandrine is a traditional Chinese medicine. Previous research has shown that it is&#xD;
      an antagonist of calmodulin, has anti-tumor, anti-inflammatory effects, and can effectively&#xD;
      inhibit fibroblasts, thereby inhibiting pulmonary fibrosis.The study is expected to treat&#xD;
      patients with mild and severe neo-coronary pneumonia through standard treatment regimens in&#xD;
      combination with tetrandrine tablets, thereby reducing the clinical progress of some&#xD;
      patients, improving prognosis, reducing the incidence of pulmonary fibrosis during&#xD;
      rehabilitation, and improving patients' quality of life.&#xD;
    </textblock>
  </detailed_description>
  <overall_status>Enrolling by invitation</overall_status>
  <start_date type="Anticipated">March 5, 2020</start_date>
  <completion_date type="Anticipated">May 1, 2021</completion_date>
  <primary_completion_date type="Anticipated">March 1, 2021</primary_completion_date>
  <phase>Phase 4</phase>
  <study_type>Interventional</study_type>
  <has_expanded_access>No</has_expanded_access>
  <study_design_info>
    <allocation>Randomized</allocation>
    <intervention_model>Parallel Assignment</intervention_model>
    <primary_purpose>Treatment</primary_purpose>
    <masking>None (Open Label)</masking>
  </study_design_info>
  <primary_outcome>
    <measure>Survival rate</measure>
    <time_frame>12 weeks</time_frame>
    <description>Death event</description>
  </primary_outcome>
  <secondary_outcome>
    <measure>body temperature</measure>
    <time_frame>2 weeks</time_frame>
    <description>inflammatory indicator</description>
  </secondary_outcome>
  <number_of_arms>2</number_of_arms>
  <enrollment type="Anticipated">60</enrollment>
  <condition>Corona Virus Disease 2019,COVID-19</condition>
  <arm_group>
    <arm_group_label>Tetrandrine Cohort</arm_group_label>
    <arm_group_type>Experimental</arm_group_type>
    <description>After the subjects were enrolled, they were given &quot;Tetrandrine 60mg QD&quot; for a course of 1 week(Take 6 days, stop using for 1 day)</description>
  </arm_group>
  <arm_group>
    <arm_group_label>Control Cohort</arm_group_label>
    <arm_group_type>No Intervention</arm_group_type>
    <description>Treatment according to standard protocols without intervention</description>
  </arm_group>
  <intervention>
    <intervention_type>Drug</intervention_type>
    <intervention_name>Tetrandrine</intervention_name>
    <description>Tetrandrine 60mg QD for 1week</description>
    <arm_group_label>Tetrandrine Cohort</arm_group_label>
    <other_name>tetrandrine tablets</other_name>
  </intervention>
  <eligibility>
    <criteria>
      <textblock>
        Inclusion Criteria:&#xD;
&#xD;
          -  Patients with mild and severe cases who have been diagnosed with new coronavirus&#xD;
             pneumonia according to the &quot;Pneumonitis Diagnosis and Treatment -&#xD;
&#xD;
          -  Plan for New Coronavirus Infection&quot;&#xD;
&#xD;
          -  Age 18 to 75 years;&#xD;
&#xD;
          -  Sign the informed consent voluntarily.&#xD;
&#xD;
        Exclusion Criteria:&#xD;
&#xD;
          -  With active tuberculosis, idiopathic pulmonary fibrosis, bronchial asthma,&#xD;
             bronchiectasis, pulmonary embolism, patients with chronic respiratory failure or other&#xD;
             severe respiratory disease;&#xD;
&#xD;
          -  According to the &quot;pneumonia diagnosis and treatment program for new coronavirus&#xD;
             infection&quot; (trial version 6), critically ill patients&#xD;
&#xD;
          -  With severe patients with disease of heart head blood-vessel, malignant arrhythmia,&#xD;
             unstable angina, acute myocardial infarction and death, cardiac function level 3 and&#xD;
             above, stroke, cerebral hemorrhage, etc.);&#xD;
&#xD;
          -  With severe liver and kidney diseases (severe liver disease refers to cirrhosis,&#xD;
             portal hypertension and varices bleeding, severe kidney disease including dialysis,&#xD;
             kidney transplantation);&#xD;
&#xD;
          -  Pregnant and lactating women;&#xD;
&#xD;
          -  Severe cognitive and mental disorders;&#xD;
&#xD;
          -  Clinical investigators who were participating in other interventions within 1 month&#xD;
             prior to inclusion&#xD;
      </textblock>
    </criteria>
    <gender>All</gender>
    <minimum_age>18 Years</minimum_age>
    <maximum_age>75 Years</maximum_age>
    <healthy_volunteers>No</healthy_volunteers>
  </eligibility>
  <location>
    <facility>
      <name>Tetrandrine Tablets</name>
      <address>
        <city>Jinhua</city>
        <state>Zhejiang</state>
        <zip>321000</zip>
        <country>China</country>
      </address>
    </facility>
  </location>
  <location_countries>
    <country>China</country>
  </location_countries>
  <verification_date>March 2020</verification_date>
  <study_first_submitted>March 4, 2020</study_first_submitted>
  <study_first_submitted_qc>March 13, 2020</study_first_submitted_qc>
  <study_first_posted type="Actual">March 16, 2020</study_first_posted>
  <last_update_submitted>March 13, 2020</last_update_submitted>
  <last_update_submitted_qc>March 13, 2020</last_update_submitted_qc>
  <last_update_posted type="Actual">March 16, 2020</last_update_posted>
  <responsible_party>
    <responsible_party_type>Sponsor</responsible_party_type>
  </responsible_party>
  <keyword>COVID-19</keyword>
  <keyword>Tetrandrine</keyword>
  <condition_browse>
    <!-- CAUTION:  The following MeSH terms are assigned with an imperfect algorithm            -->
    <mesh_term>Virus Diseases</mesh_term>
  </condition_browse>
  <intervention_browse>
    <!-- CAUTION:  The following MeSH terms are assigned with an imperfect algorithm            -->
    <mesh_term>Tetrandrine</mesh_term>
  </intervention_browse>
  <patient_data>
    <sharing_ipd>No</sharing_ipd>
  </patient_data>
  <!-- Results have not yet been posted for this study                                          -->
</clinical_study>

