<?xml version="1.0" encoding="UTF-8"?>
<clinical_study rank="875">
  <!-- This xml conforms to an XML Schema at:
    https://clinicaltrials.gov/ct2/html/images/info/public.xsd -->
  <required_header>
    <download_date>ClinicalTrials.gov processed this data on February 08, 2021</download_date>
    <link_text>Link to the current ClinicalTrials.gov record.</link_text>
    <url>https://clinicaltrials.gov/show/NCT04333225</url>
  </required_header>
  <id_info>
    <org_study_id>020-132</org_study_id>
    <nct_id>NCT04333225</nct_id>
  </id_info>
  <brief_title>Hydroxychloroquine in the Prevention of COVID-19 Infection in Healthcare Workers</brief_title>
  <official_title>A Prospective Clinical Study of Hydroxychloroquine in the Prevention of SARS- CoV-2 (COVID-19) Infection in Healthcare Workers After High-risk Exposures</official_title>
  <sponsors>
    <lead_sponsor>
      <agency>Baylor Research Institute</agency>
      <agency_class>Other</agency_class>
    </lead_sponsor>
  </sponsors>
  <source>Baylor Research Institute</source>
  <oversight_info>
    <has_dmc>Yes</has_dmc>
    <is_fda_regulated_drug>Yes</is_fda_regulated_drug>
    <is_fda_regulated_device>No</is_fda_regulated_device>
    <is_us_export>No</is_us_export>
  </oversight_info>
  <brief_summary>
    <textblock>
      In order to assess the efficacy of hydroxychloroquine treatment weekly for a total of 7 weeks&#xD;
      in the prevention of COVID-19 infection, three hundred sixty (360) Healthcare workers with&#xD;
      high risk exposure to patients infected with COVID-19 will be tested for COVID-19 infection&#xD;
      via nasopharyngeal (NP) swab once weekly for 7 weeks. Of those, one hundred eighty (180) will&#xD;
      receive weekly doses of hydroxychloroquine for the duration of the study. Subjects who opt&#xD;
      not to receive the study drug will form the control group.&#xD;
    </textblock>
  </brief_summary>
  <overall_status>Completed</overall_status>
  <start_date type="Actual">April 3, 2020</start_date>
  <completion_date type="Actual">June 30, 2020</completion_date>
  <primary_completion_date type="Actual">June 30, 2020</primary_completion_date>
  <phase>Phase 2</phase>
  <study_type>Interventional</study_type>
  <has_expanded_access>No</has_expanded_access>
  <study_design_info>
    <allocation>Non-Randomized</allocation>
    <intervention_model>Parallel Assignment</intervention_model>
    <primary_purpose>Prevention</primary_purpose>
    <masking>None (Open Label)</masking>
  </study_design_info>
  <primary_outcome>
    <measure>Rate of COVID-19 positive conversion</measure>
    <time_frame>7 weeks</time_frame>
    <description>Rate of COVID-19 positive conversion on weekly nasopharyngeal (NP) sampling</description>
  </primary_outcome>
  <secondary_outcome>
    <measure>Time-to-first clinical event</measure>
    <time_frame>7 weeks</time_frame>
    <description>Time-to-first clinical event consisting of a persistent change for any of the following:&#xD;
One positive NP sample&#xD;
Common clinical symptoms of COVID-19 infection including fever, cough, and shortness of breath&#xD;
Less common signs and symptoms of COVID-19 infection including headache, muscle pain, abdominal pain, sputum production, and sore throat</description>
  </secondary_outcome>
  <other_outcome>
    <measure>Time-to-first clinical worsening event</measure>
    <time_frame>7 weeks</time_frame>
    <description>Time-to-first clinical worsening event consisting of any of the following:&#xD;
Hospitalization for COVID-19 infection&#xD;
Intensive care unit admission for COVID-19 infection&#xD;
All cause death</description>
  </other_outcome>
  <number_of_arms>2</number_of_arms>
  <enrollment type="Actual">228</enrollment>
  <condition>COVID-19</condition>
  <arm_group>
    <arm_group_label>Treatment</arm_group_label>
    <arm_group_type>Experimental</arm_group_type>
    <description>Oral hydroxychloroquine 400 mg twice a day (two 200 mg tabs twice a day) on day 1 followed by two 200 mg tablets once a week for a total of 7 weeks.</description>
  </arm_group>
  <arm_group>
    <arm_group_label>Control</arm_group_label>
    <arm_group_type>No Intervention</arm_group_type>
    <description>Subjects who opt not to receive the study drug will undergo all procedures to form the control group</description>
  </arm_group>
  <intervention>
    <intervention_type>Drug</intervention_type>
    <intervention_name>Hydroxychloroquine</intervention_name>
    <description>Weekly treatment in individuals at high risk</description>
    <arm_group_label>Treatment</arm_group_label>
  </intervention>
  <eligibility>
    <criteria>
      <textblock>
        Inclusion Criteria:&#xD;
&#xD;
          1. Adult male and female healthcare workers ≥ 18 to ≤ 75 years of age upon study consent&#xD;
&#xD;
          2. Healthcare workers with&#xD;
&#xD;
             • One day or more of exposure to suspect and/or positive COVID-19 patients, including&#xD;
             but not limited to those working in the Emergency Department or Intensive Care Unit.&#xD;
&#xD;
             OR&#xD;
&#xD;
             • Unprotected exposure to a known positive COVID-19 patient within 72 hours of&#xD;
             screening.&#xD;
&#xD;
          3. Afebrile with no constitutional symptoms&#xD;
&#xD;
          4. Willing and able to comply with scheduled visits, treatment plan, and other study&#xD;
             procedures&#xD;
&#xD;
          5. Evidence of a personally signed and dated informed consent document indicating that&#xD;
             the subject (or a legally acceptable representative) has been informed of all&#xD;
             pertinent aspects of the study prior to initiation of any subject-mandated procedures&#xD;
&#xD;
        Exclusion Criteria:&#xD;
&#xD;
          1. Participation in other investigational clinical trials for the treatment or prevention&#xD;
             of SARS-COV-2 infection within 30days&#xD;
&#xD;
          2. Unwilling to practice acceptable methods of birth control (both males who have&#xD;
             partners of childbearing potential and females of childbearing potential) during&#xD;
             Screening, while taking study drug, and for at least 30 days after the last dose of&#xD;
             study drug is ingested Note: the following criteria follow standard clinical practice&#xD;
             for FDA approved indications of this medication&#xD;
&#xD;
          3. Having a prior history of blood disorders such as aplastic anemia, agranulocytosis,&#xD;
             leukopenia, or thrombocytopenia&#xD;
&#xD;
          4. Having a prior history of glucose-6-phosphate dehydrogenase (G-6-PD) deficiency&#xD;
&#xD;
          5. Having dermatitis, psoriasis or porphyria&#xD;
&#xD;
          6. Taking Digoxin, Mefloquine, methotrexate, cyclosporine, praziquantel, antacids and&#xD;
             kaolin, cimetidine, ampicillin, Insulin or antidiabetic drugs, arrhythmogenic drugs,&#xD;
             antiepileptic drugs, loop, thiazide, and related diuretics, laxatives and enemas,&#xD;
             amphotericin B, high dose corticosteroids, and proton pump inhibitors, neostigmine,&#xD;
             praziquantel, Pyridostigmine, tamoxifen citrate&#xD;
&#xD;
          7. Allergies: 4-Aminoquinolines&#xD;
&#xD;
          8. Pre-existing retinopathy of the eye&#xD;
&#xD;
          9. Has a chronic liver disease or cirrhosis, including hepatitis B and/or untreated&#xD;
             hepatitis&#xD;
&#xD;
         10. Untreated or uncontrolled active bacterial, fungal infection&#xD;
&#xD;
         11. Known or suspected active drug or alcohol abuse, per investigator judgment&#xD;
&#xD;
         12. Women who are pregnant or breastfeeding&#xD;
&#xD;
         13. Known hypersensitivity to any component of the study drug&#xD;
&#xD;
         14. A known history of prolonged QT syndrome or history of additional risk factors for&#xD;
             torsades de pointe (e.g., heart failure, requires a lab test , family history of Long&#xD;
             QT Syndrome), or the use of concomitant medications that prolong the QT/QTc interval&#xD;
      </textblock>
    </criteria>
    <gender>All</gender>
    <minimum_age>18 Years</minimum_age>
    <maximum_age>75 Years</maximum_age>
    <healthy_volunteers>Accepts Healthy Volunteers</healthy_volunteers>
  </eligibility>
  <overall_official>
    <last_name>Peter A McCullough, MD, MPH</last_name>
    <role>Principal Investigator</role>
    <affiliation>Baylor Health Care System</affiliation>
  </overall_official>
  <location>
    <facility>
      <name>Baylor University Medical Center</name>
      <address>
        <city>Dallas</city>
        <state>Texas</state>
        <zip>75226</zip>
        <country>United States</country>
      </address>
    </facility>
  </location>
  <location_countries>
    <country>United States</country>
  </location_countries>
  <verification_date>May 2020</verification_date>
  <study_first_submitted>April 1, 2020</study_first_submitted>
  <study_first_submitted_qc>April 2, 2020</study_first_submitted_qc>
  <study_first_posted type="Actual">April 3, 2020</study_first_posted>
  <last_update_submitted>January 25, 2021</last_update_submitted>
  <last_update_submitted_qc>January 25, 2021</last_update_submitted_qc>
  <last_update_posted type="Actual">January 26, 2021</last_update_posted>
  <responsible_party>
    <responsible_party_type>Sponsor</responsible_party_type>
  </responsible_party>
  <keyword>hydroxychloroquine</keyword>
  <condition_browse>
    <!-- CAUTION:  The following MeSH terms are assigned with an imperfect algorithm            -->
    <mesh_term>Infection</mesh_term>
  </condition_browse>
  <intervention_browse>
    <!-- CAUTION:  The following MeSH terms are assigned with an imperfect algorithm            -->
    <mesh_term>Hydroxychloroquine</mesh_term>
  </intervention_browse>
  <patient_data>
    <sharing_ipd>No</sharing_ipd>
  </patient_data>
  <!-- Results have not yet been posted for this study                                          -->
</clinical_study>

