<?xml version="1.0" encoding="UTF-8"?>
<clinical_study rank="598">
  <!-- This xml conforms to an XML Schema at:
    https://clinicaltrials.gov/ct2/html/images/info/public.xsd -->
  <required_header>
    <download_date>ClinicalTrials.gov processed this data on February 08, 2021</download_date>
    <link_text>Link to the current ClinicalTrials.gov record.</link_text>
    <url>https://clinicaltrials.gov/show/NCT04333693</url>
  </required_header>
  <id_info>
    <org_study_id>RIV-2020-1</org_study_id>
    <nct_id>NCT04333693</nct_id>
  </id_info>
  <brief_title>Outcomes of Vascular Surgery in COVID-19 Infection: National Cohort Study</brief_title>
  <acronym>Covid-VAS</acronym>
  <official_title>Outcomes of Vascular Surgery in COVID-19 Infection: National Cohort Study (Covid-VAS)</official_title>
  <sponsors>
    <lead_sponsor>
      <agency>Vascular Investigation Network Spanish Society for Angiology and Vascular Surgery</agency>
      <agency_class>Other</agency_class>
    </lead_sponsor>
  </sponsors>
  <source>Vascular Investigation Network Spanish Society for Angiology and Vascular Surgery</source>
  <oversight_info>
    <has_dmc>No</has_dmc>
    <is_fda_regulated_drug>No</is_fda_regulated_drug>
    <is_fda_regulated_device>No</is_fda_regulated_device>
  </oversight_info>
  <brief_summary>
    <textblock>
      There is an urgent need to understand the outcomes of COVID-19 infected patients who undergo&#xD;
      surgery, specially vascular surgery. Capturing real-world data and sharing Spanish national&#xD;
      experience will inform the management of this complex group of patients who undergo surgery&#xD;
      throughout the COVID-19 pandemic, improving their clinical care.&#xD;
&#xD;
      The global community has recognised that rapid dissemination and completion of studies in&#xD;
      COVID-19 infected patients is a high priority, so we encourage all stakeholders (local&#xD;
      investigators, ethics committees, IRBs) to work as quickly as possible to approve this&#xD;
      project.&#xD;
&#xD;
      This investigator-led, non-commercial, non-interventional study is extremely low risk, or&#xD;
      even zero risk. This study does not collect any patient identifiable information (including&#xD;
      no dates) and data will not be analysed at hospital-level.&#xD;
    </textblock>
  </brief_summary>
  <detailed_description>
    <textblock>
      To determine 30-day mortality in patients with COVID-19 infection who undergo vascular&#xD;
      surgery.&#xD;
&#xD;
      This will inform future risk stratification, decision making, and patient consent.&#xD;
&#xD;
      Inclusion criteria&#xD;
&#xD;
      The inclusion criteria are:&#xD;
&#xD;
      • Adults (age ≥18 years) undergoing ANY type of vascular surgery in an operating theatre,&#xD;
      this includes open surgery, endovascular surgery or hybrid procedures.&#xD;
&#xD;
      AND&#xD;
&#xD;
      • Either before or after surgery: (i) lab test confirmed COVID-19 infection or (ii) clinical&#xD;
      diagnosis of COVID-19 infection (no test performed).&#xD;
&#xD;
      Therefore this study should capture:&#xD;
&#xD;
        -  emergency surgery patients with clinical diagnosis or lab confirmation of COVID-19&#xD;
           infection before surgery.&#xD;
&#xD;
        -  emergency surgery patients with clinical diagnosis or lab confirmation of COVID-19&#xD;
           infection after surgery.&#xD;
&#xD;
        -  elective surgery patients with clinical diagnosis or lab confirmation of COVID-19&#xD;
           infection after surgery. Patients who meet the inclusion criteria should be included&#xD;
           regardless of surgical indication (aneurysm, limb or visceral ischemia, carotid&#xD;
           stenosis, vascular trauma), anaesthetic type (local, regional, general), procedure type,&#xD;
           or surgical approach (open surgery, endovascular surgery, hybrid procedure).&#xD;
&#xD;
      At most sites it is anticipated that the number of eligible patients is likely to be low. If&#xD;
      possible all consecutive patients fulfilling inclusion criteria should be entered.&#xD;
&#xD;
      Study period Overall we plan to close data entry in September 2020 when the global pandemic&#xD;
      is likely to be over, however individual centres may select their own study windows,&#xD;
      depending on the timing of COVID-19 epidemic in their community.&#xD;
&#xD;
      Patient enrolment Ideally patients should be identified prospectively. However, given the&#xD;
      rapid progression of the global pandemic, there may be no further new cases of COVID-19&#xD;
      infection in some hospitals that treated large numbers of COVID-19 earlier in the pandemic.&#xD;
      It is important to capture the experience of these centres, therefore retrospective patient&#xD;
      identification and data entry is permitted.&#xD;
&#xD;
      Primary outcome&#xD;
&#xD;
        -  30-day mortality Secondary outcome&#xD;
&#xD;
        -  7-day mortality&#xD;
&#xD;
        -  30-day reoperation&#xD;
&#xD;
        -  Postoperative ICU admission&#xD;
&#xD;
        -  Postoperative respiratory failure&#xD;
&#xD;
        -  Postoperative acute respiratory distress syndrome (ARDS)&#xD;
&#xD;
        -  Postoperative sepsis&#xD;
&#xD;
      Data collection Data will be collected and stored online through a secure server running the&#xD;
      Spanish Society for Angiology and Vascular Surgery (SEACV) web application. This secure&#xD;
      server allows collaborators to enter and store data in a secure system. A designated&#xD;
      collaborator at each participating site will be provided with a project server login details,&#xD;
      allowing them to securely submit data on to the system. Only anonymised data will be uploaded&#xD;
      to the database. No patient identifiable data will be collected. Data collected will be on&#xD;
      comorbidities, physiological state, treatment/operation, and outcome. No dates (e.g. date of&#xD;
      surgery) will be collected. qSOFA and CURB-65 will be calculated based on the individual data&#xD;
      points entered.&#xD;
&#xD;
      Local approvals The principal investigator at each participating site is responsible for&#xD;
      obtaining necessary local approvals (e.g. research ethics committee or institutional review&#xD;
      board approvals).The first approval will be on the Valladolid East Ethics Committee for&#xD;
      Clinical Investigation.&#xD;
&#xD;
      Collaborators will be required to confirm that a local approval is in place at the time of&#xD;
      uploading each patient record to the study database.&#xD;
&#xD;
      Where an audit approval is needed, this can be either registered as service evaluation, or to&#xD;
      benchmark against an auditable standard (e.g. overall mortality after emergency surgery&#xD;
      should be &lt;15%).&#xD;
&#xD;
      Prior to formal local study approval, collaborators may prospectively collect data, but this&#xD;
      should not be uploaded to the database until approval is confirmed.&#xD;
&#xD;
      Analysis A detailed statistical analysis plan will be written. Analyses will be overseen by&#xD;
      the independent data monitoring committee (DMC). Reports will include description of the&#xD;
      primary and secondary outcomes in the cohort. Multivariable modelling will be undertaken to&#xD;
      CovidVAS protocol identify risk factors for 30-days mortality. Analyses will be stratified&#xD;
      according to whether or not diagnosis of COVID-19 was confirmed by a lab test. Interim&#xD;
      analyses will be performed as guided by the independent DMC. The first analysis will be&#xD;
      performed once 50 patients have been entered on to the database, and the frequency of&#xD;
      subsequent analyses will be agreed with the DMC. The decision to submit data for publication&#xD;
      will be agreed by the steering committee with the DMC. Hospital-level data will not be&#xD;
      released or published.&#xD;
&#xD;
      Authorship Collaborators from each site who contribute patients will be recognised on any&#xD;
      resulting publications as PubMed-citable co-authors.&#xD;
    </textblock>
  </detailed_description>
  <overall_status>Not yet recruiting</overall_status>
  <start_date type="Anticipated">April 1, 2020</start_date>
  <completion_date type="Anticipated">November 1, 2020</completion_date>
  <primary_completion_date type="Anticipated">October 1, 2020</primary_completion_date>
  <study_type>Observational [Patient Registry]</study_type>
  <has_expanded_access>No</has_expanded_access>
  <study_design_info>
    <observational_model>Cohort</observational_model>
    <time_perspective>Prospective</time_perspective>
  </study_design_info>
  <target_duration>6 Months</target_duration>
  <primary_outcome>
    <measure>30-days mortality</measure>
    <time_frame>30-days</time_frame>
    <description>30-days mortality after vascular surgery in patients with COVID-19 infection</description>
  </primary_outcome>
  <secondary_outcome>
    <measure>7-days mortality</measure>
    <time_frame>7-days</time_frame>
    <description>7-days mortality after vascular surgery in patients with COVID-19 infection</description>
  </secondary_outcome>
  <secondary_outcome>
    <measure>30-days reoperation</measure>
    <time_frame>30-days</time_frame>
    <description>30-days reoperation after vascular surgery in patients with COVID-19 infection</description>
  </secondary_outcome>
  <secondary_outcome>
    <measure>Postoperative ICU admission</measure>
    <time_frame>30-days</time_frame>
    <description>Postoperative ICU admission after vascular surgery in patients with COVID-19 infection</description>
  </secondary_outcome>
  <secondary_outcome>
    <measure>Postoperative respiratory failure</measure>
    <time_frame>30-days</time_frame>
    <description>Postoperative respiratory failure after vascular surgery in patients with COVID-19 infection</description>
  </secondary_outcome>
  <secondary_outcome>
    <measure>Postoperative acute respiratory distress syndrome (ARDS)</measure>
    <time_frame>30-days</time_frame>
    <description>Postoperative acute respiratory distress syndrome (ARDS) after vascular surgery in patients with COVID-19 infection</description>
  </secondary_outcome>
  <secondary_outcome>
    <measure>Postoperative sepsis</measure>
    <time_frame>30-days</time_frame>
    <description>Postoperative sepsis after vascular surgery in patients with COVID-19 infection</description>
  </secondary_outcome>
  <number_of_groups>1</number_of_groups>
  <enrollment type="Anticipated">50</enrollment>
  <condition>Vascular Surgical Procedures</condition>
  <condition>COVID-19</condition>
  <condition>Postoperative Complications</condition>
  <arm_group>
    <arm_group_label>Cases</arm_group_label>
    <description>Adults (age&gt;18years) undergoing any type of vascular surgery (open surgery, endovascular surgery or hybrid procedure) in an operating theatre and either before or after surgery: lab test confirmed COVID-19 or clinical diagnosis of COVI-19 infection (no test performed)</description>
  </arm_group>
  <intervention>
    <intervention_type>Procedure</intervention_type>
    <intervention_name>Vascular surgery</intervention_name>
    <description>Open vascular, endovascular or hybrid procedures</description>
    <arm_group_label>Cases</arm_group_label>
  </intervention>
  <eligibility>
    <study_pop>
      <textblock>
        Patients with COVID-19 infection who undergo vascular surgery.&#xD;
      </textblock>
    </study_pop>
    <sampling_method>Non-Probability Sample</sampling_method>
    <criteria>
      <textblock>
        Inclusion Criteria:&#xD;
&#xD;
          -  Adults (age ≥18 years) undergoing ANY type of vascular surgery in an operating&#xD;
             theatre, this includes obstetrics. AND&#xD;
&#xD;
          -  Either before or after surgery: (i) lab test confirmed COVID-19 infection or (ii)&#xD;
             clinical diagnosis of COVID-19 infection (no test performed).&#xD;
&#xD;
        Therefore this study should capture:&#xD;
&#xD;
          -  emergency surgery patients with clinical diagnosis or lab confirmation of COVID-19&#xD;
             infection before surgery.&#xD;
&#xD;
          -  emergency surgery patients with clinical diagnosis or lab confirmation of COVID-19&#xD;
             infection after surgery.&#xD;
&#xD;
          -  elective surgery patients with clinical diagnosis or lab confirmation of COVID-19&#xD;
             infection after surgery.&#xD;
&#xD;
        Exclusion Criteria:&#xD;
&#xD;
          -  Not informed consent signed.&#xD;
      </textblock>
    </criteria>
    <gender>All</gender>
    <minimum_age>18 Years</minimum_age>
    <maximum_age>N/A</maximum_age>
    <healthy_volunteers>No</healthy_volunteers>
  </eligibility>
  <overall_contact>
    <last_name>Enrique M San Norberto, MD, PhD, MsC</last_name>
    <phone>0034686754618</phone>
    <email>esannorberto@hotmail.com</email>
  </overall_contact>
  <overall_contact_backup>
    <last_name>Investigator Council</last_name>
    <phone>0034910569145</phone>
    <email>secretaria@seacv.es</email>
  </overall_contact_backup>
  <location>
    <facility>
      <name>Spanish Society for Angiology and Vascular Surgery</name>
      <address>
        <city>Madrid</city>
        <zip>28006</zip>
        <country>Spain</country>
      </address>
    </facility>
    <contact>
      <last_name>Enrique M San Norberto, MD, PhD, MsC</last_name>
      <phone>0034686754618</phone>
      <email>esannorberto@hotmail.com</email>
    </contact>
    <contact_backup>
      <last_name>Investigator Council</last_name>
      <phone>0034910569145</phone>
      <email>secretaria@seacv.es</email>
    </contact_backup>
    <investigator>
      <last_name>Enrique M San Norberto, MD, PhD, MsC</last_name>
      <role>Principal Investigator</role>
    </investigator>
    <investigator>
      <last_name>Joaquin de Haro, MD, PhD</last_name>
      <role>Sub-Investigator</role>
    </investigator>
    <investigator>
      <last_name>Carlos Vaquero, MD, PhD, Prof</last_name>
      <role>Sub-Investigator</role>
    </investigator>
    <investigator>
      <last_name>Luis Riera, MD, PhD</last_name>
      <role>Sub-Investigator</role>
    </investigator>
    <investigator>
      <last_name>Alvaro Torres, MD, PhD</last_name>
      <role>Sub-Investigator</role>
    </investigator>
    <investigator>
      <last_name>Raul Lara, MD, PhD</last_name>
      <role>Sub-Investigator</role>
    </investigator>
    <investigator>
      <last_name>Jorge Cuenca, MD, PhD</last_name>
      <role>Sub-Investigator</role>
    </investigator>
    <investigator>
      <last_name>Jorge Fernández-Noya, MD, PdD</last_name>
      <role>Sub-Investigator</role>
    </investigator>
    <investigator>
      <last_name>Sergi Bellmunt, MD, PhD</last_name>
      <role>Sub-Investigator</role>
    </investigator>
  </location>
  <location_countries>
    <country>Spain</country>
  </location_countries>
  <link>
    <url>http://www.seacv.es</url>
    <description>Spanish Society for Angiology and Vascular Surgery</description>
  </link>
  <reference>
    <citation>Zoia C, Bongetta D, Veiceschi P, Cenzato M, Di Meco F, Locatelli D, Boeris D, Fontanella MM. Neurosurgery during the COVID-19 pandemic: update from Lombardy, northern Italy. Acta Neurochir (Wien). 2020 Jun;162(6):1221-1222. doi: 10.1007/s00701-020-04305-w. Epub 2020 Mar 28.</citation>
    <PMID>32222820</PMID>
  </reference>
  <reference>
    <citation>Aminian A, Safari S, Razeghian-Jahromi A, Ghorbani M, Delaney CP. COVID-19 Outbreak and Surgical Practice: Unexpected Fatality in Perioperative Period. Ann Surg. 2020 Jul;272(1):e27-e29. doi: 10.1097/SLA.0000000000003925.</citation>
    <PMID>32221117</PMID>
  </reference>
  <reference>
    <citation>Ficarra V, Novara G, Abrate A, Bartoletti R, Crestani A, De Nunzio C, Giannarini G, Gregori A, Liguori G, Mirone V, Pavan N, Scarpa RM, Simonato A, Trombetta C, Tubaro A, Porpiglia F; Research Urology Network (RUN). Urology practice during the COVID-19 pandemic. Minerva Urol Nefrol. 2020 Jun;72(3):369-375. doi: 10.23736/S0393-2249.20.03846-1. Epub 2020 Mar 23.</citation>
    <PMID>32202401</PMID>
  </reference>
  <reference>
    <citation>Iacobucci G. Covid-19: all non-urgent elective surgery is suspended for at least three months in England. BMJ. 2020 Mar 18;368:m1106. doi: 10.1136/bmj.m1106.</citation>
    <PMID>32188602</PMID>
  </reference>
  <reference>
    <citation>Guan WJ, Ni ZY, Hu Y, Liang WH, Ou CQ, He JX, Liu L, Shan H, Lei CL, Hui DSC, Du B, Li LJ, Zeng G, Yuen KY, Chen RC, Tang CL, Wang T, Chen PY, Xiang J, Li SY, Wang JL, Liang ZJ, Peng YX, Wei L, Liu Y, Hu YH, Peng P, Wang JM, Liu JY, Chen Z, Li G, Zheng ZJ, Qiu SQ, Luo J, Ye CJ, Zhu SY, Zhong NS; China Medical Treatment Expert Group for Covid-19. Clinical Characteristics of Coronavirus Disease 2019 in China. N Engl J Med. 2020 Apr 30;382(18):1708-1720. doi: 10.1056/NEJMoa2002032. Epub 2020 Feb 28.</citation>
    <PMID>32109013</PMID>
  </reference>
  <verification_date>March 2020</verification_date>
  <study_first_submitted>March 31, 2020</study_first_submitted>
  <study_first_submitted_qc>April 2, 2020</study_first_submitted_qc>
  <study_first_posted type="Actual">April 3, 2020</study_first_posted>
  <last_update_submitted>April 2, 2020</last_update_submitted>
  <last_update_submitted_qc>April 2, 2020</last_update_submitted_qc>
  <last_update_posted type="Actual">April 3, 2020</last_update_posted>
  <responsible_party>
    <responsible_party_type>Sponsor</responsible_party_type>
  </responsible_party>
  <keyword>Vascular surgical procedures</keyword>
  <keyword>Endovascular procedures</keyword>
  <keyword>COVID-19</keyword>
  <keyword>Postoperative complications</keyword>
  <keyword>Prognosis</keyword>
  <condition_browse>
    <!-- CAUTION:  The following MeSH terms are assigned with an imperfect algorithm            -->
    <mesh_term>Postoperative Complications</mesh_term>
  </condition_browse>
  <patient_data>
    <sharing_ipd>Undecided</sharing_ipd>
    <ipd_description>No sharing plan available nowadays.</ipd_description>
  </patient_data>
  <!-- Results have not yet been posted for this study                                          -->
</clinical_study>

