<?xml version="1.0" encoding="UTF-8"?>
<clinical_study rank="3897">
  <!-- This xml conforms to an XML Schema at:
    https://clinicaltrials.gov/ct2/html/images/info/public.xsd -->
  <required_header>
    <download_date>ClinicalTrials.gov processed this data on February 08, 2021</download_date>
    <link_text>Link to the current ClinicalTrials.gov record.</link_text>
    <url>https://clinicaltrials.gov/show/NCT04293692</url>
  </required_header>
  <id_info>
    <org_study_id>Pr20200225</org_study_id>
    <nct_id>NCT04293692</nct_id>
  </id_info>
  <brief_title>Therapy for Pneumonia Patients iInfected by 2019 Novel Coronavirus</brief_title>
  <official_title>Human Umbilical Cord Mesenchymal Stem Cells Treatment for Pneumonia Patients Infected by 2019 Novel Coronavirus</official_title>
  <sponsors>
    <lead_sponsor>
      <agency>Puren Hospital Affiliated to Wuhan University of Science and Technology</agency>
      <agency_class>Other</agency_class>
    </lead_sponsor>
    <collaborator>
      <agency>Wuhan Hamilton Bio-technology Co., Ltd</agency>
      <agency_class>Other</agency_class>
    </collaborator>
  </sponsors>
  <source>Puren Hospital Affiliated to Wuhan University of Science and Technology</source>
  <oversight_info>
    <has_dmc>Yes</has_dmc>
    <is_fda_regulated_drug>No</is_fda_regulated_drug>
    <is_fda_regulated_device>No</is_fda_regulated_device>
  </oversight_info>
  <brief_summary>
    <textblock>
      The 2019 novel coronavirus pneumonia outbroken in Wuhan, China, which spread quickly to 26&#xD;
      countries worldwide and presented a serious threat to public health. It is mainly&#xD;
      characterized by fever, dry cough, shortness of breath and breathing difficulties. Some&#xD;
      patients may develop into rapid and deadly respiratory system injury with overwhelming&#xD;
      inflammation in the lung. Currently, there is no effective treatment in clinical practice.&#xD;
      The present clinical trial is to explore the safety and efficacy of Human Umbilical Cord&#xD;
      Mesenchymal Stem Cells (UC-MSCs) therapy for novel coronavirus pneumonia patients.&#xD;
    </textblock>
  </brief_summary>
  <detailed_description>
    <textblock>
      Since late December 2019, human pneumonia cases infected by a novel coronavirus (2019-nCoV)&#xD;
      were firstly identified in Wuhan, China. As the virus is contagious and of great epidemic,&#xD;
      more and more cases have found in other areas of China and abroad. Up to February 24, a total&#xD;
      of 77, 779 confirmed cases were reported in China. At present, there is no effective&#xD;
      treatment for patients identified with novel coronavirus pneumonia. Therefore, it's urgent to&#xD;
      explore more active therapeutic methods to cure the patients.&#xD;
&#xD;
      Recently, some clinical researches about the 2019 novel coronavirus pneumonia published in&#xD;
      The Lancet and The New England Journal of Medicine suggested that massive inflammatory cell&#xD;
      infiltration and inflammatory cytokines secretion were found in patients' lungs, alveolar&#xD;
      epithelial cells and capillary endothelial cells were damaged, causing acute lung injury. It&#xD;
      seems that the key to cure the pneumonia is to inhibit the inflammatory response, resulting&#xD;
      to reduce the damage of alveolar epithelial cells and endothelial cells and repair the&#xD;
      function of the lung.&#xD;
&#xD;
      Mesenchymal stem cells (MSCs) are widely used in basic research and clinical application.&#xD;
      They are proved to migrate to damaged tissues, exert anti-inflammatory and immunoregulatory&#xD;
      functions, promote the regeneration of damaged tissues and inhibit tissue fibrosis. Studies&#xD;
      have shown that MSCs can significantly reduce acute lung injury in mice caused by H9N2 and&#xD;
      H5N1 viruses by reducing the levels of proinflammatory cytokines and the recruitment of&#xD;
      inflammatory cells into the lungs. Compared with MSCs from other sources, human umbilical&#xD;
      cord-derived MSCs (UC-MSCs) have been widely applied to various diseases due to their&#xD;
      convenient collection, no ethical controversy, low immunogenicity, and rapid proliferation&#xD;
      rate. In our recent research, we confirmed that UC-MSCs can significantly reduce inflammatory&#xD;
      cell infiltration and inflammatory factors expression in lung tissue, and significantly&#xD;
      protect lung tissue from endotoxin (LPS) -induced acute lung injury in mice.&#xD;
&#xD;
      The purpose of this clinical study is to investigate safety and efficiency of UC-MSCs in&#xD;
      treating pneumonia patients infected by 2019-nCoV. The investigators planned to recruit 48&#xD;
      patients aged from 18 to 75 years old and had no severe underlying diseases. In the cell&#xD;
      treatment group, 24 patients received 0.5*10E6 UC-MSCs /kg body weight intravenously&#xD;
      treatment 4 times every other day besides conventional treatment. In the control group, other&#xD;
      24 patients received conventional treatment plus 4 times of placebo intravenously. The lung&#xD;
      CT, blood biochemical examination, lymphocyte subsets, inflammatory factors, 28-days&#xD;
      mortality, etc will be evaluated within 24h and 1, 2, 4, 8 weeks after UC-MSCs treatment.&#xD;
    </textblock>
  </detailed_description>
  <overall_status>Withdrawn</overall_status>
  <why_stopped>
    Patients were transferred to designated hospitals for treatment as needed, the clinical trials&#xD;
    cannot be conducted.&#xD;
  </why_stopped>
  <start_date type="Actual">February 24, 2020</start_date>
  <completion_date type="Actual">February 25, 2020</completion_date>
  <primary_completion_date type="Actual">February 25, 2020</primary_completion_date>
  <phase>N/A</phase>
  <study_type>Interventional</study_type>
  <has_expanded_access>No</has_expanded_access>
  <study_design_info>
    <allocation>Randomized</allocation>
    <intervention_model>Parallel Assignment</intervention_model>
    <primary_purpose>Treatment</primary_purpose>
    <masking>Triple (Participant, Care Provider, Outcomes Assessor)</masking>
  </study_design_info>
  <primary_outcome>
    <measure>Size of lesion area by chest imaging</measure>
    <time_frame>At baseline, Day 1, Week 1, Week 2, Week 4, Week 8</time_frame>
    <description>Evaluation of Pneumonia change</description>
  </primary_outcome>
  <primary_outcome>
    <measure>Blood oxygen saturation</measure>
    <time_frame>At baseline, Day 1, Week 1, Week 2, Week 4, Week 8</time_frame>
    <description>Evaluation of Pneumonia change</description>
  </primary_outcome>
  <secondary_outcome>
    <measure>Rate of mortality within 28-days</measure>
    <time_frame>At baseline, Day 1, Week 1, Week 2, Week 4, Week 8</time_frame>
    <description>Marker for efficacy of treatment</description>
  </secondary_outcome>
  <secondary_outcome>
    <measure>Sequential organ failure assessment</measure>
    <time_frame>At baseline, Day 1, Week 1, Week 2, Week 4, Week 8</time_frame>
    <description>0-4 score, the higher the score is, the poor of the prognosis will be.</description>
  </secondary_outcome>
  <secondary_outcome>
    <measure>Side effects in the UC-MSCs treatment group</measure>
    <time_frame>At baseline, Day 1, Week 1, Week 2, Week 4, Week 8</time_frame>
    <description>Number of participants with treatment-related adverse events</description>
  </secondary_outcome>
  <secondary_outcome>
    <measure>Electrocardiogram, the changes of ST-T interval mostly</measure>
    <time_frame>At baseline, Day 1, Week 1, Week 2, Week 4, Week 8</time_frame>
    <description>Markers of the heart function</description>
  </secondary_outcome>
  <secondary_outcome>
    <measure>Concentration of C-reactive protein C-reactive protein, immunoglobulin</measure>
    <time_frame>At baseline, Day 1, Week 1, Week 2, Week 4, Week 8</time_frame>
    <description>Markers of infection</description>
  </secondary_outcome>
  <secondary_outcome>
    <measure>CD4+ and CD8+ T cells count</measure>
    <time_frame>At baseline, Day 1, Week 1, Week 2, Week 4, Week 8</time_frame>
    <description>Marker of Immunology and inflammation</description>
  </secondary_outcome>
  <secondary_outcome>
    <measure>Concentration of the blood cytokine (IL-1β, IL-6, IL-8,IL-10,TNF-α)</measure>
    <time_frame>At baseline, Day 1, Week 1, Week 2, Week 4, Week 8</time_frame>
    <description>Marker of Immunology and inflammation</description>
  </secondary_outcome>
  <secondary_outcome>
    <measure>Concentration of the myocardial enzymes</measure>
    <time_frame>At baseline, Day 1, Week 1, Week 2, Week 4, Week 8</time_frame>
    <description>Markers of the heart function</description>
  </secondary_outcome>
  <number_of_arms>2</number_of_arms>
  <enrollment type="Actual">0</enrollment>
  <condition>COVID-19</condition>
  <arm_group>
    <arm_group_label>UC-MSCs treatment group</arm_group_label>
    <arm_group_type>Experimental</arm_group_type>
    <description>Participants will receive conventional treatment plus 4 times of 0.5*10E6 UC-MSCs /kg body weight intravenously at Day1, Day3, Day5, Day7).</description>
  </arm_group>
  <arm_group>
    <arm_group_label>Control group</arm_group_label>
    <arm_group_type>Placebo Comparator</arm_group_type>
    <description>Participants will receive conventional treatment plus 4 times of Placebo intravenously at Day1, Day3, Day5, Day7.</description>
  </arm_group>
  <intervention>
    <intervention_type>Biological</intervention_type>
    <intervention_name>UC-MSCs</intervention_name>
    <description>0.5*10E6 UC-MSCs /kg body weight suspended in 100mL saline containing 1% human albumin intravenously at Day1, Day3, Day5, Day7</description>
    <arm_group_label>UC-MSCs treatment group</arm_group_label>
  </intervention>
  <intervention>
    <intervention_type>Other</intervention_type>
    <intervention_name>Placebo</intervention_name>
    <description>100mL saline containing 1% human albumin intravenously at Day 1, Day 3, Day 5, Day 7</description>
    <arm_group_label>Control group</arm_group_label>
  </intervention>
  <eligibility>
    <criteria>
      <textblock>
        Inclusion Criteria:&#xD;
&#xD;
          1. Male or female, 18 years old ≤ age ≤ 75years old;&#xD;
&#xD;
          2. CT image is characteristic of 2019 novel coronavirus pneumonia;&#xD;
&#xD;
          3. Laboratory confirmation of 2019-nCoV infection by reverse-transcription polymerase&#xD;
             chain reaction (RT-PCR);&#xD;
&#xD;
          4. In compliance with the 2019-nCoV pneumonia diagnosis standard (according to the novel&#xD;
             coronavirus infection pneumonia diagnosis and treatment program (Trial Implementation&#xD;
             Version 6) issued by the National Health and Medical Commission, and WHO 2019 new&#xD;
             coronavirus guidelines standards): (A) increased breathing rate (≥30 beats / min),&#xD;
             difficulty breathing, cyanosis of the lips; (B) in resting state, means oxygen&#xD;
             saturation ≤93%; (C) partial pressure of arterial oxygen (PaO2) / Fraction of inspired&#xD;
             oxygen (FiO2) ≤300 mmHg (1mmHg = 0.133kPa);&#xD;
&#xD;
        Exclusion Criteria:&#xD;
&#xD;
          1. Patients with severe allergies or allergies to stem cells;&#xD;
&#xD;
          2. Patients with serious basic diseases that affect survival, including: blood diseases,&#xD;
             cachexia, active bleeding, severe malnutrition, etc.;&#xD;
&#xD;
          3. Patients with pulmonary obstructive pneumonia, severe pulmonary interstitial fibrosis,&#xD;
             alveolar proteinosis, allergic alveolitis, and other known viral pneumonia or&#xD;
             bacterial pneumonia;&#xD;
&#xD;
          4. Continuous use of immunosuppressive agents or organ transplants in the past 6 months;&#xD;
&#xD;
          5. In vitro life support (ECMO, ECCO2R, RRT);&#xD;
&#xD;
          6. Expected deaths within 48 hours, uncontrolled infections;&#xD;
&#xD;
          7. Patients with malignant blood-borne diseases such as HIV or syphilis;&#xD;
&#xD;
          8. Patient with pregnancy, are planning to become pregnant or breastfeeding;&#xD;
&#xD;
          9. Patients with poor compliance and unable to complete the full study;&#xD;
&#xD;
         10. The investigator determines that there may be increased risk of the subject or other&#xD;
             conditions that interfere with the clinical trial and the judgment of the results&#xD;
             (such as excessive stress, sensitivity or cognitive impairment, etc.);&#xD;
&#xD;
         11. There are other situations that the researchers think are not suitable to participate&#xD;
             in this clinical study&#xD;
      </textblock>
    </criteria>
    <gender>All</gender>
    <minimum_age>18 Years</minimum_age>
    <maximum_age>75 Years</maximum_age>
    <healthy_volunteers>No</healthy_volunteers>
  </eligibility>
  <location>
    <facility>
      <name>Puren Hospital Affiliated to Wuhan University of Science and Technology</name>
      <address>
        <city>Wuhan</city>
        <state>Hubei</state>
        <zip>430081</zip>
        <country>China</country>
      </address>
    </facility>
  </location>
  <location_countries>
    <country>China</country>
  </location_countries>
  <verification_date>March 2020</verification_date>
  <study_first_submitted>February 24, 2020</study_first_submitted>
  <study_first_submitted_qc>February 29, 2020</study_first_submitted_qc>
  <study_first_posted type="Actual">March 3, 2020</study_first_posted>
  <last_update_submitted>March 15, 2020</last_update_submitted>
  <last_update_submitted_qc>March 15, 2020</last_update_submitted_qc>
  <last_update_posted type="Actual">March 18, 2020</last_update_posted>
  <responsible_party>
    <responsible_party_type>Sponsor</responsible_party_type>
  </responsible_party>
  <condition_browse>
    <!-- CAUTION:  The following MeSH terms are assigned with an imperfect algorithm            -->
    <mesh_term>Pneumonia</mesh_term>
  </condition_browse>
  <!-- Results have not yet been posted for this study                                          -->
</clinical_study>

