<?xml version="1.0" encoding="UTF-8"?>
<clinical_study rank="3416">
  <!-- This xml conforms to an XML Schema at:
    https://clinicaltrials.gov/ct2/html/images/info/public.xsd -->
  <required_header>
    <download_date>ClinicalTrials.gov processed this data on February 08, 2021</download_date>
    <link_text>Link to the current ClinicalTrials.gov record.</link_text>
    <url>https://clinicaltrials.gov/show/NCT04321369</url>
  </required_header>
  <id_info>
    <org_study_id>20-001</org_study_id>
    <nct_id>NCT04321369</nct_id>
  </id_info>
  <brief_title>Impact of Swab Site and Sample Collector on Testing Sensitivity for COVID-19 Virus in Symptomatic Individuals</brief_title>
  <official_title>Impact of Swab Site and Sample Collector on Testing Sensitivity for COVID-19 Virus in Symptomatic Individuals</official_title>
  <sponsors>
    <lead_sponsor>
      <agency>Dr. Deneen Vojta</agency>
      <agency_class>Industry</agency_class>
    </lead_sponsor>
    <collaborator>
      <agency>Quest Diagnostics</agency>
      <agency_class>Industry</agency_class>
    </collaborator>
    <collaborator>
      <agency>Bill and Melinda Gates Foundation</agency>
      <agency_class>Other</agency_class>
    </collaborator>
  </sponsors>
  <source>UnitedHealth Group</source>
  <oversight_info>
    <is_fda_regulated_drug>No</is_fda_regulated_drug>
    <is_fda_regulated_device>No</is_fda_regulated_device>
  </oversight_info>
  <brief_summary>
    <textblock>
      Operational project to compare clinician collected nasopharyngeal (NP) samples to&#xD;
      patient-obtained tongue, nasal and mid-turbinate (MT) samples in the detection of SARS-CoV-2&#xD;
      in an outpatient clinic setting&#xD;
    </textblock>
  </brief_summary>
  <detailed_description>
    <textblock>
      This work will serve both the Everett Clinic and broader UnitedHealth Group patient&#xD;
      populations as well as advance the public health emergency (PHE) response to the community&#xD;
      spread of SARS-CoV-2 virus, especially as the number of cases and deaths continues to rise in&#xD;
      many geographies. Leveraging our presence in the Seattle/Puget Sound area with Everett&#xD;
      Clinic, we intend to develop a model that can screen a large number of patients at varying&#xD;
      levels of risk and manifestation of clinical symptoms while conserving personal protective&#xD;
      equipment (PPE) and decreasing transmission risk to health care workers. This will also serve&#xD;
      to support the enterprise and public health response. Towards this goal, we must first assess&#xD;
      the equivalence between clinician-collected nasopharyngeal (NP) samples to patient-collected&#xD;
      tongue, nasal, and mid-turbinate (MT) samples to detect SARS-CoV-2 across a broad&#xD;
      cross-section of the population.&#xD;
    </textblock>
  </detailed_description>
  <overall_status>Completed</overall_status>
  <start_date type="Actual">March 9, 2020</start_date>
  <completion_date type="Actual">March 23, 2020</completion_date>
  <primary_completion_date type="Actual">March 23, 2020</primary_completion_date>
  <study_type>Observational</study_type>
  <has_expanded_access>No</has_expanded_access>
  <study_design_info>
    <observational_model>Case-Only</observational_model>
    <time_perspective>Retrospective</time_perspective>
  </study_design_info>
  <primary_outcome>
    <measure>Accuracy of patient administered tests</measure>
    <time_frame>2 weeks</time_frame>
    <description>compare clinician collected nasopharyngeal (NP) samples to patient-obtained tongue, nasal and mid-turbinate (MT) samples in the detection of SARS-CoV-2 in an outpatient clinic setting</description>
  </primary_outcome>
  <enrollment type="Actual">533</enrollment>
  <condition>Infections, Respiratory</condition>
  <condition>Fever</condition>
  <condition>Cough</condition>
  <intervention>
    <intervention_type>Diagnostic Test</intervention_type>
    <intervention_name>Testing Sensitivity for SARS-CoV-2 Virus in Symptomatic Individuals</intervention_name>
    <description>This is an operational project. Patients will collect a sample from the tongue, nasal cavity and MT and then clinicians will collect a NP sample from the nostril corresponding to each participant's dominant hand.</description>
  </intervention>
  <biospec_retention>None Retained</biospec_retention>
  <biospec_descr>
    <textblock>
      Four nasal swabs will be collected on each participant&#xD;
    </textblock>
  </biospec_descr>
  <eligibility>
    <study_pop>
      <textblock>
        Patients presenting symptoms indicative of an upper respiratory infection visiting one of&#xD;
        the five Everett Clinic sites of during the study duration while the operational project is&#xD;
        occurring are eligible to participate in the project.&#xD;
      </textblock>
    </study_pop>
    <sampling_method>Non-Probability Sample</sampling_method>
    <criteria>
      <textblock>
        Inclusion Criteria:&#xD;
&#xD;
          -  Able to consent and agree to participate in the project after discussing the project&#xD;
&#xD;
          -  Coming to The Everett Clinic during the operational project duration&#xD;
&#xD;
          -  Evidence of upper respiratory symptoms suggesting higher risk of testing positive for&#xD;
             SARS-CoV-2 virus.&#xD;
&#xD;
        Exclusion Criteria:&#xD;
&#xD;
          -  Not able to demonstrate understanding of the study&#xD;
&#xD;
          -  Not willing to commit to having all four samples collected&#xD;
&#xD;
          -  Medical history evidencing any of the following&#xD;
&#xD;
               -  Active nosebleed in the past 24 hours&#xD;
&#xD;
               -  Nasal surgery in the past two weeks&#xD;
&#xD;
               -  Chemotherapy treatment with low platelet and low white blood cell counts&#xD;
&#xD;
               -  Acute facial trauma&#xD;
      </textblock>
    </criteria>
    <gender>All</gender>
    <minimum_age>N/A</minimum_age>
    <maximum_age>N/A</maximum_age>
    <healthy_volunteers>No</healthy_volunteers>
  </eligibility>
  <overall_official>
    <last_name>Ethan Berke, MD</last_name>
    <role>Principal Investigator</role>
    <affiliation>UnitedHealth Group</affiliation>
  </overall_official>
  <location>
    <facility>
      <name>Everett Clinic</name>
      <address>
        <city>Seattle</city>
        <state>Washington</state>
        <zip>98133</zip>
        <country>United States</country>
      </address>
    </facility>
  </location>
  <location_countries>
    <country>United States</country>
  </location_countries>
  <results_reference>
    <citation>Coronavirus Disease 2019 (COVID-19) in the US. Centers for Disease Control and Prevention, accessed March 13, 2020. https://www.cdc.gov/coronavirus/2019-ncov/cases-in-us.html</citation>
  </results_reference>
  <results_reference>
    <citation>Personal communication per Dr. Scott Lindquist, MD State of Washington Epidemiologist (March 2020</citation>
  </results_reference>
  <results_reference>
    <citation>Anderson RM, Heesterbeek H, Klinkenberg D, Hollingsworth TD. How will country-based mitigation measures influence the course of the COVID-19 epidemic? Lancet. 2020 Mar 21;395(10228):931-934. doi: 10.1016/S0140-6736(20)30567-5. Epub 2020 Mar 9.</citation>
    <PMID>32164834</PMID>
  </results_reference>
  <results_reference>
    <citation>Frazee BW, Rodríguez-Hoces de la Guardia A, Alter H, Chen CG, Fuentes EL, Holzer AK, Lolas M, Mitra D, Vohra J, Dekker CL. Accuracy and Discomfort of Different Types of Intranasal Specimen Collection Methods for Molecular Influenza Testing in Emergency Department Patients. Ann Emerg Med. 2018 Apr;71(4):509-517.e1. doi: 10.1016/j.annemergmed.2017.09.010. Epub 2017 Nov 24.</citation>
    <PMID>29174837</PMID>
  </results_reference>
  <verification_date>April 2020</verification_date>
  <study_first_submitted>March 23, 2020</study_first_submitted>
  <study_first_submitted_qc>March 23, 2020</study_first_submitted_qc>
  <study_first_posted type="Actual">March 25, 2020</study_first_posted>
  <last_update_submitted>April 9, 2020</last_update_submitted>
  <last_update_submitted_qc>April 9, 2020</last_update_submitted_qc>
  <last_update_posted type="Actual">April 13, 2020</last_update_posted>
  <responsible_party>
    <responsible_party_type>Sponsor-Investigator</responsible_party_type>
    <investigator_affiliation>UnitedHealth Group</investigator_affiliation>
    <investigator_full_name>Dr. Deneen Vojta</investigator_full_name>
    <investigator_title>Executive Vice President and Chief Medical Officer, UHG R&amp;D</investigator_title>
  </responsible_party>
  <condition_browse>
    <!-- CAUTION:  The following MeSH terms are assigned with an imperfect algorithm            -->
    <mesh_term>Respiratory Tract Infections</mesh_term>
  </condition_browse>
  <patient_data>
    <sharing_ipd>Yes</sharing_ipd>
    <ipd_description>All patients who participate in this operational pilot will have standard COVID-19 screening information entered into their electronic medical record. The collection locations and source of collection (medical personnel versus patient) will need to be clearly distinguished for the purposes of this project. Data resulting from analysis of the samples will also be stored in the electronic medical record and any positive results will be reported accordingly to public health officials as required. The data collected due to this operational effort will be extracted from the medical record and stored for additional research analysis to demonstrate equivalence between location in the nose for the collection of the sample and similarity between sample collected by medical personnel and samples collected by the patient. Data will be shared between the participating clinics, UHG and collaborating partners performing the analysis of the samples and returning results.</ipd_description>
    <ipd_info_type>Study Protocol</ipd_info_type>
    <ipd_time_frame>March 2020 - June 2020</ipd_time_frame>
    <ipd_access_criteria>. Data will be shared between the participating clinics, UHG and collaborating partners performing the analysis of the samples and returning results as outlined in data sharing agreements.</ipd_access_criteria>
  </patient_data>
  <!-- Results have not yet been posted for this study                                          -->
</clinical_study>

