<?xml version="1.0" encoding="UTF-8"?>
<clinical_study rank="4362">
  <!-- This xml conforms to an XML Schema at:
    https://clinicaltrials.gov/ct2/html/images/info/public.xsd -->
  <required_header>
    <download_date>ClinicalTrials.gov processed this data on February 08, 2021</download_date>
    <link_text>Link to the current ClinicalTrials.gov record.</link_text>
    <url>https://clinicaltrials.gov/show/NCT04322773</url>
  </required_header>
  <id_info>
    <org_study_id>APPI2-CV-2020-01</org_study_id>
    <nct_id>NCT04322773</nct_id>
  </id_info>
  <brief_title>Anti-il6 Treatment of Serious COVID-19 Disease With Threatening Respiratory Failure</brief_title>
  <acronym>TOCIVID</acronym>
  <official_title>Effectiveness of Interleukin-6 Receptor Inhibitors in the Management of Patients With Severe SARS-CoV-2 Pneumonia: An Open-Label, Multicenter Sequential and Cluster Randomized Trial</official_title>
  <sponsors>
    <lead_sponsor>
      <agency>Marius Henriksen</agency>
      <agency_class>Other</agency_class>
    </lead_sponsor>
  </sponsors>
  <source>Frederiksberg University Hospital</source>
  <oversight_info>
    <has_dmc>No</has_dmc>
    <is_fda_regulated_drug>No</is_fda_regulated_drug>
    <is_fda_regulated_device>No</is_fda_regulated_device>
    <is_us_export>No</is_us_export>
  </oversight_info>
  <brief_summary>
    <textblock>
      Coronavirus disease 2019 (COVID-19) is caused by the newly discovered coronavirus,&#xD;
      SARS-CoV-2. The median time from onset of symptoms of COVID-19 to development of acute&#xD;
      respiratory distress syndrome (ARDS) has been reported as short as 9 days. No effective&#xD;
      prophylactic or post-exposure therapy is currently available. According to data from the&#xD;
      Danish Health Authority (www.sst.dk/corona), as of March 21st, 2020, there were 1326 patients&#xD;
      infected with the disease in Denmark, more than 250 are admitted to a hospital, and &gt;50 of&#xD;
      them have required intensive care. Nearly 350.000 cases and 15.000 deaths have been reported&#xD;
      globally. These numbers are likely to markedly increase during the coming weeks, challenging&#xD;
      the capacity of health systems worldwide.&#xD;
&#xD;
      In patients infected with SARS-CoV-2, it has been described that disease severity and&#xD;
      outcomes are related to the characteristics of the immune response. Interleukin (IL)-6 and&#xD;
      other components of the inflammatory cascade contribute to host defense against infections.&#xD;
      However, exaggerated synthesis of IL-6 can lead to an acute severe systemic inflammatory&#xD;
      response known as 'cytokine storm'. In the pathogenesis of SARS-CoV-2 pneumonia, a study&#xD;
      found that a cytokine storm involving a considerable release of proinflammatory cytokines&#xD;
      occurred, including IL-6, IL-12, and tumor necrosis factor α (TNF-α). Studies on the Middle&#xD;
      East respiratory syndrome caused by another coronavirus (MERS-CoV), indicate that cytokine&#xD;
      genes of IL-6, IL-1β, and IL-8 can be markedly upregulated. Similarly, patients with&#xD;
      SARS-CoV-2 pneumonia admitted to an intensive care unit had higher plasma levels of cytokines&#xD;
      including IL-6, IL-2, IL-7, IL-10, granulocyte-colony stimulating factor (G-CSF),&#xD;
      interferon-γ-inducible protein (IP10), monocyte chemoattractant protein (MCP1), macrophage&#xD;
      inflammatory protein 1 alpha (MIP1A), and TNF-α. These findings indicate that the magnitude&#xD;
      and characteristics of the cytokine response is related to the severity and prognosis of&#xD;
      patients with SARS-CoV-2 pneumonia.&#xD;
&#xD;
      It has been suggested that IL-6 blockade may constitute a novel therapeutic strategy for&#xD;
      other types of cytokine storm, such as the systemic inflammatory response syndrome including&#xD;
      sepsis, macrophage activation syndrome and hemophagocytic lymphohistiocytosis. Remarkable&#xD;
      beneficial effects of IL-6 blockade therapy using a IL-6 receptor inhibitor has been&#xD;
      described in patients with severe SARS-CoV-2 pneumonia in a retrospective case series from&#xD;
      China.&#xD;
&#xD;
      Currently, there are two available drugs based on human monoclonal antibodies against IL-6&#xD;
      receptor, tocilizumab (RoActemra, Roche) and sarilumab (Kevzara, Sanofi). IL-6 receptor&#xD;
      inhibitors are currently licensed for several autoimmune disorders and are considered well&#xD;
      tolerated and safe in general. The most common side effects reported are upper respiratory&#xD;
      tract infections, headache, hypertension, and abnormal liver function tests. The most serious&#xD;
      side effects are serious infections, complications of diverticulitis, and hypersensitivity&#xD;
      reactions.&#xD;
&#xD;
      it is hypothesized that IL-6 might play a key role in the cytokine storm associated with&#xD;
      serious adverse outcomes in patients infected with SARS-CoV-2 pneumonia, and that blockade of&#xD;
      IL-6 would be suitable therapeutic target for these patients. The study will investigate the&#xD;
      effect of different types of IL-6 inhibition versus no adjuvant treatment compared to&#xD;
      standard of care in patients with severe SARS-CoV-2 pneumonia.&#xD;
&#xD;
      Primary objective: To compare the effect of either one of three IL-6 inhibitor&#xD;
      administrations, relative to the standard of care, on time to independence from supplementary&#xD;
      oxygen therapy, measured in days from baseline to day 28, in patients with severe SARS-CoV-2&#xD;
      pneumonia.&#xD;
    </textblock>
  </brief_summary>
  <overall_status>Terminated</overall_status>
  <why_stopped>
    The study has been terminated due to changed clinical conditions and too few patients available&#xD;
  </why_stopped>
  <start_date type="Actual">April 5, 2020</start_date>
  <completion_date type="Actual">October 8, 2020</completion_date>
  <primary_completion_date type="Actual">October 8, 2020</primary_completion_date>
  <phase>Phase 2</phase>
  <study_type>Interventional</study_type>
  <has_expanded_access>No</has_expanded_access>
  <study_design_info>
    <allocation>Randomized</allocation>
    <intervention_model>Sequential Assignment</intervention_model>
    <primary_purpose>Treatment</primary_purpose>
    <masking>None (Open Label)</masking>
  </study_design_info>
  <primary_outcome>
    <measure>Time to independence from supplementary oxygen therapy</measure>
    <time_frame>days from enrolment up 28 days</time_frame>
  </primary_outcome>
  <secondary_outcome>
    <measure>Number of deaths</measure>
    <time_frame>28 days from enrolment</time_frame>
  </secondary_outcome>
  <secondary_outcome>
    <measure>Days out of hospital and alive</measure>
    <time_frame>28 days from enrolment</time_frame>
  </secondary_outcome>
  <secondary_outcome>
    <measure>Ventilator free days alive and out of hospital</measure>
    <time_frame>28 days from enrolment</time_frame>
  </secondary_outcome>
  <secondary_outcome>
    <measure>C-reactive protein (CRP) level</measure>
    <time_frame>baseline</time_frame>
    <description>Measured from standard blood test</description>
  </secondary_outcome>
  <secondary_outcome>
    <measure>C-reactive protein (CRP) level</measure>
    <time_frame>peak during hospitalisation, up to 28 days</time_frame>
    <description>Measured from standard blood test</description>
  </secondary_outcome>
  <secondary_outcome>
    <measure>C-reactive protein (CRP) level</measure>
    <time_frame>14 days</time_frame>
    <description>Measured from standard blood test</description>
  </secondary_outcome>
  <secondary_outcome>
    <measure>C-reactive protein (CRP) level</measure>
    <time_frame>28 days</time_frame>
    <description>Measured from standard blood test</description>
  </secondary_outcome>
  <secondary_outcome>
    <measure>Number of participants with serious adverse events</measure>
    <time_frame>During treatment, up to 28 days</time_frame>
    <description>Measured as occurrence of any serious adverse events</description>
  </secondary_outcome>
  <number_of_arms>4</number_of_arms>
  <enrollment type="Actual">20</enrollment>
  <condition>Corona Virus Disease</condition>
  <arm_group>
    <arm_group_label>Roactemra iv</arm_group_label>
    <arm_group_type>Experimental</arm_group_type>
    <description>Single dose treatment with 400 mg tocilizumab intravensously</description>
  </arm_group>
  <arm_group>
    <arm_group_label>Roactemra sc</arm_group_label>
    <arm_group_type>Experimental</arm_group_type>
    <description>Single dose treatment with 2 x 162 mg tocilizumab subcutaneously</description>
  </arm_group>
  <arm_group>
    <arm_group_label>Kevzara sc</arm_group_label>
    <arm_group_type>Experimental</arm_group_type>
    <description>Single dose treatment with 1 x 200 mg sarilumab subcutaneously</description>
  </arm_group>
  <arm_group>
    <arm_group_label>Standard care</arm_group_label>
    <arm_group_type>Active Comparator</arm_group_type>
    <description>Management as usual</description>
  </arm_group>
  <intervention>
    <intervention_type>Drug</intervention_type>
    <intervention_name>RoActemra iv</intervention_name>
    <description>single dose treatment with tocilizumab 400 mg intravenously</description>
    <arm_group_label>Roactemra iv</arm_group_label>
    <other_name>tocilizumab 400 mg</other_name>
  </intervention>
  <intervention>
    <intervention_type>Drug</intervention_type>
    <intervention_name>RoActemra sc</intervention_name>
    <description>single dose treatment with tocilizumab 2 x 162 mg subcutaneously</description>
    <arm_group_label>Roactemra sc</arm_group_label>
    <other_name>tocilizumab 2 x 162 mg</other_name>
  </intervention>
  <intervention>
    <intervention_type>Drug</intervention_type>
    <intervention_name>Kevzara sc</intervention_name>
    <description>single dose treatment with sarilumab 1 x 200 mg subcutaneously</description>
    <arm_group_label>Kevzara sc</arm_group_label>
    <other_name>sarilumab 1 x 200 mg</other_name>
  </intervention>
  <intervention>
    <intervention_type>Other</intervention_type>
    <intervention_name>Standard medical care</intervention_name>
    <description>management as usual</description>
    <arm_group_label>Kevzara sc</arm_group_label>
    <arm_group_label>Roactemra iv</arm_group_label>
    <arm_group_label>Roactemra sc</arm_group_label>
    <arm_group_label>Standard care</arm_group_label>
  </intervention>
  <eligibility>
    <criteria>
      <textblock>
        Inclusion Criteria:&#xD;
&#xD;
          -  SARS-CoV-2 infection confirmed by real time-PCR and&#xD;
&#xD;
          -  Positive imaging: consolidation, ground glass opacities, or bilateral pulmonary&#xD;
             infiltration either by CT-scan or chest x-ray; and&#xD;
&#xD;
          -  Need of oxygen therapy to maintain SO2&gt;94% OR FiO2/PaO2 &gt; 20 and at least two of the&#xD;
             following laboratory measures:&#xD;
&#xD;
          -  CRP level &gt;70 mg/L&#xD;
&#xD;
          -  CRP level &gt;= 40 mg/L and doubled within 48 hours (without other confirmed infectious&#xD;
             or non-infectious course),&#xD;
&#xD;
          -  Lactatdehydrogenase &gt; 250 U/L,&#xD;
&#xD;
          -  thrombocytopenia &lt; 120.000 x 10E9/L,&#xD;
&#xD;
          -  lymphocyte count &lt; 0.6 x 10E9/L,&#xD;
&#xD;
          -  D-dimer &gt; 1 ug/mL,&#xD;
&#xD;
          -  serum ferritin &gt; 300 ug/mL&#xD;
&#xD;
        Exclusion Criteria:&#xD;
&#xD;
          -  pregnancy suspected or confirmed,&#xD;
&#xD;
          -  severe heart failure,&#xD;
&#xD;
          -  suspected or confirmed bacterial infection,&#xD;
&#xD;
          -  current solid or hematological malignancy,&#xD;
&#xD;
          -  neutropenia,&#xD;
&#xD;
          -  ALAT elevation more than three times the laboratory upper limit,&#xD;
&#xD;
          -  ASA class 5 (after COVID19 admission) or higher at inclusion (prior admission),&#xD;
&#xD;
          -  severe chronic obstructive pulmonary disease or heart failure (NYHA class II or&#xD;
             higher),&#xD;
&#xD;
          -  pregnant or lactating women,&#xD;
&#xD;
          -  current treatment with conventional synthetic disease-modifying antirheumatic drugs&#xD;
             (DMARDs)/immunosuppressive agents including IL-6 inhibitors, or with Janus kinase&#xD;
             inhibitors (JAKi) in the past 30 days or plans to receive during the study period,&#xD;
&#xD;
          -  current use of chronic oral corticosteroids in a dose higher than prednisone 10 mg or&#xD;
             equivalent per day,&#xD;
&#xD;
          -  previous or active tuberculosis (TB),&#xD;
&#xD;
          -  HIV infection regardless of immunological status, hepatitis,&#xD;
&#xD;
          -  evidence of recent (30 days) invasive bacterial or fungal infections,&#xD;
&#xD;
          -  patients who have received immunosuppressive antibody therapy within the past 5&#xD;
             months, including intravenous immunoglobulin or plans to receive during the study&#xD;
             period,&#xD;
&#xD;
          -  IV drug abuse,&#xD;
&#xD;
          -  history of inflammatory bowel disease,&#xD;
&#xD;
          -  diverticulitis,&#xD;
&#xD;
          -  ulcer,&#xD;
&#xD;
          -  perforated gastrointestinal tract,&#xD;
&#xD;
          -  participation in any clinical research study evaluating an investigational product&#xD;
             (IP) or therapy within 3 months and less than five half-lives of IP prior inclusion to&#xD;
             the study,&#xD;
&#xD;
          -  any physical examination findings and/or history of any illness that, in the opinion&#xD;
             of the study investigator, might confound the results of the study or pose an&#xD;
             additional risk to the patient by their participation in the study,&#xD;
&#xD;
          -  inability to give informed consent.&#xD;
      </textblock>
    </criteria>
    <gender>All</gender>
    <minimum_age>18 Years</minimum_age>
    <maximum_age>N/A</maximum_age>
    <healthy_volunteers>No</healthy_volunteers>
  </eligibility>
  <overall_official>
    <last_name>Lars Erik Kristensen, PhD</last_name>
    <role>Principal Investigator</role>
    <affiliation>The Parker Institute</affiliation>
  </overall_official>
  <location>
    <facility>
      <name>Bispebjerg-Frederiksberg Hospital</name>
      <address>
        <city>Copenhagen</city>
        <zip>2000</zip>
        <country>Denmark</country>
      </address>
    </facility>
  </location>
  <location>
    <facility>
      <name>Hillerød Hospital</name>
      <address>
        <city>Hillerød</city>
        <country>Denmark</country>
      </address>
    </facility>
  </location>
  <location_countries>
    <country>Denmark</country>
  </location_countries>
  <verification_date>October 2020</verification_date>
  <study_first_submitted>March 24, 2020</study_first_submitted>
  <study_first_submitted_qc>March 24, 2020</study_first_submitted_qc>
  <study_first_posted type="Actual">March 26, 2020</study_first_posted>
  <last_update_submitted>October 8, 2020</last_update_submitted>
  <last_update_submitted_qc>October 8, 2020</last_update_submitted_qc>
  <last_update_posted type="Actual">October 9, 2020</last_update_posted>
  <responsible_party>
    <responsible_party_type>Sponsor-Investigator</responsible_party_type>
    <investigator_affiliation>Frederiksberg University Hospital</investigator_affiliation>
    <investigator_full_name>Marius Henriksen</investigator_full_name>
    <investigator_title>Professor</investigator_title>
  </responsible_party>
  <condition_browse>
    <!-- CAUTION:  The following MeSH terms are assigned with an imperfect algorithm            -->
    <mesh_term>Virus Diseases</mesh_term>
  </condition_browse>
  <patient_data>
    <sharing_ipd>Yes</sharing_ipd>
    <ipd_info_type>Study Protocol</ipd_info_type>
    <ipd_info_type>Statistical Analysis Plan (SAP)</ipd_info_type>
    <ipd_info_type>Informed Consent Form (ICF)</ipd_info_type>
    <ipd_info_type>Clinical Study Report (CSR)</ipd_info_type>
    <ipd_info_type>Analytic Code</ipd_info_type>
  </patient_data>
  <!-- Results have not yet been posted for this study                                          -->
</clinical_study>

