<?xml version="1.0" encoding="UTF-8"?>
<clinical_study rank="2303">
  <!-- This xml conforms to an XML Schema at:
    https://clinicaltrials.gov/ct2/html/images/info/public.xsd -->
  <required_header>
    <download_date>ClinicalTrials.gov processed this data on February 08, 2021</download_date>
    <link_text>Link to the current ClinicalTrials.gov record.</link_text>
    <url>https://clinicaltrials.gov/show/NCT04305457</url>
  </required_header>
  <id_info>
    <org_study_id>NOgas mildCOVID-19</org_study_id>
    <nct_id>NCT04305457</nct_id>
  </id_info>
  <brief_title>Nitric Oxide Gas Inhalation Therapy for Mild/Moderate COVID-19</brief_title>
  <acronym>NoCovid</acronym>
  <official_title>Nitric Oxide Gas Inhalation Therapy in Spontaneous Breathing Patients With Mild/Moderate COVID-19: a Randomized Clinical Trial</official_title>
  <sponsors>
    <lead_sponsor>
      <agency>Massachusetts General Hospital</agency>
      <agency_class>Other</agency_class>
    </lead_sponsor>
    <collaborator>
      <agency>University of Alabama at Birmingham</agency>
      <agency_class>Other</agency_class>
    </collaborator>
  </sponsors>
  <source>Massachusetts General Hospital</source>
  <oversight_info>
    <is_fda_regulated_drug>Yes</is_fda_regulated_drug>
    <is_fda_regulated_device>No</is_fda_regulated_device>
    <is_us_export>No</is_us_export>
  </oversight_info>
  <brief_summary>
    <textblock>
      The scientific community is in search for novel therapies that can help to face the ongoing&#xD;
      epidemics of novel Coronavirus (SARS-Cov-2) originated in China in December 2019. At present,&#xD;
      there are no proven interventions to prevent progression of the disease. Some preliminary&#xD;
      data on SARS pneumonia suggest that inhaled Nitric Oxide (NO) could have beneficial effects&#xD;
      on SARS-CoV-2 due to the genomic similarities between this two coronaviruses. In this study&#xD;
      we will test whether inhaled NO therapy prevents progression in patients with mild to&#xD;
      moderate COVID-19 disease.&#xD;
    </textblock>
  </brief_summary>
  <detailed_description>
    <textblock>
      To date, no targeted therapeutic treatments for the ongoing COVID-19 outbreak have been&#xD;
      identified. Antiviral combined with adjuvant therapies are currently under investigation. The&#xD;
      clinical spectrum of the infection is wide, ranging from mild signs of upper respiratory&#xD;
      tract infection to severe pneumonia and death.&#xD;
&#xD;
      In the patients who progress, the time period from symptoms onset to development of dyspnea&#xD;
      is reported to be between 5 to 10 days, and that one to severe respiratory distress syndrome&#xD;
      from 10 to 14 days. Globally, 15 to 18% of patients deteriorates to the need of mechanical&#xD;
      ventilation, despite the use of non-invasive ventilatory support in the earliest phases of&#xD;
      the disease. Probability of progression to end stage disease is unpredictable, with the&#xD;
      majority of these patients dying from multi-organ failure. Preventing progression in&#xD;
      spontaneously breathing patients with mild to moderate disease would translate in improved&#xD;
      morbidity and mortality and in a lower use of limited healthcare resources.&#xD;
&#xD;
      In 2004, during the SARS-coronavirus (SARS-CoV) outbreak, a pilot study showed that low dose&#xD;
      ( max 30 ppm) inhaled NO for 3 days was able to shorten the time of ventilatory support. At&#xD;
      the same time, NO donor compound S-nitroso-N-acetylpenicillamine increased survival rate in&#xD;
      an in-vitro model of SARS-CoV infected epithelial cells.Based on the genetic similarities&#xD;
      between the two viruses, similar effects of NO on SARS-CoV-2 can be hypothesized. While&#xD;
      further in-vitro testing is recommended, we proposed a randomized clinical trial to test the&#xD;
      effectiveness of inhaled NO in preventing the progression of SARS-CoV-2 related disease, when&#xD;
      administered at an early stage.&#xD;
    </textblock>
  </detailed_description>
  <overall_status>Active, not recruiting</overall_status>
  <start_date type="Actual">March 21, 2020</start_date>
  <completion_date type="Anticipated">April 1, 2022</completion_date>
  <primary_completion_date type="Anticipated">April 1, 2021</primary_completion_date>
  <phase>Phase 2</phase>
  <study_type>Interventional</study_type>
  <has_expanded_access>No</has_expanded_access>
  <study_design_info>
    <allocation>Randomized</allocation>
    <intervention_model>Parallel Assignment</intervention_model>
    <intervention_model_description>This study includes a randomized, parallel arm clinical trial in which subjects will be randomized to receive either inhaled nitric oxide (in addition to the standard of care) or the standard of care alone.&#xD;
In a third arm, COVID-19 subjects will be enrolled at Providence HealthCare Network, Anchorage (AK). Subjects in this arm will not be randomized and will all receive nitric oxide gas either as an inpatient or outpatient.</intervention_model_description>
    <primary_purpose>Treatment</primary_purpose>
    <masking>None (Open Label)</masking>
  </study_design_info>
  <primary_outcome>
    <measure>Reduction in the incidence of patients with mild/moderate COVID-19 requiring intubation and mechanical ventilation</measure>
    <time_frame>28 days</time_frame>
    <description>The primary outcome will be the reduction in the incidence of patients requiring intubation and mechanical ventilation, as a marker of deterioration from a mild to a severe form of COVID-19. Patients with indication to intubation and mechanical ventilation but concomitant DNI (Do Not Intubate) or not intubated for any other reason external to the clinical judgment of the attending physician will be considered as meeting the criteria for the primary endpoint.</description>
  </primary_outcome>
  <secondary_outcome>
    <measure>Mortality</measure>
    <time_frame>28 days</time_frame>
    <description>Proportion of deaths from all causes</description>
  </secondary_outcome>
  <secondary_outcome>
    <measure>Time to clinical recovery</measure>
    <time_frame>28 days</time_frame>
    <description>Time from initiation of the study to discharge or to normalization of fever (defined as &lt;36.6°C from axillary site, or &lt; 37.2°C from oral site or &lt; 37.8°C from rectal or tympanic site), respiratory rate (&lt; 24 bpm while breathing room air), alleviation of cough (defined as mild or absent in a patient reported scale of severe &gt;&gt;moderate&gt;&gt;mild&gt;&gt;absent) and resolution of hypoxia (defined as SpO2 ≥ 93% in room air or P/F ≥ 300 mmHg). All these improvements must be sustained for 72 hours.</description>
  </secondary_outcome>
  <other_outcome>
    <measure>Negative conversion of COVID-19 RT-PCR from upper respiratory tract</measure>
    <time_frame>7 days</time_frame>
    <description>Proportion of patients with a negative conversion of RT-PCR from an oropharyngeal or oropharyngeal swab.</description>
  </other_outcome>
  <number_of_arms>3</number_of_arms>
  <enrollment type="Anticipated">70</enrollment>
  <condition>Coronavirus Infections</condition>
  <condition>Pneumonia, Viral</condition>
  <condition>Acute Respiratory Distress Syndrome</condition>
  <arm_group>
    <arm_group_label>Nitric Oxide inhalation</arm_group_label>
    <arm_group_type>Experimental</arm_group_type>
    <description>Nitric Oxide will be delivered through a non invasive CPAP system (with minimal pressure support to decrease discomfort due to the facial mask) or through a non-rebreathing mask system.</description>
  </arm_group>
  <arm_group>
    <arm_group_label>Control</arm_group_label>
    <arm_group_type>No Intervention</arm_group_type>
    <description>Patients assigned to the control group will not receive any gas therapy.</description>
  </arm_group>
  <arm_group>
    <arm_group_label>Nitric Oxide Inhalation (Non-Randomized)</arm_group_label>
    <arm_group_type>Experimental</arm_group_type>
    <description>All subjects part of this arm will receive nitric oxide gas either as an inpatient or outpatient. Nitric Oxide will be delivered through a non invasive CPAP system (with minimal pressure support to decrease discomfort due to the facial mask) or through a non-rebreathing mask system. Patients in this arm will not be randomized, so that all patients receive the study medication.</description>
  </arm_group>
  <intervention>
    <intervention_type>Drug</intervention_type>
    <intervention_name>Nitric Oxide</intervention_name>
    <description>Nitric Oxide (NO) will be delivered together with the standard of care for a period of 20-30 minutes 2 times per day for 14 consecutive days from time of enrollment. Targeted No inhaled concentration will be maintained between 140 and 180 ppm. The gas will be delivered through a CPAP circuit ensuring an end-expiratory pressure between 2 and 10 cmH2O or through a non-rebreathing mask without positive end-expiratory pressure, depending on the clinical needs of the subject.</description>
    <arm_group_label>Nitric Oxide Inhalation (Non-Randomized)</arm_group_label>
    <arm_group_label>Nitric Oxide inhalation</arm_group_label>
    <other_name>Nitric Oxide inhalation</other_name>
  </intervention>
  <eligibility>
    <criteria>
      <textblock>
        Inclusion Criteria:&#xD;
&#xD;
          1. Laboratory confirmed COVID19 infection defined with a positive RT-PCR from any&#xD;
             specimen and/or detection of SARS-CoV-2 IgM/IgG antibodies.&#xD;
&#xD;
          2. Hospital admission with at least one of the following:&#xD;
&#xD;
               1. fever ≥ 36.6 °C from axillary site; or ≥ 37.2°C from oral site; or ≥ 37.6°C from&#xD;
                  tympanic or rectal site.&#xD;
&#xD;
               2. Respiratory rate ≥ 24 bpm&#xD;
&#xD;
               3. cough&#xD;
&#xD;
          3. Spontaneous breathing with or without hypoxia of any degree. Gas exchange and&#xD;
             ventilation maybe assisted by any continuous continuous airway pressure (CPAP), or any&#xD;
             system of Non Invasive Ventilation (NIV), with Positive End-Expiratory Pressure (PEEP)&#xD;
             ≤ 10 cmH2O.&#xD;
&#xD;
        Exclusion Criteria:&#xD;
&#xD;
          1. Tracheostomy&#xD;
&#xD;
          2. Therapy with high flow nasal cannula&#xD;
&#xD;
          3. Any clinical contraindications, as judged by the attending physician&#xD;
&#xD;
          4. Patients enrolled in another interventional study&#xD;
&#xD;
          5. Hospitalized and confirmed diagnosis of COVID-19 for more than 72 hours&#xD;
&#xD;
          6. Previous intubation for COVID-19&#xD;
&#xD;
          7. Patient not committed to full support (DNR, DNI or CMO)&#xD;
&#xD;
          8. Patient requiring oxygen at home for lung comorbidities&#xD;
&#xD;
          9. Primary cause of hopitalization not due to COVID-19&#xD;
      </textblock>
    </criteria>
    <gender>All</gender>
    <minimum_age>18 Years</minimum_age>
    <maximum_age>N/A</maximum_age>
    <healthy_volunteers>No</healthy_volunteers>
  </eligibility>
  <overall_official>
    <last_name>Lorenzo Berra, MD</last_name>
    <role>Principal Investigator</role>
    <affiliation>Massachusetts General Hospital</affiliation>
  </overall_official>
  <location>
    <facility>
      <name>Providence HealthCare Network</name>
      <address>
        <city>Anchorage</city>
        <state>Alaska</state>
        <zip>99508</zip>
        <country>United States</country>
      </address>
    </facility>
  </location>
  <location>
    <facility>
      <name>Louisiana State University Health Shreveport</name>
      <address>
        <city>Shreveport</city>
        <state>Louisiana</state>
        <zip>71103</zip>
        <country>United States</country>
      </address>
    </facility>
  </location>
  <location>
    <facility>
      <name>Massachusetts General Hospital</name>
      <address>
        <city>Boston</city>
        <state>Massachusetts</state>
        <zip>02114-2621</zip>
        <country>United States</country>
      </address>
    </facility>
  </location>
  <location_countries>
    <country>United States</country>
  </location_countries>
  <verification_date>December 2020</verification_date>
  <study_first_submitted>March 9, 2020</study_first_submitted>
  <study_first_submitted_qc>March 11, 2020</study_first_submitted_qc>
  <study_first_posted type="Actual">March 12, 2020</study_first_posted>
  <last_update_submitted>December 28, 2020</last_update_submitted>
  <last_update_submitted_qc>December 28, 2020</last_update_submitted_qc>
  <last_update_posted type="Actual">December 29, 2020</last_update_posted>
  <responsible_party>
    <responsible_party_type>Principal Investigator</responsible_party_type>
    <investigator_affiliation>Massachusetts General Hospital</investigator_affiliation>
    <investigator_full_name>Lorenzo Berra, MD</investigator_full_name>
    <investigator_title>Medical Doctor</investigator_title>
  </responsible_party>
  <keyword>COVID-19</keyword>
  <keyword>ARDS</keyword>
  <keyword>Mechanical Ventilation</keyword>
  <keyword>Nitric Oxide</keyword>
  <condition_browse>
    <!-- CAUTION:  The following MeSH terms are assigned with an imperfect algorithm            -->
    <mesh_term>Coronavirus Infections</mesh_term>
    <mesh_term>Severe Acute Respiratory Syndrome</mesh_term>
    <mesh_term>Pneumonia, Viral</mesh_term>
    <mesh_term>Respiratory Distress Syndrome, Newborn</mesh_term>
    <mesh_term>Respiratory Distress Syndrome, Adult</mesh_term>
    <mesh_term>Acute Lung Injury</mesh_term>
  </condition_browse>
  <intervention_browse>
    <!-- CAUTION:  The following MeSH terms are assigned with an imperfect algorithm            -->
    <mesh_term>Nitric Oxide</mesh_term>
  </intervention_browse>
  <!-- Results have not yet been posted for this study                                          -->
</clinical_study>

