<?xml version="1.0" encoding="UTF-8"?>
<clinical_study rank="4746">
  <!-- This xml conforms to an XML Schema at:
    https://clinicaltrials.gov/ct2/html/images/info/public.xsd -->
  <required_header>
    <download_date>ClinicalTrials.gov processed this data on February 08, 2021</download_date>
    <link_text>Link to the current ClinicalTrials.gov record.</link_text>
    <url>https://clinicaltrials.gov/show/NCT03807804</url>
  </required_header>
  <id_info>
    <org_study_id>B04-02</org_study_id>
    <nct_id>NCT03807804</nct_id>
  </id_info>
  <brief_title>Efficacy and Safety Study of HLCM051(MultiStem®) for Pneumonic Acute Respiratory Distress Syndrome</brief_title>
  <acronym>ONE-BRIDGE</acronym>
  <official_title>An Open-label, Standard Therapy as a Controlled, Multicenter Phase 2 Study to Evaluate the Efficacy and Safety of HLCM051(MultiStem) in Patients With Acute Respiratory Distress Syndrome (ARDS) Caused by Pneumonitis</official_title>
  <sponsors>
    <lead_sponsor>
      <agency>Healios K.K.</agency>
      <agency_class>Industry</agency_class>
    </lead_sponsor>
  </sponsors>
  <source>Healios K.K.</source>
  <oversight_info>
    <has_dmc>No</has_dmc>
    <is_fda_regulated_drug>No</is_fda_regulated_drug>
    <is_fda_regulated_device>No</is_fda_regulated_device>
  </oversight_info>
  <brief_summary>
    <textblock>
      The primary object of this clinical study is to investigate the efficacy of HLCM051 in&#xD;
      patients with ARDS caused by pneumonitis.&#xD;
    </textblock>
  </brief_summary>
  <detailed_description>
    <textblock>
      The objectives of this clinical study are as follows(ARDS caused by pneumonia cohort):&#xD;
&#xD;
        1. Primary objective To investigate the efficacy of HLCM051 in patients with ARDS caused by&#xD;
           pneumonia&#xD;
&#xD;
        2. Secondary objective To confirm the safety of HLCM05 in patients with ARDS caused by&#xD;
           pneumonia&#xD;
&#xD;
        3. Exploratory objective To investigate changes of biomarkers in patients with ARDS caused&#xD;
           by pneumonia&#xD;
&#xD;
      The number of patients enrolled is 30 (20 patient in the HLCM051 group and 10 patients in the&#xD;
      standard therapy group)&#xD;
&#xD;
      The objectives of this clinical study is as follows(ARDS caused by COVID-19 cohort):&#xD;
&#xD;
      1. Exploratory objective To investigate the safety and the efficacy of HLCM051 in patients&#xD;
      with ARDS caused by SARS-Cov-2 infection&#xD;
&#xD;
      The number of patients enrolled is Approximately 5 (the HLCM051 group only)&#xD;
    </textblock>
  </detailed_description>
  <overall_status>Recruiting</overall_status>
  <start_date type="Actual">January 1, 2019</start_date>
  <completion_date type="Anticipated">May 31, 2021</completion_date>
  <primary_completion_date type="Anticipated">December 31, 2020</primary_completion_date>
  <phase>Phase 2</phase>
  <study_type>Interventional</study_type>
  <has_expanded_access>No</has_expanded_access>
  <study_design_info>
    <allocation>Randomized</allocation>
    <intervention_model>Parallel Assignment</intervention_model>
    <intervention_model_description>【ARDS caused by pneumonia cohort】Parallel Assignment 【ARDS caused by COVID-19 cohort】Single group</intervention_model_description>
    <primary_purpose>Treatment</primary_purpose>
    <masking>None (Open Label)</masking>
  </study_design_info>
  <primary_outcome>
    <measure>Ventilator-free days (VFD)(ARDS caused by pneumonia cohort)</measure>
    <time_frame>28 days after administration of the investigational product</time_frame>
    <description>VFD for 28 days after administration of the investigational product</description>
  </primary_outcome>
  <primary_outcome>
    <measure>Adverse events(ARDS caused by COVID-19 cohort)</measure>
    <time_frame>From informed consent to 180 days after administration of the investigational product</time_frame>
    <description>The number and rate of adverse events</description>
  </primary_outcome>
  <primary_outcome>
    <measure>Change from baseline in systolic blood pressure(ARDS caused by COVID-19 cohort)</measure>
    <time_frame>From screening to 180 days after administration of the investigational product</time_frame>
    <description>Change from baseline in systolic blood pressure(mmHg)</description>
  </primary_outcome>
  <primary_outcome>
    <measure>Change from baseline in diastolic blood pressure(ARDS caused by COVID-19 cohort)</measure>
    <time_frame>From screening to 180 days after administration of the investigational product</time_frame>
    <description>Change from baseline in diastolic blood pressure(mmHg)</description>
  </primary_outcome>
  <primary_outcome>
    <measure>Change from baseline in pulse rate(ARDS caused by COVID-19 cohort)</measure>
    <time_frame>From screening to 180 days after administration of the investigational product</time_frame>
    <description>Change from baseline in pulse rate(beats/min)</description>
  </primary_outcome>
  <primary_outcome>
    <measure>Change from baseline in respiration(ARDS caused by COVID-19 cohort)</measure>
    <time_frame>From screening to 180 days after administration of the investigational product</time_frame>
    <description>Change from baseline in respiration(breath/min)</description>
  </primary_outcome>
  <primary_outcome>
    <measure>Change from baseline in oxygen saturation(ARDS caused by COVID-19 cohort)</measure>
    <time_frame>From screening to 180 days after administration of the investigational product</time_frame>
    <description>Change from baseline in oxygen saturation(%)</description>
  </primary_outcome>
  <primary_outcome>
    <measure>Change from baseline in body temperature(ARDS caused by COVID-19 cohort)</measure>
    <time_frame>From screening to 180 days after administration of the investigational product</time_frame>
    <description>Change from baseline in body temperature(C)</description>
  </primary_outcome>
  <primary_outcome>
    <measure>Change from baseline in red blood cell count(ARDS caused by COVID-19 cohort)</measure>
    <time_frame>From screening to 180 days after administration of the investigational product</time_frame>
    <description>Change from baseline in red blood cell count(/uL)</description>
  </primary_outcome>
  <primary_outcome>
    <measure>Change from baseline in hemoglobin(ARDS caused by COVID-19 cohort)</measure>
    <time_frame>From screening to 180 days after administration of the investigational product</time_frame>
    <description>Change from baseline in hemoglobin(g/dL)</description>
  </primary_outcome>
  <primary_outcome>
    <measure>Change from baseline in hematocrit(ARDS caused by COVID-19 cohort)</measure>
    <time_frame>From screening to 180 days after administration of the investigational product</time_frame>
    <description>Change from baseline in hematocrit(%)</description>
  </primary_outcome>
  <primary_outcome>
    <measure>Change from baseline in leukocyte count(ARDS caused by COVID-19 cohort)</measure>
    <time_frame>From screening to 180 days after administration of the investigational product</time_frame>
    <description>Change from baseline in leukocyte count(/uL)</description>
  </primary_outcome>
  <primary_outcome>
    <measure>Change from baseline in neutrophils(ARDS caused by COVID-19 cohort)</measure>
    <time_frame>From screening to 180 days after administration of the investigational product</time_frame>
    <description>Change from baseline in neutrophils(%)</description>
  </primary_outcome>
  <primary_outcome>
    <measure>Change from baseline in eosinophils(ARDS caused by COVID-19 cohort)</measure>
    <time_frame>From screening to 180 days after administration of the investigational product</time_frame>
    <description>Change from baseline in eosinophils(%)</description>
  </primary_outcome>
  <primary_outcome>
    <measure>Change from baseline in basophils(ARDS caused by COVID-19 cohort)</measure>
    <time_frame>From screening to 180 days after administration of the investigational product</time_frame>
    <description>Change from baseline in basophils(%)</description>
  </primary_outcome>
  <primary_outcome>
    <measure>Change from baseline in lymphocytes(ARDS caused by COVID-19 cohort)</measure>
    <time_frame>From screening to 180 days after administration of the investigational product</time_frame>
    <description>Change from baseline in lymphocytes(%)</description>
  </primary_outcome>
  <primary_outcome>
    <measure>Change from baseline in monocytes(ARDS caused by COVID-19 cohort)</measure>
    <time_frame>From screening to 180 days after administration of the investigational product</time_frame>
    <description>Change from baseline in monocytes(%)</description>
  </primary_outcome>
  <primary_outcome>
    <measure>Change from baseline in platelet count(ARDS caused by COVID-19 cohort)</measure>
    <time_frame>From screening to 180 days after administration of the investigational product</time_frame>
    <description>Change from baseline in platelet count(/uL)</description>
  </primary_outcome>
  <primary_outcome>
    <measure>Change from baseline in asparate aminotransferase(AST)(ARDS caused by COVID-19 cohort)</measure>
    <time_frame>From screening to 180 days after administration of the investigational product</time_frame>
    <description>Change from baseline in asparate aminotransferase(AST)(IU/L)</description>
  </primary_outcome>
  <primary_outcome>
    <measure>Change from baseline in alanine aminotransferase(ALT)(ARDS caused by COVID-19 cohort)</measure>
    <time_frame>From screening to 180 days after administration of the investigational product</time_frame>
    <description>Change from baseline in alanine aminotransferase(ALT)(IU/L)</description>
  </primary_outcome>
  <primary_outcome>
    <measure>Change from baseline in alkaline phosphatase(ALP)(ARDS caused by COVID-19 cohort)</measure>
    <time_frame>From screening to 180 days after administration of the investigational product</time_frame>
    <description>Change from baseline in alkaline phosphatase(ALP)(IU/L)</description>
  </primary_outcome>
  <primary_outcome>
    <measure>Change from baseline in total bilirubin(ARDS caused by COVID-19 cohort)</measure>
    <time_frame>From screening to 180 days after administration of the investigational product</time_frame>
    <description>Change from baseline in total bilirubin(mg/dL)</description>
  </primary_outcome>
  <primary_outcome>
    <measure>Change from baseline in blood urea nitrogen(BUN)(ARDS caused by COVID-19 cohort)</measure>
    <time_frame>From screening to 180 days after administration of the investigational product</time_frame>
    <description>Change from baseline in blood urea nitrogen(BUN)(mg/dL)</description>
  </primary_outcome>
  <primary_outcome>
    <measure>Change from baseline in creatinine(ARDS caused by COVID-19 cohort)</measure>
    <time_frame>From screening to 180 days after administration of the investigational product</time_frame>
    <description>Change from baseline in creatinine(mg/dL)</description>
  </primary_outcome>
  <primary_outcome>
    <measure>Change from baseline in sodium(Na)(ARDS caused by COVID-19 cohort)</measure>
    <time_frame>From screening to 180 days after administration of the investigational product</time_frame>
    <description>Change from baseline in sodium(Na)(mmol/L)</description>
  </primary_outcome>
  <primary_outcome>
    <measure>Change from baseline in potassium(K)(ARDS caused by COVID-19 cohort)</measure>
    <time_frame>From screening to 180 days after administration of the investigational product</time_frame>
    <description>Change from baseline in potassium(K)(mmol/L)</description>
  </primary_outcome>
  <primary_outcome>
    <measure>Change from baseline in chloride(Cl)(ARDS caused by COVID-19 cohort)</measure>
    <time_frame>From screening to 180 days after administration of the investigational product</time_frame>
    <description>Change from baseline in chloride(Cl)(mmol/L)</description>
  </primary_outcome>
  <primary_outcome>
    <measure>Change from baseline in calcium(Ca)(ARDS caused by COVID-19 cohort)</measure>
    <time_frame>From screening to 180 days after administration of the investigational product</time_frame>
    <description>Change from baseline in calcium(Ca)(mg/dL)</description>
  </primary_outcome>
  <primary_outcome>
    <measure>Change from baseline in blood sugar(ARDS caused by COVID-19 cohort)</measure>
    <time_frame>From screening to 180 days after administration of the investigational product</time_frame>
    <description>Change from baseline in blood sugar(mg/dL)</description>
  </primary_outcome>
  <primary_outcome>
    <measure>Change from baseline in urinary protein(ARDS caused by COVID-19 cohort)</measure>
    <time_frame>From screening to 180 days after administration of the investigational product</time_frame>
    <description>Change from baseline in urinary protein(- to &gt;= 4+)</description>
  </primary_outcome>
  <primary_outcome>
    <measure>Change from baseline in urinary sugar(ARDS caused by COVID-19 cohort)</measure>
    <time_frame>From screening to 180 days after administration of the investigational product</time_frame>
    <description>Change from baseline in urinary sugar(- to &gt;= 4+)</description>
  </primary_outcome>
  <primary_outcome>
    <measure>Change from baseline in uric blood(ARDS caused by COVID-19 cohort)</measure>
    <time_frame>From screening to 180 days after administration of the investigational product</time_frame>
    <description>Change from baseline in uric blood(- to &gt;= 4+)</description>
  </primary_outcome>
  <primary_outcome>
    <measure>Change from baseline in urinary sediment(RBC)(ARDS caused by COVID-19 cohort)</measure>
    <time_frame>From screening to 180 days after administration of the investigational product</time_frame>
    <description>Change from baseline in urinary sediment(RBC)(/HPF)</description>
  </primary_outcome>
  <primary_outcome>
    <measure>Change from baseline in urinary sediment(WBC)(ARDS caused by COVID-19 cohort)</measure>
    <time_frame>From screening to 180 days after administration of the investigational product</time_frame>
    <description>Change from baseline in urinary sediment(WBC)(/HPF)</description>
  </primary_outcome>
  <primary_outcome>
    <measure>Change from baseline in urinary sediment(Other)(ARDS caused by COVID-19 cohort)</measure>
    <time_frame>From screening to 180 days after administration of the investigational product</time_frame>
    <description>Change from baseline in urinary sediment(Other)(/HPF)</description>
  </primary_outcome>
  <number_of_arms>3</number_of_arms>
  <enrollment type="Anticipated">35</enrollment>
  <condition>Respiratory Distress Syndrome, Adult</condition>
  <arm_group>
    <arm_group_label>HLCM051 group【ARDS caused by pneumonia cohort】</arm_group_label>
    <arm_group_type>Experimental</arm_group_type>
    <description>Patients will receive the standard therapy&#xD;
A single, one-time dose of HLCM051 9.0×108 (±20%) cells are intravenously infused as a naturally dropped single dose over 30 to 60 minutes at the maximum infusion speed of 10 mL/minute</description>
  </arm_group>
  <arm_group>
    <arm_group_label>Standard treatment group【ARDS caused by pneumonia cohort】</arm_group_label>
    <arm_group_type>No Intervention</arm_group_type>
    <description>•Patients will receive the standard therapy</description>
  </arm_group>
  <arm_group>
    <arm_group_label>HLCM051 group【ARDS caused by COVID-19 cohort 】</arm_group_label>
    <arm_group_type>Experimental</arm_group_type>
    <description>Patients will receive the standard therapy&#xD;
A single, one-time dose of HLCM051 9.0×108 (±20%) cells are intravenously infused as a naturally dropped single dose over 30 to 60 minutes at the maximum infusion speed of 10 mL/minute</description>
  </arm_group>
  <intervention>
    <intervention_type>Biological</intervention_type>
    <intervention_name>HLCM051</intervention_name>
    <description>HLCM051 is the stem cell product that can be mass-produced, being derived from adult adhesive stem cells that were taken from bone marrow of healthy unrelated donors from whom the informed consent was obtained, and proliferated ex vivo.</description>
    <arm_group_label>HLCM051 group【ARDS caused by COVID-19 cohort 】</arm_group_label>
    <arm_group_label>HLCM051 group【ARDS caused by pneumonia cohort】</arm_group_label>
  </intervention>
  <eligibility>
    <criteria>
      <textblock>
        Inclusion Criteria(ARDS caused by pneumonia cohort):&#xD;
&#xD;
          1. Provision of informed consent by the patient or his/her legal representative in case&#xD;
             the patient is incapable of giving consent due to sedation etc&#xD;
&#xD;
          2. Male or female aged 20 to 90 years at informed consent (Asians only)&#xD;
&#xD;
          3. Patients with ARDS caused by pneumonia of those who were diagnosed as having ARDS&#xD;
             according to the Berlin Definition&#xD;
&#xD;
          4. Patients who are confirmed to have the following findings in the Berlin Definition&#xD;
             within the same 24 hours 1)PaO2/FiO2 (P/F) ratio ≤ 300 mmHg with positive&#xD;
             end-expiratory pressure (PEEP) ≥ 5 cmH2O 2)Bilateral opacities on chest X-ray or CT&#xD;
             (not fully explained by effusions, lobar/lung collapse, and nodular shadow)&#xD;
             3)Respiratory failure that cannot be explained by cardiac failure and fluid overload&#xD;
&#xD;
          5. Patients who underwent chest high-resolution computed tomography (HRCT)&#xD;
&#xD;
          6. Patients with HRCT score ≥211 according to the abbreviated HRCT scoring system&#xD;
&#xD;
          7. Patients with APACHE II score &lt;27 at the diagnosis of ARDS&#xD;
&#xD;
          8. Patients who underwent artificial respiration with intubation&#xD;
&#xD;
          9. Patients who can start receiving the investigational product within 72 hours (3 days)&#xD;
             after the diagnosis of ARDS&#xD;
&#xD;
         10. Patients whose condition is expected to be stable for at least 4 hours after&#xD;
             initiating investigational product administration &quot;Stable&quot; means the condition where&#xD;
             there is no need for significant sustained increase in FiO2 or PEEP and the supportive&#xD;
             care for the cardiovascular system is not required (e.g. an increase in the dose of&#xD;
             norepinephrine or epinephrine by ≥0.1 mcg/kg/min or an increase in the dose of&#xD;
             inotropic agent or vasopressor by ≥20% besides norepinephrine and epinephrine for&#xD;
             blood pressure control)&#xD;
&#xD;
         11. Women who are neither pregnant, breastfeeding, planning to become pregnant during the&#xD;
             study period. Women of childbearing potential must agree on the use of appropriate&#xD;
             contraceptive methods under the guidance of investigators through the completion of&#xD;
             the clinical study&#xD;
&#xD;
         12. Male patients who have female partners of childbearing potential must agree on the use&#xD;
             of appropriate contraceptive methods under the guidance of investigators through the&#xD;
             completion of the clinical study&#xD;
&#xD;
        Exclusion Criteria(ARDS caused by pneumonia cohort):&#xD;
&#xD;
          1. Patients without life expectancy of 48 hours&#xD;
&#xD;
          2. Patients who are under artificial dialysis at screening&#xD;
&#xD;
          3. Patients whose life expectancy is &lt;6 months because of complications at screening&#xD;
&#xD;
          4. Patients under ventilator at home due to chronic respiratory disease&#xD;
&#xD;
          5. Patients who have been on mechanical ventilation for ≥ 1 week&#xD;
&#xD;
          6. Patients with obvious honeycomb lung at screening consistent with pre-existing&#xD;
             late-stage interstitial lung disease&#xD;
&#xD;
          7. Patients with clinically evident findings consistent with diffuse alveolar hemorrhage&#xD;
&#xD;
          8. Patients with chronic respiratory disease that requires continuous domiciliary oxygen&#xD;
             therapy&#xD;
&#xD;
          9. Patients with severe COPD (stage III or severe according to the GOLD Classification)&#xD;
&#xD;
         10. Patients with chronic pulmonary hypertension (class III or IV according to the World&#xD;
             Health Organization Classification of Functional Status of Patients With Pulmonary&#xD;
             Hypertension)&#xD;
&#xD;
         11. Patients with a history of lung lobectomy, single-lung pneumonectomy or pulmonary&#xD;
             transplantation&#xD;
&#xD;
         12. Patients who are appropriate to be treated with extracorporeal membrane oxygenation&#xD;
             (ECMO) at screening&#xD;
&#xD;
         13. Patients who were resuscitated after cardio-respiratory arrest&#xD;
&#xD;
         14. Patients with a history of ST-segment elevation myocardial infarction within 6 months&#xD;
             before informed consent&#xD;
&#xD;
         15. Patients with mean arterial (blood) pressure (MAP) &lt;60 mmHg despite treatment with one&#xD;
             or more vasopressor or cardiotonic agent&#xD;
&#xD;
         16. Patients with severe chronic liver disease (Child-Pugh &gt;10)&#xD;
&#xD;
         17. Patients with a history of transplantation with autologous or allogeneic, bone marrow&#xD;
             or peripheral stem cells for other purposes than the treatment of hematological tumor&#xD;
&#xD;
         18. Patients with malignancy requiring treatment at screening&#xD;
&#xD;
         19. Patients infected with human immunodeficiency virus (HIV)&#xD;
&#xD;
         20. Patients with a history of acute allergic reaction to the preparations derived from&#xD;
             human tissues, bovine or swine materials, and those who refuse the use of biological&#xD;
             products due to religious reasons&#xD;
&#xD;
         21. Patients for whom ARDS is not judged as the chief complaint by the investigator&#xD;
             (sub-investigator) based on clinical findings&#xD;
&#xD;
         22. Patients who received other investigational drugs or products within 30 days prior to&#xD;
             informed consent&#xD;
&#xD;
         23. Patients who are participating or planned to participate in other clinical studies&#xD;
             (except for observational clinical researches that do not require intervention) during&#xD;
             this clinical study&#xD;
&#xD;
         24. Patients who are inappropriate to participate in this clinical study because of&#xD;
             significant complications (such as pneumothorax ) or psychiatric disorders as judged&#xD;
             by the investigator&#xD;
&#xD;
         25. Patients who is suspected SARS-CoV-2 infection&#xD;
&#xD;
        Inclusion Criteria(ARDS caused by COVID-19 cohort ):&#xD;
&#xD;
          1. Provision of informed consent by the patient or his/her legal representative in case&#xD;
             the patient is incapable of giving consent due to sedation etc.&#xD;
&#xD;
          2. Male or female aged 20 to 70 years at informed consent (Asians only)&#xD;
&#xD;
          3. Patients tested positive for COVID-19&#xD;
&#xD;
          4. Patients with ARDS caused by COVID-19 of those who were diagnosed as having ARDS&#xD;
             according to the Berlin Definition&#xD;
&#xD;
          5. Patients who are confirmed to have the following findings in the Berlin Definition&#xD;
             within the same 24 hours 1)PaO2/FiO2 (P/F) ratio ≤ 300 mmHg with positive&#xD;
             end-expiratory pressure (PEEP) ≥ 5 cmH2O 2)Bilateral opacities on chest X-ray or CT&#xD;
             (not fully explained by effusions, lobar/lung collapse, and nodular shadow)&#xD;
             3)Respiratory failure that cannot be explained by cardiac failure and fluid overload&#xD;
&#xD;
          6. Patients who underwent Chest X-ray, chest CT or high-resolution computed tomography&#xD;
             (HRCT) as far as possible&#xD;
&#xD;
          7. Patients with APACHE II score &lt;27 at the diagnosis of ARDS&#xD;
&#xD;
          8. Patients who underwent artificial respiration with intubation&#xD;
&#xD;
          9. Patients who can start receiving the investigational product within 72 hours (3 days)&#xD;
             after the diagnosis of ARDS&#xD;
&#xD;
         10. Women who are neither pregnant, breastfeeding, planning to become pregnant during the&#xD;
             study period. Women of childbearing potential must agree on the use of appropriate&#xD;
             contraceptive methods under the guidance of investigators through the completion of&#xD;
             the clinical study&#xD;
&#xD;
         11. Male patients who have female partners of childbearing potential must agree on the use&#xD;
             of appropriate contraceptive methods under the guidance of investigators through the&#xD;
             completion of the clinical study&#xD;
&#xD;
        Exclusion Criteria(ARDS caused by COVID-19 cohort ):&#xD;
&#xD;
          1. Patients without life expectancy of 48 hours&#xD;
&#xD;
          2. Patients who are under artificial dialysis at screening&#xD;
&#xD;
          3. Patients whose life expectancy is &lt;6 months because of complications at screening&#xD;
&#xD;
          4. Patients under ventilator at home due to chronic respiratory disease&#xD;
&#xD;
          5. Patients who have been on mechanical ventilation for ≥ 1 week&#xD;
&#xD;
          6. Patients with obvious honeycomb lung at screening consistent with pre-existing&#xD;
             late-stage interstitial lung disease&#xD;
&#xD;
          7. Patients with clinically evident findings consistent with diffuse alveolar hemorrhage&#xD;
&#xD;
          8. Patients with chronic respiratory disease that requires continuous domiciliary oxygen&#xD;
             therapy&#xD;
&#xD;
          9. Patients with severe COPD (stage III or severe according to the GOLD Classification)&#xD;
&#xD;
         10. Patients with chronic pulmonary hypertension (class III or IV according to the World&#xD;
             Health Organization Classification of Functional Status of Patients With Pulmonary&#xD;
             Hypertension)&#xD;
&#xD;
         11. Patients with a history of lung lobectomy, single-lung pneumonectomy or pulmonary&#xD;
             transplantation&#xD;
&#xD;
         12. Patients who are appropriate to be treated with extracorporeal membrane oxygenation&#xD;
             (ECMO) at screening&#xD;
&#xD;
         13. Patients who were resuscitated after cardio-respiratory arrest&#xD;
&#xD;
         14. Patients with a history of ST-segment elevation myocardial infarction within 6 months&#xD;
             before informed consent&#xD;
&#xD;
         15. Patients with mean arterial (blood) pressure (MAP) &lt;60 mmHg despite treatment with one&#xD;
             or more vasopressor or cardiotonic agent&#xD;
&#xD;
         16. Patients with severe chronic liver disease (Child-Pugh &gt;10)&#xD;
&#xD;
         17. Patients with a history of transplantation with autologous or allogeneic, bone marrow&#xD;
             or peripheral stem cells for other purposes than the treatment of hematological tumor&#xD;
&#xD;
         18. Patients with malignancy requiring treatment at screening&#xD;
&#xD;
         19. Patients infected with human immunodeficiency virus (HIV)&#xD;
&#xD;
         20. Patients with a history of acute allergic reaction to the preparations derived from&#xD;
             human tissues, bovine or swine materials, and those who refuse the use of biological&#xD;
             products due to religious reasons&#xD;
&#xD;
         21. Patients for whom ARDS is not judged as the chief complaint by the investigator&#xD;
             (sub-investigator) based on clinical findings&#xD;
&#xD;
         22. Patients who have used other investigational drugs or products within 30 days before&#xD;
             informed consent (excluding other investigational drugs or products used for the&#xD;
             purpose of treating COVID-19)&#xD;
&#xD;
         23. Patients who are participating or planning to participate in other clinical studies&#xD;
             during the study period (excluding other clinical studies, clinical researches and&#xD;
             observational clinical researches that do not require intervention for the purpose of&#xD;
             treating COVID-19)&#xD;
&#xD;
         24. Patients who are inappropriate to participate in this clinical study because of&#xD;
             significant complications (such as pneumothorax ) or psychiatric disorders as judged&#xD;
             by the investigator&#xD;
      </textblock>
    </criteria>
    <gender>All</gender>
    <minimum_age>20 Years</minimum_age>
    <maximum_age>90 Years</maximum_age>
    <healthy_volunteers>No</healthy_volunteers>
  </eligibility>
  <overall_official>
    <last_name>Kazuya Ichikado, M.D., Ph.D.</last_name>
    <role>Principal Investigator</role>
    <affiliation>Saiseikai Kumamoto Hospital</affiliation>
  </overall_official>
  <overall_official>
    <last_name>Satoru Hashimoto, M.D., Ph.D.</last_name>
    <role>Principal Investigator</role>
    <affiliation>University Hospital, Kyoto Prefectural University of Medicine</affiliation>
  </overall_official>
  <overall_contact>
    <last_name>Tetsuya Oe</last_name>
    <phone>+81-3-5777-8250</phone>
    <email>t.oe@healios.jp</email>
  </overall_contact>
  <overall_contact_backup>
    <last_name>Aki Sekiya</last_name>
    <phone>+81-3-5777-8250</phone>
    <email>a.sekiya@healios.jp</email>
  </overall_contact_backup>
  <location>
    <facility>
      <name>Investigational Site Number 027</name>
      <address>
        <city>Nagoya</city>
        <state>Aichi</state>
        <country>Japan</country>
      </address>
    </facility>
    <status>Recruiting</status>
  </location>
  <location>
    <facility>
      <name>Investigational Site Number 028</name>
      <address>
        <city>Nagoya</city>
        <state>Aichi</state>
        <country>Japan</country>
      </address>
    </facility>
    <status>Recruiting</status>
  </location>
  <location>
    <facility>
      <name>Investigational Site Number 005</name>
      <address>
        <city>Seto</city>
        <state>Aichi</state>
        <country>Japan</country>
      </address>
    </facility>
    <status>Recruiting</status>
  </location>
  <location>
    <facility>
      <name>Investigational Site Number 020</name>
      <address>
        <city>Toyoake</city>
        <state>Aichi</state>
        <country>Japan</country>
      </address>
    </facility>
    <status>Recruiting</status>
  </location>
  <location>
    <facility>
      <name>Investigational Site Number 003</name>
      <address>
        <city>Hirosaki</city>
        <state>Aomori</state>
        <country>Japan</country>
      </address>
    </facility>
    <status>Recruiting</status>
  </location>
  <location>
    <facility>
      <name>Investigational Site Number 007</name>
      <address>
        <city>Iizuka</city>
        <state>Fukuoka</state>
        <country>Japan</country>
      </address>
    </facility>
    <status>Recruiting</status>
  </location>
  <location>
    <facility>
      <name>Investigational Site Number 019</name>
      <address>
        <city>Ōgaki</city>
        <state>Gifu</state>
        <country>Japan</country>
      </address>
    </facility>
    <status>Recruiting</status>
  </location>
  <location>
    <facility>
      <name>Investigational Site Number 011</name>
      <address>
        <city>Sapporo</city>
        <state>Hokkaido</state>
        <country>Japan</country>
      </address>
    </facility>
    <status>Recruiting</status>
  </location>
  <location>
    <facility>
      <name>Investigational Site Number 010</name>
      <address>
        <city>Kobe</city>
        <state>Hyogo</state>
        <country>Japan</country>
      </address>
    </facility>
    <status>Recruiting</status>
  </location>
  <location>
    <facility>
      <name>Investigational Site Number 013</name>
      <address>
        <city>Kobe</city>
        <state>Hyogo</state>
        <country>Japan</country>
      </address>
    </facility>
    <status>Recruiting</status>
  </location>
  <location>
    <facility>
      <name>Investigational Site Number 017</name>
      <address>
        <city>Takarazuka</city>
        <state>Hyogo</state>
        <country>Japan</country>
      </address>
    </facility>
    <status>Recruiting</status>
  </location>
  <location>
    <facility>
      <name>Investigational Site Number 025</name>
      <address>
        <city>Yokohama</city>
        <state>Kanagawa</state>
        <country>Japan</country>
      </address>
    </facility>
    <status>Recruiting</status>
  </location>
  <location>
    <facility>
      <name>Investigational Site Number 029</name>
      <address>
        <city>Yokohama</city>
        <state>Kanagawa</state>
        <country>Japan</country>
      </address>
    </facility>
    <status>Recruiting</status>
  </location>
  <location>
    <facility>
      <name>Investigational Site Number 018</name>
      <address>
        <city>Kashihara</city>
        <state>Nara</state>
        <country>Japan</country>
      </address>
    </facility>
    <status>Recruiting</status>
  </location>
  <location>
    <facility>
      <name>Investigational Site Number 026</name>
      <address>
        <city>Suita</city>
        <state>Osaka</state>
        <country>Japan</country>
      </address>
    </facility>
    <status>Recruiting</status>
  </location>
  <location>
    <facility>
      <name>Investigational Site Number 022</name>
      <address>
        <city>Ōtsu</city>
        <state>Shiga</state>
        <country>Japan</country>
      </address>
    </facility>
    <status>Recruiting</status>
  </location>
  <location>
    <facility>
      <name>Investigational Site Number 014</name>
      <address>
        <city>Izumo</city>
        <state>Shimane</state>
        <country>Japan</country>
      </address>
    </facility>
    <status>Recruiting</status>
  </location>
  <location>
    <facility>
      <name>Investigational Site Number 024</name>
      <address>
        <city>Bunkyō-Ku</city>
        <state>Tokyo</state>
        <country>Japan</country>
      </address>
    </facility>
    <status>Recruiting</status>
  </location>
  <location>
    <facility>
      <name>Investigational Site Number 021</name>
      <address>
        <city>Chuo Ku</city>
        <state>Tokyo</state>
        <country>Japan</country>
      </address>
    </facility>
    <status>Recruiting</status>
  </location>
  <location>
    <facility>
      <name>Investigational Site Number 009</name>
      <address>
        <city>Itabashi-ku</city>
        <state>Tokyo</state>
        <country>Japan</country>
      </address>
    </facility>
    <status>Recruiting</status>
  </location>
  <location>
    <facility>
      <name>Investigational Site Number 006</name>
      <address>
        <city>Minato-Ku</city>
        <state>Tokyo</state>
        <country>Japan</country>
      </address>
    </facility>
    <status>Recruiting</status>
  </location>
  <location>
    <facility>
      <name>Investigational Site Number 004</name>
      <address>
        <city>Shinagawa-Ku</city>
        <state>Tokyo</state>
        <country>Japan</country>
      </address>
    </facility>
    <status>Recruiting</status>
  </location>
  <location>
    <facility>
      <name>Investigational Site Number 008</name>
      <address>
        <city>Shinjuku-Ku</city>
        <state>Tokyo</state>
        <country>Japan</country>
      </address>
    </facility>
    <status>Recruiting</status>
  </location>
  <location>
    <facility>
      <name>Investigational Site Number 023</name>
      <address>
        <city>Shinjuku-Ku</city>
        <state>Tokyo</state>
        <country>Japan</country>
      </address>
    </facility>
    <status>Recruiting</status>
  </location>
  <location>
    <facility>
      <name>Investigational Site Number 012</name>
      <address>
        <city>Hiroshima</city>
        <country>Japan</country>
      </address>
    </facility>
    <status>Recruiting</status>
  </location>
  <location>
    <facility>
      <name>Investigational Site Number 001</name>
      <address>
        <city>Kumamoto</city>
        <country>Japan</country>
      </address>
    </facility>
    <status>Recruiting</status>
  </location>
  <location>
    <facility>
      <name>Investigational Site Number 002</name>
      <address>
        <city>Kyoto</city>
        <country>Japan</country>
      </address>
    </facility>
    <status>Recruiting</status>
  </location>
  <location>
    <facility>
      <name>Investigational Site Number 015</name>
      <address>
        <city>Nagasaki</city>
        <country>Japan</country>
      </address>
    </facility>
    <status>Recruiting</status>
  </location>
  <location>
    <facility>
      <name>Investigational Site Number 016</name>
      <address>
        <city>Saga</city>
        <country>Japan</country>
      </address>
    </facility>
    <status>Recruiting</status>
  </location>
  <location_countries>
    <country>Japan</country>
  </location_countries>
  <verification_date>May 2020</verification_date>
  <study_first_submitted>January 8, 2019</study_first_submitted>
  <study_first_submitted_qc>January 16, 2019</study_first_submitted_qc>
  <study_first_posted type="Actual">January 17, 2019</study_first_posted>
  <last_update_submitted>May 27, 2020</last_update_submitted>
  <last_update_submitted_qc>May 27, 2020</last_update_submitted_qc>
  <last_update_posted type="Actual">May 29, 2020</last_update_posted>
  <responsible_party>
    <responsible_party_type>Sponsor</responsible_party_type>
  </responsible_party>
  <condition_browse>
    <!-- CAUTION:  The following MeSH terms are assigned with an imperfect algorithm            -->
    <mesh_term>Respiratory Distress Syndrome, Newborn</mesh_term>
    <mesh_term>Respiratory Distress Syndrome, Adult</mesh_term>
    <mesh_term>Acute Lung Injury</mesh_term>
    <mesh_term>Syndrome</mesh_term>
  </condition_browse>
  <!-- Results have not yet been posted for this study                                          -->
</clinical_study>

