<?xml version="1.0" encoding="UTF-8"?>
<clinical_study rank="2654">
  <!-- This xml conforms to an XML Schema at:
    https://clinicaltrials.gov/ct2/html/images/info/public.xsd -->
  <required_header>
    <download_date>ClinicalTrials.gov processed this data on February 08, 2021</download_date>
    <link_text>Link to the current ClinicalTrials.gov record.</link_text>
    <url>https://clinicaltrials.gov/show/NCT04328441</url>
  </required_header>
  <id_info>
    <org_study_id>NL73249.041.20</org_study_id>
    <nct_id>NCT04328441</nct_id>
  </id_info>
  <brief_title>Reducing Health Care Workers Absenteeism in Covid-19 Pandemic Through BCG Vaccine</brief_title>
  <acronym>BCG-CORONA</acronym>
  <official_title>Reducing Health Care Workers Absenteeism in COVID-19 Pandemic by Enhanced Trained Immune Responses Through Bacillus Calmette-Guérin Vaccination, a Randomized Controlled Trial.</official_title>
  <sponsors>
    <lead_sponsor>
      <agency>UMC Utrecht</agency>
      <agency_class>Other</agency_class>
    </lead_sponsor>
    <collaborator>
      <agency>Radboud University</agency>
      <agency_class>Other</agency_class>
    </collaborator>
  </sponsors>
  <source>UMC Utrecht</source>
  <oversight_info>
    <has_dmc>No</has_dmc>
    <is_fda_regulated_drug>No</is_fda_regulated_drug>
    <is_fda_regulated_device>No</is_fda_regulated_device>
    <is_us_export>No</is_us_export>
  </oversight_info>
  <brief_summary>
    <textblock>
      Rationale: Covid-19 spreads rapidly throughout the world. A large epidemic in the Netherlands&#xD;
      would seriously challenge the available hospital capacity, and this would be augmented by&#xD;
      absenteeism of healthcare workers (HCW). Strategies to prevent absenteeism of HCW are,&#xD;
      therefore, desperately needed to safeguard continuous patient care. Bacille Calmette-Guérin&#xD;
      (BCG) is a vaccine against tuberculosis, with protective non-specific effects against other&#xD;
      respiratory tract infections in in vitro and in vivo studies, and reported significant&#xD;
      reductions in morbidity and mortality. The hypothesis is that BCG vaccination can reduce HCW&#xD;
      absenteeism during the epidemic phase of Covid-19.&#xD;
&#xD;
      Objective: Primary objective: To reduce absenteeism among HCW with direct patient contacts&#xD;
      during the epidemic phase of Covid-19. Secondary objective: To reduce hospital admission, ICU&#xD;
      admission or death in HCW with direct patient contacts during the epidemic phase of Covid-19.&#xD;
&#xD;
      Study design: A placebo-controlled adaptive multi-centre randomized controlled trial.&#xD;
&#xD;
      Study population: HCW with direct patient contacts among which nurses and physicians working&#xD;
      at emergency rooms and wards where Covid-19-infected patients are treated.&#xD;
&#xD;
      Intervention: Participants will be randomized between intracutaneous administration of BCG&#xD;
      vaccine or placebo in a 1:1 ratio.&#xD;
&#xD;
      Main study parameters/endpoints: Primary endpoint: number of days of (unplanned) absenteeism&#xD;
      for any reason. Secondary endpoints include the number of days of (unplanned) absenteeism&#xD;
      because of documented Covid-19 infection, and the cumulative incidence of hospital admission,&#xD;
      Intensive Care Admission, and death.&#xD;
&#xD;
      Nature and extent of the burden and risks associated with participation, benefit and group&#xD;
      relatedness: Based on previous experience and randomized controlled trials in adult and&#xD;
      elderly individuals, the risks of BCG vaccination are considered low. The objective of this&#xD;
      trial is to evaluate the beneficial effects of BCG vaccination through a lower work&#xD;
      absenteeism rate of HCW and/or a mitigated clinical course of Covid-19 infection. The primary&#xD;
      endpoint and the adaptive design with frequent interim analyses facilitate maximum efficiency&#xD;
      of the trial, so that results can inform policy making during the ongoing epidemic.&#xD;
    </textblock>
  </brief_summary>
  <detailed_description>
    <textblock>
      Since the beginning of 2020, SARS-CoV-2 spread rapidly throughout China and the rest of the&#xD;
      world, with on 27 February 2020 the first detected case in the Netherlands.&#xD;
&#xD;
      According to the WHO, Health-care workers (HCW) face an elevated risk of exposure to - and&#xD;
      infection of Covid-19.&#xD;
&#xD;
      Bacillus Calmette-Guérin (BCG) was developed as a vaccine against tuberculosis, but studies&#xD;
      have shown its ability to induce potent protection against other infectious diseases: the so&#xD;
      called non-specific effects (NSEs). A favorable in vitro or in vivo effect has been observed&#xD;
      in studies for distinct viral pathogens, e.g. respiratory syncytial virus, yellow fever,&#xD;
      herpes simplex virus; human papilloma virus.&#xD;
&#xD;
      Based on the capacity of BCG to reduce the incidence of respiratory tract infections in&#xD;
      children, to exert antiviral effects in experimental models; and to reduce viremia in an&#xD;
      experimental human model of viral infection, the hypothesis is that BCG vaccination induces&#xD;
      (partial) protection against susceptibility to and/or severity of Covid-19 infection. This&#xD;
      study evaluates the efficacy of BCG to improve the clinical course of Covid-19 infection and&#xD;
      to prevent absenteeism in order to safeguard continuous patient care.&#xD;
&#xD;
      This randomized controlled trial has been designed as a pragmatic study with a highly&#xD;
      feasible primary endpoint, which is unplanned absenteeism, that can be continuously measured&#xD;
      on a bi-weekly basis). This allows for the most rapid identification of a beneficial outcome&#xD;
      that would allow other HCWs to also benefit from the intervention if and as soon as it has&#xD;
      been demonstrated to be effective.&#xD;
    </textblock>
  </detailed_description>
  <overall_status>Active, not recruiting</overall_status>
  <start_date type="Actual">March 25, 2020</start_date>
  <completion_date type="Anticipated">April 30, 2021</completion_date>
  <primary_completion_date type="Anticipated">March 31, 2021</primary_completion_date>
  <phase>Phase 3</phase>
  <study_type>Interventional</study_type>
  <has_expanded_access>No</has_expanded_access>
  <study_design_info>
    <allocation>Randomized</allocation>
    <intervention_model>Parallel Assignment</intervention_model>
    <primary_purpose>Prevention</primary_purpose>
    <masking>Quadruple (Participant, Care Provider, Investigator, Outcomes Assessor)</masking>
    <masking_description>Unblinded are the pharmacist and the research nurse that administers the study medication. These persons are not involved in the further conduction of the trial or in the assessment of outcomes.</masking_description>
  </study_design_info>
  <primary_outcome>
    <measure>Health Care Workers absenteeism</measure>
    <time_frame>Maximum of 365 days</time_frame>
    <description>Number of days of unplanned absenteeism for any reason</description>
  </primary_outcome>
  <secondary_outcome>
    <measure>the cumulative incidence of documented COVID-19</measure>
    <time_frame>Maximum of 365 days</time_frame>
  </secondary_outcome>
  <secondary_outcome>
    <measure>the cumulative incidence of Hospital Admission due to documented COVID-19</measure>
    <time_frame>Maximum of 365 days</time_frame>
  </secondary_outcome>
  <secondary_outcome>
    <measure>the number of days of unplanned absenteeism, because of documented COVID-19</measure>
    <time_frame>Maximum of 365 days</time_frame>
  </secondary_outcome>
  <secondary_outcome>
    <measure>the cumulative incidence of self-reported acute respiratory symptoms or fever</measure>
    <time_frame>Maximum of 365 days</time_frame>
  </secondary_outcome>
  <secondary_outcome>
    <measure>the cumulative incidence of death due to documented COVID-19</measure>
    <time_frame>Maximum of 365 days</time_frame>
  </secondary_outcome>
  <secondary_outcome>
    <measure>the cumulative incidence of Intensive Care Admission due to documented COVID-19</measure>
    <time_frame>Maximum of 365 days</time_frame>
  </secondary_outcome>
  <secondary_outcome>
    <measure>the number of days of absenteeism, because of imposed quarantine as a result of exposure to COVID-19</measure>
    <time_frame>Maximum of 365 days</time_frame>
    <description>Exploratory</description>
  </secondary_outcome>
  <secondary_outcome>
    <measure>the number of days of absenteeism, because of imposed quarantine as a result of having acute respiratory symptoms, fever or documented COVID-19</measure>
    <time_frame>Maximum of 365 days</time_frame>
    <description>Exploratory</description>
  </secondary_outcome>
  <secondary_outcome>
    <measure>the number of days of unplanned absenteeism because of self-reported acute respiratory symptoms</measure>
    <time_frame>Maximum of 365 days</time_frame>
    <description>Exploratory</description>
  </secondary_outcome>
  <secondary_outcome>
    <measure>the number of days of self-reported fever (≥38 gr C)</measure>
    <time_frame>Maximum of 365 days</time_frame>
    <description>Exploratory</description>
  </secondary_outcome>
  <secondary_outcome>
    <measure>the cumulative incidence of self-reported fever (≥38 gr C)</measure>
    <time_frame>Maximum of 365 days</time_frame>
    <description>Exploratory</description>
  </secondary_outcome>
  <secondary_outcome>
    <measure>the number of days of self-reported acute respiratory symptoms</measure>
    <time_frame>Maximum of 365 days</time_frame>
    <description>Exploratory</description>
  </secondary_outcome>
  <secondary_outcome>
    <measure>the cumulative incidence of self-reported acute respiratory symptoms</measure>
    <time_frame>Maximum of 365 days</time_frame>
    <description>Exploratory</description>
  </secondary_outcome>
  <secondary_outcome>
    <measure>the cumulative incidence of death for any reason</measure>
    <time_frame>Maximum of 365 days</time_frame>
    <description>Exploratory</description>
  </secondary_outcome>
  <secondary_outcome>
    <measure>the cumulative incidence of Intensive Care Admission for any reason</measure>
    <time_frame>Maximum of 365 days</time_frame>
    <description>Exploratory</description>
  </secondary_outcome>
  <secondary_outcome>
    <measure>the cumulative incidence of Hospital Admission for any reason</measure>
    <time_frame>Maximum of 365 days</time_frame>
    <description>Exploratory</description>
  </secondary_outcome>
  <secondary_outcome>
    <measure>the cumulative incidence and magnitude of plasma/serum antibodies (IgA,M,G) and SARS-CoV-2-specific antibodies at 12 weeks after vaccination and at the end of the study period</measure>
    <time_frame>Maximum of 365 days</time_frame>
    <description>Exploratory</description>
  </secondary_outcome>
  <secondary_outcome>
    <measure>the cumulative incidence and magnitude of plasma/serum antibodies (IgA,M,G) and SARS-CoV-2-specific antibodies at 12 weeks after vaccination and at the end of the study period</measure>
    <time_frame>3-6 months after inclusion</time_frame>
    <description>Exploratory</description>
  </secondary_outcome>
  <number_of_arms>2</number_of_arms>
  <enrollment type="Anticipated">1500</enrollment>
  <condition>COVID-19</condition>
  <arm_group>
    <arm_group_label>BCG vaccine</arm_group_label>
    <arm_group_type>Experimental</arm_group_type>
    <description>Intracutaneously 0.1ml BCG vaccine, which accounts for 0.075mg of attenuated Mycobacterium bovis.</description>
  </arm_group>
  <arm_group>
    <arm_group_label>Placebo</arm_group_label>
    <arm_group_type>Placebo Comparator</arm_group_type>
    <description>Intracutaneously 0.1ml of 0.9% NaCl solution</description>
  </arm_group>
  <intervention>
    <intervention_type>Drug</intervention_type>
    <intervention_name>BCG Vaccine</intervention_name>
    <description>Intracutaneously 0.1ml BCG vaccine, which accounts for 0.075mg of attenuated Mycobacterium bovis</description>
    <arm_group_label>BCG vaccine</arm_group_label>
    <other_name>Danish strain 1331</other_name>
  </intervention>
  <intervention>
    <intervention_type>Drug</intervention_type>
    <intervention_name>Placebo</intervention_name>
    <description>Intracutaneously 0.1ml NaCl 0,9%</description>
    <arm_group_label>Placebo</arm_group_label>
    <other_name>NaCl 0,9%</other_name>
  </intervention>
  <eligibility>
    <criteria>
      <textblock>
        Inclusion Criteria:&#xD;
&#xD;
          -  Adult (≥18 years)&#xD;
&#xD;
          -  Male or female&#xD;
&#xD;
          -  Hospital personnel (expected to) taking care for patients with SARS CoV-2 infection&#xD;
&#xD;
        Exclusion Criteria:&#xD;
&#xD;
          -  Known allergy to (components of) the BCG vaccine or serious adverse events to prior&#xD;
             BCG administration&#xD;
&#xD;
          -  Known active or latent Mycobacterium tuberculosis or with another mycobacterial&#xD;
             species. A history with- or a suspicion of M. tuberculosis infection.&#xD;
&#xD;
          -  Fever (&gt;38 C) within the past 24 hours&#xD;
&#xD;
          -  Pregnancy&#xD;
&#xD;
          -  Suspicion of active viral or bacterial infection&#xD;
&#xD;
          -  Vaccination in the past 4 weeks or expected vaccination during the study period,&#xD;
             independent of the type of vaccination.&#xD;
&#xD;
          -  Severely immunocompromised subjects. This exclusion category comprises: a) subjects&#xD;
             with known infection by the human immunodeficiency virus (HIV-1); b) neutropenic&#xD;
             subjects with less than 500 neutrophils/mm3; c) subjects with solid organ&#xD;
             transplantation; d) subjects with bone marrow transplantation; e) subjects under&#xD;
             chemotherapy; f) subjects with primary immunodeficiency; g) severe lymphopenia with&#xD;
             less than 400 lymphocytes/mm3; h) treatment with any anti-cytokine therapies. i)&#xD;
             treatment with oral or intravenous steroids defined as daily doses of 10mg prednisone&#xD;
             or equivalent for longer than 3 months, or probable use of oral or intravenous&#xD;
             steroids in the following four weeks&#xD;
&#xD;
          -  Active solid or non-solid malignancy or lymphoma within the prior two years&#xD;
&#xD;
          -  Direct involvement in the design or the execution of the BCG-CORONA study&#xD;
&#xD;
          -  Expected absence from work of ≥4 of the following 12 weeks due to any reason&#xD;
             (holidays, maternity leave, retirement, planned surgery etc)&#xD;
&#xD;
          -  Employed to the hospital &lt; 22 hours per week&#xD;
&#xD;
          -  Not in possession of a smartphone&#xD;
      </textblock>
    </criteria>
    <gender>All</gender>
    <minimum_age>18 Years</minimum_age>
    <maximum_age>N/A</maximum_age>
    <healthy_volunteers>Accepts Healthy Volunteers</healthy_volunteers>
  </eligibility>
  <overall_official>
    <last_name>Marc Bonten, MD, PhD</last_name>
    <role>Principal Investigator</role>
    <affiliation>UMC Utrecht</affiliation>
  </overall_official>
  <location>
    <facility>
      <name>Jeroen Bosch ziekenhuis</name>
      <address>
        <city>Den Bosch</city>
        <state>Brabant</state>
        <country>Netherlands</country>
      </address>
    </facility>
  </location>
  <location>
    <facility>
      <name>Canisius Wilhelmina Ziekenhuis</name>
      <address>
        <city>Nijmegen</city>
        <state>Gelderland</state>
        <country>Netherlands</country>
      </address>
    </facility>
  </location>
  <location>
    <facility>
      <name>Radboud UMC</name>
      <address>
        <city>Nijmegen</city>
        <state>Gelderland</state>
        <country>Netherlands</country>
      </address>
    </facility>
  </location>
  <location>
    <facility>
      <name>Sint Maartenskliniek</name>
      <address>
        <city>Nijmegen</city>
        <state>Gelderland</state>
        <country>Netherlands</country>
      </address>
    </facility>
  </location>
  <location>
    <facility>
      <name>Noordwest Ziekenhuisgroep locatie Alkmaar</name>
      <address>
        <city>Alkmaar</city>
        <state>Noord Holland</state>
        <country>Netherlands</country>
      </address>
    </facility>
  </location>
  <location>
    <facility>
      <name>Hagaziekenhuis</name>
      <address>
        <city>Den Haag</city>
        <state>Zuid-Holland</state>
        <country>Netherlands</country>
      </address>
    </facility>
  </location>
  <location>
    <facility>
      <name>Leiden University Medical Center</name>
      <address>
        <city>Leiden</city>
        <state>Zuid-Holland</state>
        <country>Netherlands</country>
      </address>
    </facility>
  </location>
  <location>
    <facility>
      <name>Erasmus Medical Center</name>
      <address>
        <city>Rotterdam</city>
        <state>Zuid-Holland</state>
        <country>Netherlands</country>
      </address>
    </facility>
  </location>
  <location>
    <facility>
      <name>University Medical Center Utrecht</name>
      <address>
        <city>Utrecht</city>
        <country>Netherlands</country>
      </address>
    </facility>
  </location>
  <location_countries>
    <country>Netherlands</country>
  </location_countries>
  <verification_date>August 2020</verification_date>
  <study_first_submitted>March 27, 2020</study_first_submitted>
  <study_first_submitted_qc>March 27, 2020</study_first_submitted_qc>
  <study_first_posted type="Actual">March 31, 2020</study_first_posted>
  <last_update_submitted>August 15, 2020</last_update_submitted>
  <last_update_submitted_qc>August 15, 2020</last_update_submitted_qc>
  <last_update_posted type="Actual">August 19, 2020</last_update_posted>
  <responsible_party>
    <responsible_party_type>Principal Investigator</responsible_party_type>
    <investigator_affiliation>UMC Utrecht</investigator_affiliation>
    <investigator_full_name>MJM Bonten</investigator_full_name>
    <investigator_title>Prof. M.J.M. Bonten</investigator_title>
  </responsible_party>
  <keyword>Health care workers</keyword>
  <intervention_browse>
    <!-- CAUTION:  The following MeSH terms are assigned with an imperfect algorithm            -->
    <mesh_term>BCG Vaccine</mesh_term>
  </intervention_browse>
  <patient_data>
    <sharing_ipd>Yes</sharing_ipd>
    <ipd_description>The results of this study will be disclosed unreservedly at the end of the study.</ipd_description>
    <ipd_info_type>Study Protocol</ipd_info_type>
    <ipd_info_type>Statistical Analysis Plan (SAP)</ipd_info_type>
    <ipd_info_type>Informed Consent Form (ICF)</ipd_info_type>
    <ipd_info_type>Clinical Study Report (CSR)</ipd_info_type>
    <ipd_info_type>Analytic Code</ipd_info_type>
    <ipd_time_frame>The content of the study protocol is published. The statistical analysis plan is attached. The informed consent form (in Dutch) could be obtained by sending a mail to one of the contact persons.&#xD;
The clinical study report and analytic code could be obtained by sending a mail to one of the contact persons after publication of the study in a peer-reviewed journal.</ipd_time_frame>
  </patient_data>
  <provided_document_section>
    <provided_document>
      <document_type>Statistical Analysis Plan</document_type>
      <document_has_protocol>No</document_has_protocol>
      <document_has_icf>No</document_has_icf>
      <document_has_sap>Yes</document_has_sap>
      <document_date>May 2, 2020</document_date>
      <document_url>https://ClinicalTrials.gov/ProvidedDocs/41/NCT04328441/SAP_000.pdf</document_url>
    </provided_document>
  </provided_document_section>
  <!-- Results have not yet been posted for this study                                          -->
</clinical_study>

