<?xml version="1.0" encoding="UTF-8"?>
<clinical_study rank="3475">
  <!-- This xml conforms to an XML Schema at:
    https://clinicaltrials.gov/ct2/html/images/info/public.xsd -->
  <required_header>
    <download_date>ClinicalTrials.gov processed this data on February 08, 2021</download_date>
    <link_text>Link to the current ClinicalTrials.gov record.</link_text>
    <url>https://clinicaltrials.gov/show/NCT04285190</url>
  </required_header>
  <id_info>
    <org_study_id>T89-NCP-01</org_study_id>
    <nct_id>NCT04285190</nct_id>
  </id_info>
  <brief_title>The Effect of T89 on Improving Oxygen Saturation and Clinical Symptoms in Patients With COVID-19</brief_title>
  <official_title>A Clinical Study to Investigate the Effect of T89 on Improving Oxygen Saturation and Clinical Symptoms in Patients With Coronavirus Disease 2019 (COVID-19)</official_title>
  <sponsors>
    <lead_sponsor>
      <agency>Tasly Pharmaceuticals, Inc.</agency>
      <agency_class>Industry</agency_class>
    </lead_sponsor>
  </sponsors>
  <source>Tasly Pharmaceuticals, Inc.</source>
  <oversight_info>
    <is_fda_regulated_drug>No</is_fda_regulated_drug>
    <is_fda_regulated_device>No</is_fda_regulated_device>
  </oversight_info>
  <brief_summary>
    <textblock>
      This is an open-label, randomized, blank-controlled treatment clinical study. The objective&#xD;
      of this study is to investigate the effect of T89 on improving oxygen saturation and clinical&#xD;
      symptoms in patients with Coronavirus Disease 2019 (COVID-19). In this study, estimated total&#xD;
      of 120-240 male and female patients who have been diagnosed with non-critical type of&#xD;
      coronavirus pneumonia (COVID-19) will be enrolled and randomly assigned to one of two study&#xD;
      groups, the T89 treatment group and the blank control group, to T89 or nothing on the base of&#xD;
      a recommended standard treatment for up to 14 days . The primary efficacy parameters include&#xD;
      the time to oxygen saturation recovery to normal level (≥97%), the proportion of patients&#xD;
      with normal level of oxygen saturation after treatment, and the total duration of oxygen&#xD;
      inhalation, oxygen flow change by time, oxygen concentration change by time during treatment.&#xD;
    </textblock>
  </brief_summary>
  <detailed_description>
    <textblock>
      The breakout of a new type of coronavirus (SARS-CoV-2) begun in Wuhan of Hubei province in&#xD;
      China in December 2019, and as a result of its rapid spreading nationwide, as of February 16,&#xD;
      2020, a large number of people up to 68,500 totally in China were diagnosed with a new type&#xD;
      of disease of Coronavirus Disease 2019 (COVID-19) and 1665 peoples were died due to this&#xD;
      disease in China. Based on the recent epidemiological investigation, the incubation period of&#xD;
      this new coronavirus is 1-14 days and 3-7 days for most people before they show any symptom,&#xD;
      such as fever, fatigue and dry cough that are the main clinical symptoms a few patients will&#xD;
      also show nasal congestion, runny nose, sore throat and diarrhea and other symptoms. Severe&#xD;
      patients often have dyspnea and/or hypoxemia 1 week after onset of the disease, and the rapid&#xD;
      progression for these patients include acute respiratory distress syndrome, septic shock,&#xD;
      refractory metabolic acidosis and coagulation dysfunction.&#xD;
&#xD;
      According to the &quot;Guidance of Diagnosis and Treatment for Patients with Coronavirus Disease&#xD;
      2019 (COVID-19) (Procedural Version 5 Amendment)&quot; recently issued by National Health&#xD;
      Commission of the People's Republic of China, the general treatment will include close&#xD;
      monitoring vital signs and oxygen saturation at finger, additionally, monitoring routine&#xD;
      blood test, routine urine test, coagulation function, arterial blood gas analysis based on&#xD;
      individual condition, and providing effective oxygen inhalation treatment (including nasal&#xD;
      catheter, mask oxygen supply and transnasal high flow oxygen therapy) in time.&#xD;
&#xD;
      T89 have the effects of activating blood circulation and removing blood stasis, regulating Qi&#xD;
      and relieving pain. Four clinical trials conducted in China and abroad have shown that T89&#xD;
      can effectively alleviate the clinical symptoms of acute high altitude reaction, improve&#xD;
      blood oxygen saturation, significantly increase the exercise time in treadmill and metabolic&#xD;
      equivalents of task and enhance exercise tolerance under hypoxic environment. Modern&#xD;
      pharmacological and gene network-based studies have shown that T89 can improve the oxygen&#xD;
      carrying capacity of red blood cells, increase oxygen saturation, effectively reduce the&#xD;
      injury of major organs such as heart, brain, lung and kidney caused by hypoxia, and prevent&#xD;
      the decrease of oxygen saturation by improving the energy metabolism disorder caused by&#xD;
      hypoxia. At the same time, T89 can inhibit the reduction of hematocrit, albumin leakage,&#xD;
      neutrophil CD18 and adhesion factor of endothelial cells (ICAM-1), by which T89 has a good&#xD;
      therapeutic effect on microcirculation disorders caused by many diseases.&#xD;
&#xD;
      In conclusion, T89 can improve the ability of carrying oxygen of red blood cells, increase&#xD;
      the oxygen saturation, effectively reduce the injury of heart, brain, lung and kidney and&#xD;
      other major organs caused by hypoxia, and it can significantly improve the microcirculation&#xD;
      disorder. At the same time, in the &quot;Guidance for the Diagnosis and Treatment of Infectious&#xD;
      Atypical Pneumonia (Severe Acute Respiratory Syndromes, SARS) P (2003 edition)&quot; has also&#xD;
      recommended T89 can be used as a traditional Chinese patent medicine to treat patients of&#xD;
      advanced stage and severe SARS lung asthma syndrome by its effect of promoting blood&#xD;
      circulation and removing blood stasis. In conclusion, T89 can improve the oxygen saturation&#xD;
      and the clinical symptoms of patients with Coronavirus Disease 2019 (COVID-19), as a result,&#xD;
      there may be some benefits for these patients to use T89 in current clinical treatment.&#xD;
&#xD;
      This exploratory treatment clinical study is to investigate the effect of T89 on improving&#xD;
      oxygen saturation and clinical symptoms in patients with Coronavirus Disease 2019 (COVID-19),&#xD;
      with the study design characterized by open-label, randomized and blank-control. In this&#xD;
      study, an estimated total of 120-240 male and female patients aged 18-85 years old who have&#xD;
      been diagnosed with coronavirus pneumonia (COVID-19), not including critical type in&#xD;
      severity, will be enrolled and randomly assigned to one of two study groups, the T89&#xD;
      treatment group and the blank control group, to receive T89 or nothing for up to 14 days on&#xD;
      the base of a standard treatment recommended by the&quot;Guidance of Diagnosis and Treatment for&#xD;
      Patients with Coronavirus Disease 2019 (COVID-19) (Procedural Version 5 Amendment) .&#xD;
&#xD;
      As planned, this study will be started before March 2020 in hospitals located in Wuhan of&#xD;
      Hubei province in China and completed at the end of next June 2020.&#xD;
    </textblock>
  </detailed_description>
  <overall_status>Withdrawn</overall_status>
  <why_stopped>
    The COVID-19 pandemic in China has ended completely. As a result, patient recruiting is&#xD;
    impossible in China.&#xD;
  </why_stopped>
  <start_date type="Actual">February 26, 2020</start_date>
  <completion_date type="Actual">April 20, 2020</completion_date>
  <primary_completion_date type="Actual">April 15, 2020</primary_completion_date>
  <phase>N/A</phase>
  <study_type>Interventional</study_type>
  <has_expanded_access>No</has_expanded_access>
  <study_design_info>
    <allocation>Randomized</allocation>
    <intervention_model>Parallel Assignment</intervention_model>
    <intervention_model_description>An open-label, randomized, blank-controlled treatment clinical study</intervention_model_description>
    <primary_purpose>Treatment</primary_purpose>
    <masking>None (Open Label)</masking>
  </study_design_info>
  <primary_outcome>
    <measure>The time to oxygen saturation recovery to normal level (≥97%)</measure>
    <time_frame>Day -1 to 10</time_frame>
    <description>From screening to the end of treatment, for all patients randomized, oxygen saturation will be assessed for 3 times daily, the time to oxygen saturation recovery to normal level (≥97%) will be calculated finally based on that record and compared between two groups.</description>
  </primary_outcome>
  <primary_outcome>
    <measure>The proportion of patients with normal level of oxygen saturation(≥97%)</measure>
    <time_frame>Day -1 to 10</time_frame>
    <description>The proportion of patients with normal level of oxygen saturation(≥97%) after treatment will be calculated finally based on that record and compared between two groups.</description>
  </primary_outcome>
  <secondary_outcome>
    <measure>The degree of remission of symptoms of patients, including: fatigue, nausea, vomiting, chest tightness, shortness of breath, etc.</measure>
    <time_frame>Day -1 to 10</time_frame>
    <description>From screening to the end of treatment, for all patients randomized, the symptoms will be assessed 2 times daily, and the time to achievement of remission for each symptom will be calculated finally based on the record and compared between two groups.</description>
  </secondary_outcome>
  <secondary_outcome>
    <measure>The time to the myocardial enzyme spectrum recovery to normal after treatment</measure>
    <time_frame>Day -1, 3, 7 and 10</time_frame>
    <description>From screening to the end of treatment, for all patients randomized, myocardial enzyme spectrum will be assessed on Day -1, Day 3, 7 and 10 post treatment. The time to the myocardial enzyme spectrum recovery to normal will be calculated finally based on the record and compared between two groups.</description>
  </secondary_outcome>
  <secondary_outcome>
    <measure>The proportion of the patients with normal myocardial enzyme spectrum after treatment</measure>
    <time_frame>Day -1, 3, 7 and 10</time_frame>
    <description>From screening to the end of treatment, for all patients randomized, myocardial enzyme spectrum will be assessed on Day -1, Day 3, 7 and 10 post treatment. The proportion with normal myocardial enzyme spectrum after treatment will be calculated finally based on the record and compared between two groups.</description>
  </secondary_outcome>
  <secondary_outcome>
    <measure>The time to the electrocardiogram recovery to normal level after treatment</measure>
    <time_frame>Day -1, 3, 7 and 10</time_frame>
    <description>From screening to the end of treatment, for all patients randomized, 12-lead electrocardiogram will be assessed on Day -1, Day 3, 7 and 10 post treatment. The time to the myocardial enzyme spectrum recovery to normal level will be calculated finally based on the record and compared between two groups.</description>
  </secondary_outcome>
  <secondary_outcome>
    <measure>The proportion of the patients with normal electrocardiogram after treatment</measure>
    <time_frame>Day -1, 3, 7 and 10</time_frame>
    <description>From screening to the end of treatment, for all patients randomized, 12-lead electrocardiogram will be assessed on Day -1, Day 3, 7 and 10 post treatment. The proportion with normal electrocardiogram will be calculated finally based on the record and compared between two groups.</description>
  </secondary_outcome>
  <secondary_outcome>
    <measure>The time to the hemodynamics recovery to normal after treatment</measure>
    <time_frame>Day -1 and 10</time_frame>
    <description>From screening to the end of treatment, for all patients randomized, the hemodynamics will be assessed on Day -1, Day 3, 7 and 10 post treatment. The time to the hemodynamics recovery to normal will be calculated finally based on the record and compared between two groups.</description>
  </secondary_outcome>
  <secondary_outcome>
    <measure>The proportion of the patients with normal hemodynamics after treatment</measure>
    <time_frame>Day -1 and 10</time_frame>
    <description>From screening to the end of treatment, for all patients randomized, the hemodynamics will be assessed on Day -1, Day 3, 7 and 10 post treatment. The proportion with normal hemodynamics will be calculated finally based on the record and compared between two groups.</description>
  </secondary_outcome>
  <secondary_outcome>
    <measure>The time to exacerbation or remission of the disease after treatment;</measure>
    <time_frame>Day -1 to 10</time_frame>
    <description>From screening to the end of treatment, for all patients randomized, the clinical severity will be assessed 1 time daily. The time to exacerbation or remission of the disease will be calculated finally based on the record and compared between two groups.</description>
  </secondary_outcome>
  <secondary_outcome>
    <measure>The proportion of the patients with exacerbation or remission of disease after treatment</measure>
    <time_frame>Day -1 to 10</time_frame>
    <description>From screening to the end of treatment, for all patients randomized, the clinical severity will be assessed 1 time daily. The proportion of patients whose disease get aggravated or alleviated will be calculated finally based on the record and compared between two groups.</description>
  </secondary_outcome>
  <secondary_outcome>
    <measure>The proportion of patients who need other treatment (e.g. heparin, anticoagulants) due to microcirculation disorders</measure>
    <time_frame>Day -1 to 10</time_frame>
    <description>From screening to the end of treatment, for all patients randomized, the need for additional treatment will be recorded and compared between two groups.</description>
  </secondary_outcome>
  <secondary_outcome>
    <measure>The all-cause mortality rate</measure>
    <time_frame>Day -1 to 10</time_frame>
    <description>For all patients, the mortality will be recorded in each group and the rate will be compared between two groups.</description>
  </secondary_outcome>
  <secondary_outcome>
    <measure>The proportion of patients with acidosis</measure>
    <time_frame>Day -1 and 10</time_frame>
    <description>From screening to the end of treatment, for all patients randomized, the proportion of patients with acidosis will be compared between two groups based on the hemodynamics results.</description>
  </secondary_outcome>
  <secondary_outcome>
    <measure>The total duration of the patients in-hospital</measure>
    <time_frame>Day -1 to 10</time_frame>
    <description>For all patients, the duration of hospitalization will be recorded in each group and compared between two groups.</description>
  </secondary_outcome>
  <secondary_outcome>
    <measure>The total duration of oxygen inhalation during treatment</measure>
    <time_frame>Day -1 to 10</time_frame>
    <description>From screening to the end of treatment, for all patients randomized, the total duration of oxygen inhalation during oxygen treatment will be assessed and compared, if applicable, between two groups.</description>
  </secondary_outcome>
  <secondary_outcome>
    <measure>The oxygen flow rate during treatment</measure>
    <time_frame>Day -1 to 10</time_frame>
    <description>From screening to the end of treatment, for all patients randomized, the oxygen flow rate during oxygen treatment will be assessed and compared, if applicable, between two groups.</description>
  </secondary_outcome>
  <secondary_outcome>
    <measure>The oxygen concentration during treatment</measure>
    <time_frame>Day -1 to 10</time_frame>
    <description>From screening to the end of treatment, for all patients randomized, the oxygen concentration during oxygen treatment will be assessed and compared, if applicable, between two groups.</description>
  </secondary_outcome>
  <number_of_arms>2</number_of_arms>
  <enrollment type="Actual">0</enrollment>
  <condition>Coronavirus Disease 2019</condition>
  <condition>Novel Coronavirus Pneumonia</condition>
  <arm_group>
    <arm_group_label>The T89 treatment group</arm_group_label>
    <arm_group_type>Experimental</arm_group_type>
    <description>Besides a standard background treatment (antiviral drug + antibacterial + oxygen therapy + Traditional Chinese Medicine decoction), all subjects in the T89 treatment group will receive 30 pills of T89 each time, orally, BID(every morning and evening), for 10 days (Depending on clinical need and practicability, the use can be extended for up to 14 days).</description>
  </arm_group>
  <arm_group>
    <arm_group_label>The blank control group</arm_group_label>
    <arm_group_type>No Intervention</arm_group_type>
    <description>All subjects in the blank control group will only receive a standard background treatment (antiviral drug + antibacterial + oxygen therapy + Traditional Chinese Medicine decoction), for 10 days.</description>
  </arm_group>
  <intervention>
    <intervention_type>Drug</intervention_type>
    <intervention_name>T89</intervention_name>
    <description>The subjects in the T89 treatment group will receive 30 pills of T89 orally, bid., for 10 days, except a standard background treatment (antiviral drug + antibacterial + oxygen therapy+ Traditional Chinese Medicine decoction). The subjects in the blank control group will only receive a standard background treatment.</description>
    <arm_group_label>The T89 treatment group</arm_group_label>
    <other_name>Dantonic</other_name>
  </intervention>
  <eligibility>
    <criteria>
      <textblock>
        Inclusion Criteria:&#xD;
&#xD;
          1. Adult male or female patients aged 18-85 years old;&#xD;
&#xD;
          2. The newly diagnosed COVID-19 patients who meet the diagnostic criteria set forth in&#xD;
             the &quot;Guidance of Diagnosis and Treatment for Patients with Coronavirus Disease 2019&#xD;
             (COVID-19) (Procedural Version 5 Amendment)&quot;, issued by the National Health Commission&#xD;
             of the People's Republic of China on 8 February 2020;&#xD;
&#xD;
          3. Patients whose blood oxygen saturation is not less than 90%.&#xD;
&#xD;
          4. Patients who agree to participate in the study and voluntarily comply with the&#xD;
             relevant requirements of the study.&#xD;
&#xD;
        Exclusion Criteria:&#xD;
&#xD;
          1. Patients with other diseases that may affect, in the opinion of study researchers, the&#xD;
             implementation of the study or the observation of the efficacy data;&#xD;
&#xD;
          2. Patients with severe Coronavirus Disease 2019 (COVID-19), that is based on &quot;Guidance&#xD;
             of Diagnosis and Treatment for Patients with Coronavirus Disease 2019 (COVID-19)&#xD;
             (Procedural Version 5 Amendment)&quot; with respect to the criteria for clinical severity&#xD;
             classification;&#xD;
&#xD;
          3. Female patients with known pregnancy and in lactation at screening;&#xD;
&#xD;
          4. Patients with previous allergies to T89 or Radix Salvia Miltiorrhizae, Radix&#xD;
             Notoginseng and Borneol;&#xD;
&#xD;
          5. Any other condition that, in the opinion of the investigator, may affect the conduct&#xD;
             of the study, reduce compliance or increase the risk of patients.&#xD;
      </textblock>
    </criteria>
    <gender>All</gender>
    <minimum_age>18 Years</minimum_age>
    <maximum_age>85 Years</maximum_age>
    <healthy_volunteers>No</healthy_volunteers>
  </eligibility>
  <overall_official>
    <last_name>Shuiping Zhou, PhD</last_name>
    <role>Study Chair</role>
    <affiliation>Tasly Pharmaceutical Group Co., Ltd</affiliation>
  </overall_official>
  <verification_date>March 2020</verification_date>
  <study_first_submitted>February 19, 2020</study_first_submitted>
  <study_first_submitted_qc>February 24, 2020</study_first_submitted_qc>
  <study_first_posted type="Actual">February 26, 2020</study_first_posted>
  <last_update_submitted>June 12, 2020</last_update_submitted>
  <last_update_submitted_qc>June 12, 2020</last_update_submitted_qc>
  <last_update_posted type="Actual">June 16, 2020</last_update_posted>
  <responsible_party>
    <responsible_party_type>Sponsor</responsible_party_type>
  </responsible_party>
  <keyword>COVID-19</keyword>
  <condition_browse>
    <!-- CAUTION:  The following MeSH terms are assigned with an imperfect algorithm            -->
    <mesh_term>Coronavirus Infections</mesh_term>
    <mesh_term>Pneumonia</mesh_term>
  </condition_browse>
  <patient_data>
    <sharing_ipd>No</sharing_ipd>
    <ipd_description>No plan to share</ipd_description>
  </patient_data>
  <!-- Results have not yet been posted for this study                                          -->
</clinical_study>

