<?xml version="1.0" encoding="UTF-8"?>
<clinical_study rank="3295">
  <!-- This xml conforms to an XML Schema at:
    https://clinicaltrials.gov/ct2/html/images/info/public.xsd -->
  <required_header>
    <download_date>ClinicalTrials.gov processed this data on February 08, 2021</download_date>
    <link_text>Link to the current ClinicalTrials.gov record.</link_text>
    <url>https://clinicaltrials.gov/show/NCT04286503</url>
  </required_header>
  <id_info>
    <org_study_id>BeijingYouan Hospital</org_study_id>
    <nct_id>NCT04286503</nct_id>
  </id_info>
  <brief_title>The Clinical Study of Carrimycin on Treatment Patients With COVID-19</brief_title>
  <official_title>The Efficacy and Safety of Carrimycin Treatment in Patients With Novel Coronavirus Infectious Disease (COVID-19) : A Multicenter, Randomized, Open-controlled Study</official_title>
  <sponsors>
    <lead_sponsor>
      <agency>Beijing YouAn Hospital</agency>
      <agency_class>Other</agency_class>
    </lead_sponsor>
    <collaborator>
      <agency>Shenyang Tonglian Group CO., Ltd</agency>
      <agency_class>Industry</agency_class>
    </collaborator>
    <collaborator>
      <agency>Institute of Medicine and Biotechnology, Chinese Academy of Medical Sciences</agency>
      <agency_class>Other</agency_class>
    </collaborator>
    <collaborator>
      <agency>Huangshi Central Hospital</agency>
      <agency_class>Other</agency_class>
    </collaborator>
    <collaborator>
      <agency>Shenyang Pharmaceutical University</agency>
      <agency_class>Other</agency_class>
    </collaborator>
    <collaborator>
      <agency>First Affiliated Hospital of Chongqing Medical University</agency>
      <agency_class>Other</agency_class>
    </collaborator>
    <collaborator>
      <agency>The Second Affiliated Hospital of Harbin Medical University</agency>
      <agency_class>Other</agency_class>
    </collaborator>
    <collaborator>
      <agency>No.2 People's Hospital of Fuyang City</agency>
      <agency_class>Other</agency_class>
    </collaborator>
    <collaborator>
      <agency>First Affiliated Hospital Bengbu Medical College</agency>
      <agency_class>Other</agency_class>
    </collaborator>
    <collaborator>
      <agency>Renmin Hospital of Wuhan University</agency>
      <agency_class>Other</agency_class>
    </collaborator>
    <collaborator>
      <agency>The sixth people's hospital of Shenyang</agency>
      <agency_class>Other</agency_class>
    </collaborator>
    <collaborator>
      <agency>Nanyang Central Hospital</agency>
      <agency_class>Other</agency_class>
    </collaborator>
  </sponsors>
  <source>Beijing YouAn Hospital</source>
  <oversight_info>
    <is_fda_regulated_drug>No</is_fda_regulated_drug>
    <is_fda_regulated_device>No</is_fda_regulated_device>
  </oversight_info>
  <brief_summary>
    <textblock>
      The novel coronavirus infectious disease ( COVID-19&quot;) induced by novel&#xD;
      coronavirus(SARS-CoV-2) in December 2019 has outbreaked in Wuhan. It may lead to epidemic&#xD;
      risk in global. As the COVID-19 is an emerging infectious disease, it has not scientifically&#xD;
      recognized and has no effective drugs for treatment currently. Therefore, we will launch a&#xD;
      scientific project &quot;The efficacy and safety of carrimycin treatment in 520 patients with&#xD;
      COVID-19 stratificated clinically: A multicenter, randomized (1:1), open-controlled (one of&#xD;
      lopinavir/ritonavir tablets or Arbidol or chloroquine phosphate) study&quot; . We try to establish&#xD;
      the criteria for clinical cure and the early predictive model of COVID-19 progression. The&#xD;
      primary efficiency outcomes were:(1) Fever to normal time (day); (2) Pulmonary inflammation&#xD;
      resolution time (HRCT) (day); and (3)Negative conversion (%) of SARS-CoV-2 RNA at the end of&#xD;
      treatment. The secondary efficiency outcomes and adverse events were observed.&#xD;
    </textblock>
  </brief_summary>
  <detailed_description>
    <textblock>
      1. Data management The electronic data collection system (EDC) will be used in this study&#xD;
           for the collection and management of the study data to ensure the traceability of the&#xD;
           clinical trial data; the data management process shall comply with the GCP specification&#xD;
           to ensure the authenticity, integrity and accuracy of clinical trial data. The main data&#xD;
           management processes are listed below. For other details, please refer to the data&#xD;
           management plan (DMP).&#xD;
&#xD;
           DMP is written by the data manager (DM) as the guiding document for data management. The&#xD;
           data management work will be carried out according to the time, content and method&#xD;
           defined by DMP.&#xD;
&#xD;
           1.1Design and establishment of database The data manager designs and constructs the&#xD;
           database according to the trial protocol, and sets up the logic verification according&#xD;
           to the data validation plan (DVP), which i released for use after passing the test and&#xD;
           being approved by the investigator.&#xD;
&#xD;
           1.2Data entry The investigator or a person authorized by the investigator shall timely&#xD;
           complete the online data entry after the subject visit, use the printed eCRF form first&#xD;
           if necessary, and, in case of data correction in eCRF if required, fill in the reason&#xD;
           for the data modification according to the system prompt. The logic validation program&#xD;
           of the EDC system will logically check the input data and question the problem data, so&#xD;
           as to facilitate the modification or interpretation by the investigator or the person&#xD;
           authorized by the investigator.&#xD;
&#xD;
           1.3Source data validation (SDV) The investigator logs on EDC on the study site, 100%&#xD;
           check the consistency of eCRF data and source data, and ask questions at any time in&#xD;
           case of any problem.&#xD;
&#xD;
           1.4Data cleaning After investigator or the person authorized by the investigator enters&#xD;
           the data to EDC according to the protocol requirements, the data manager and medical&#xD;
           personnel shall review the data. The problems in the review shall be answered by the&#xD;
           investigator or the person authorized by the investigator in the form of question until&#xD;
           the question is closed.&#xD;
&#xD;
           1.5Medical coding The medical coder performs medical coding, including combined drugs&#xD;
           and adverse events. Adverse events will be coded according to the MedDRA (20.0 or above)&#xD;
           dictionary and the combined drugs will be classified by WHO ATC.&#xD;
&#xD;
           During the coding process, DM can question the investigator online in real time about&#xD;
           failure of coding caused by improper, inaccurate or ambiguous medical terms provided.&#xD;
&#xD;
           A medical review is required for the medical coding before the database lock.&#xD;
           1.6External data management NA 1.7Data review meeting The study leader, statistician and&#xD;
           data manager make the data review before statistical analysis to review the subject&#xD;
           completion, protocol violation, adverse events, analysis data sets (including FAS, PPS&#xD;
           and SS) to determine the attribution of each subject, judgment of missing value and&#xD;
           treatment of outliers. Decisions made on the review meeting cannot be modified after the&#xD;
           database lock, and any decisions must be documented.&#xD;
&#xD;
           1.8Electronic signature of investigator After the database is frozen, the investigator&#xD;
           conducts electronic signature verification and shall sign the name again in case of data&#xD;
           revision after signature.&#xD;
&#xD;
           1.9Data lock and export After the data in the database meets the quality requirements, a&#xD;
           written approval document of database lock is signed by the data manager, statistical&#xD;
           analyst and investigator representative according to the database lock procedures,&#xD;
           exported by the data manager to the database of specified format and submitted to the&#xD;
           statistician for statistical analysis.&#xD;
&#xD;
        2. Statistical analysis See the &quot;Statistical analysis plan&quot; for the details of the&#xD;
           statistical analysis. The statistician and the principal investigator finalize the plan&#xD;
           according to the data characteristics through discussion before the database lock. This&#xD;
           protocol only describes the basic statistical analysis content, and the actual content&#xD;
           shall be subject to the statistical analysis plan.&#xD;
&#xD;
           2.1Analysis data set 2.1.1Full Analysis Set (FAS): a set of all cases randomized to use&#xD;
           the study drug at least once.&#xD;
&#xD;
           2.1.2Per Protocol Set (PPS): a data set generated by subjects who have fully complied&#xD;
           with the trial protocol, including treatment received, availability of primary endpoint&#xD;
           measurement, and no significant violation of the trial protocol. Cases withdrawn due to&#xD;
           inefficacy will also be included in PPS. PPS will be subject to the final classification&#xD;
           of the data audit report.&#xD;
&#xD;
           2.1.3Safety Set (SS): a set of subjects who receive at least one treatment with a safety&#xD;
           evaluation after randomization.&#xD;
&#xD;
           2.2Missing data processing method 2.2.1The subjects who have missing primary efficiency&#xD;
           indicators are filled in according to the treatment failure, that is, the pathogen&#xD;
           nucleic acid testing in throat swabs, urine and stool on Days 7-14 after administration&#xD;
           does not convert to negative. Unless otherwise specified, the secondary efficiency&#xD;
           indicators shall be included as observed data in the statistical analysis, and the&#xD;
           missing data shall not be filled in.&#xD;
&#xD;
           2.2.2The safety data shall not be filled in. 2.3Statistical method 2.3.1General&#xD;
           principle&#xD;
&#xD;
           Description of statistics:&#xD;
&#xD;
           The primary indicators collected in this study are described with statistical method.&#xD;
           Quantitative indicators are described by means of mean, standard deviation, median,&#xD;
           quartile, maximum, minimum and the like; qualitative indicators are described by&#xD;
           frequency, percentage and the like.&#xD;
&#xD;
           Statistical test:&#xD;
&#xD;
           Unless otherwise specified, the statistical significance level is 0.05 by two-sided test&#xD;
           (one-sided 0.025) and the 95% confidence interval shall be provided for the estimation&#xD;
           of inter-group variance parameters.&#xD;
&#xD;
           2.3.2Characteristics of cases Subject distribution The population and the number of&#xD;
           enrolled and completed cases in each center are listed, and three analysis data sets&#xD;
           (FAS, PPS, SS) are determined.&#xD;
&#xD;
           A detailed list of the data set categories is made. The number and ratio of subjects who&#xD;
           are randomly enrolled, complete the trial, and withdraw from the trial early and the&#xD;
           reasons are calculated.&#xD;
&#xD;
           The subject distribution flow chart is plotted. General information and baseline&#xD;
           characteristics The demographic information, previous medication history and history of&#xD;
           other diseases of the patients are described with statistical method. General&#xD;
           information and baseline characteristics are described based on FAS.&#xD;
&#xD;
           2.3.3Analysis of drug exposure and drug combination Analysis based on SS. The drug&#xD;
           exposure, dose intensity and exposure time of each group are calculated and subject to&#xD;
           descriptive statistical analysis.&#xD;
&#xD;
           The drug combination is coded by WHO ATC and summarized according to the ATC secondary&#xD;
           classification and PT. The number and ratio of cases are calculated.&#xD;
&#xD;
           2.3.4Efficiency analysis Analysis based on FAS and PPS.&#xD;
&#xD;
           Primary efficiency indicators:&#xD;
&#xD;
           The primary effective indicators are complete antipyresis time, pulmonary imaging&#xD;
           improvement indicators, and negative conversion ratio of pathogen nucleic acid testing&#xD;
           in throat swabs, urine and stool on Days 7-14 after administration.The non-inferiority&#xD;
           evaluation is based on FAS. The statistical significance level is set to one-sided 0.025&#xD;
           and the non-inferiority critical value is set to -10%. The negative conversion ratio of&#xD;
           pathogen nucleic acid testing in throat swabs, urine and stool on Days 7-14 after&#xD;
           administration in the trial group and positive control group is calculated respectively.&#xD;
           The negative conversion ratio difference (trial group - control group) between the trial&#xD;
           group and positive control group as well as the two-sided 95% confidence interval&#xD;
           (95%CI) are calculated. The confidence interval is estimated by Miettinen-Nurminen. If&#xD;
           the lower limit of 95% confidence interval for the negative conversion ratio difference&#xD;
           between the trial group and control group is greater than -10%, it is considered that&#xD;
           the trial drug for the indication is not inferior to the positive control drug. Given&#xD;
           that the non-inferiority hypothesis is true, if it is further obtained that the lower&#xD;
           limit of 95% confidence interval for the negative conversion ratio difference between&#xD;
           the trial group and control group is greater than 0, it is considered that the trial&#xD;
           drug for the indication is superior to the positive control drug. The inter-group ratio&#xD;
           difference and confidence interval estimation results after the site effect control will&#xD;
           be provided simultaneously as the sensitivity analysis and the sites with few subjects&#xD;
           may be combined before analysis.&#xD;
&#xD;
           Secondary efficiency indicators:&#xD;
&#xD;
           The secondary efficiency indicators include negative conversion ratio of pathogen&#xD;
           nucleic acid testing on Day 1, 3, 5, 7, 10 and 14 after administration, negative&#xD;
           conversion time, immune-related indicators (lymphocyte count, lymphocyte percentage,&#xD;
           counts and percentages of CD4 and CD8), SOFA score, white blood cell count and&#xD;
           C-reactive protein. The secondary efficiency indicators are subject to descriptive&#xD;
           statistical analysis according to the data type. Where, for the quantitative data, the&#xD;
           observed values in each visit and the changes in the observed values from baseline after&#xD;
           treatment are analyzed descriptively and provided with the inter-group difference&#xD;
           estimate value (trial group - control group) of the changes in indicators in different&#xD;
           visits from baseline and its 95% confidence interval; for the qualitative data, the&#xD;
           indicators in different visits are described in the form of a frequency table (frequency&#xD;
           and percentage) and provided with the inter-group ratio difference and confidence&#xD;
           interval estimate; for the survival data, such as the negative conversion time of&#xD;
           pathogen nucleic acid testing and complete antipyresis time, the median complete&#xD;
           antipyresis time and its 95% confidence interval in each group are calculated by&#xD;
           Kaplan-Meier, the information on the subject deletions at the end of the study is&#xD;
           provided and the survivorship curve is provided. The hazard ratio HR and its 90%&#xD;
           confidence interval of the trail group and the control group are estimated by Cox&#xD;
           proportional hazards regression.&#xD;
&#xD;
           2.3.5Safety analysis SS data sets are used for safety analysis. Adverse events are coded&#xD;
           according to the MedDRA. The occurrence of adverse events/reactions, serious adverse&#xD;
           events/reactions and adverse events/reactions resulting in drop out is summarized and&#xD;
           analyzed in the form of a frequency table (number of cases, case, and incidence).&#xD;
&#xD;
           The occurrence of varying severity orders of adverse events/reactions, serious adverse&#xD;
           events/reactions and adverse events/reactions resulting in drop out is subject to&#xD;
           descriptive statistical analysis in the form of a frequency table (number of cases,&#xD;
           case, and incidence) according to SOC and PT.&#xD;
&#xD;
           A detailed list of various adverse events/reactions, serious adverse events/reactions&#xD;
           and adverse events/reactions resulting in drop out is made.&#xD;
&#xD;
           Changes in the clinical significance determination of laboratory indicators, ECG and&#xD;
           physical examination at each visit after administration and baseline test results are&#xD;
           described in the form of crosstab.&#xD;
&#xD;
           The laboratory indexes and vital signs examination are subject to descriptive&#xD;
           statistical analysis according to trial grouping and visits.&#xD;
&#xD;
           A detailed list of laboratory indexes, ECG, and clinically significant physical&#xD;
           abnormalities is made.&#xD;
&#xD;
           2.4Analysis software Use the software SAS with version 9.4 or above for analysis.&#xD;
           2.5Interim analysis and multiplicity control In order to obtain relevant study results&#xD;
           as soon as possible to support follow-up scientific research and clinical practice, this&#xD;
           study plans to conduct staged efficacy and safety data analysis at the sample size of&#xD;
           65, 130 and 260 cases. The study will be terminated immediately if the clinical efficacy&#xD;
           of the study drug is poor, . No multiplicity control is made.&#xD;
&#xD;
        3. Study management 3.1 Study management structure This study is planned to be conducted&#xD;
           simultaneously in XX clinical study sites in China.&#xD;
&#xD;
      The data management and statistical analysis of this study are completed by XXXX company.&#xD;
&#xD;
      3.2 Study data record and storage In accordance with the GCP principle, the investigator&#xD;
      shall keep all the detailed original documents of the subject, and record in the case report&#xD;
      form the contents of the trial progress, administration status, laboratory examination data,&#xD;
      safety data and therapeutic effect evaluation. The recorded data shall be complete, timely&#xD;
      and clear. The original documents and medical records shall be clear, detailed and easily&#xD;
      identifiable by participants in this clinical trial.&#xD;
&#xD;
      The case report forms and original files can only be modified by the investigator. No&#xD;
      modification to the case report forms or the original files may overwrite the original data.&#xD;
      The correct modification method is to draw a single line on the original data, then write the&#xD;
      modified data next to the original data, and sign the date and the initials of the modifier.&#xD;
&#xD;
      The trial data shall be kept for 5 years after the end of the trial. 3.3 Quality control and&#xD;
      quality assurance In order to ensure the quality of the trial, before the start of the formal&#xD;
      trial, the principal leader and the study site leaders shall formulate a clinical study plan&#xD;
      through discussion and provide GCP training for relevant investigators in the trial.&#xD;
&#xD;
      The study sites must manage the study drugs according to SOP, including receiving, storage,&#xD;
      distribution and recovery.&#xD;
&#xD;
      In accordance with the GCP guidelines, necessary steps shall be taken during the design and&#xD;
      implementation phase of the study to ensure that the collected data are accurate, consistent,&#xD;
      complete and reliable. All observed results and abnormal findings in the clinical trial shall&#xD;
      be promptly and carefully verified and recorded to ensure the reliability of data. All kinds&#xD;
      of instruments, equipment and reagents used in various examinations in the clinical trial&#xD;
      shall be provided with strict quality standards and be ensured to work under normal&#xD;
      conditions.&#xD;
&#xD;
      The investigator shall input the information required by the protocol into the case report&#xD;
      form to verify the completeness and accuracy of the information filled in, and make necessary&#xD;
      corrections and supplements in time.&#xD;
&#xD;
      3.4 Follow-up visit and medical measures to be taken after the trial The AE/SAE (including&#xD;
      laboratory examination abnormalities) unsolved at the end of the study or at the time of&#xD;
      early withdrawal must be followed up, as shown in &quot;11.4.3 Treatment of adverse events&quot;.&#xD;
&#xD;
      At the end of the trial, the investigator should give the subject necessary and reasonable&#xD;
      medical measures to ensure the safety and rights of the subject.&#xD;
    </textblock>
  </detailed_description>
  <overall_status>Not yet recruiting</overall_status>
  <start_date type="Anticipated">February 23, 2020</start_date>
  <completion_date type="Anticipated">February 28, 2021</completion_date>
  <primary_completion_date type="Anticipated">February 28, 2021</primary_completion_date>
  <phase>Phase 4</phase>
  <study_type>Interventional</study_type>
  <has_expanded_access>No</has_expanded_access>
  <study_design_info>
    <allocation>Randomized</allocation>
    <intervention_model>Parallel Assignment</intervention_model>
    <primary_purpose>Treatment</primary_purpose>
    <masking>None (Open Label)</masking>
  </study_design_info>
  <primary_outcome>
    <measure>Fever to normal time (day)</measure>
    <time_frame>30 days</time_frame>
    <description>Fever to normal time (day)</description>
  </primary_outcome>
  <primary_outcome>
    <measure>Pulmonary inflammation resolution time (HRCT) (day)</measure>
    <time_frame>30 days</time_frame>
    <description>Pulmonary inflammation resolution time (HRCT) (day)</description>
  </primary_outcome>
  <primary_outcome>
    <measure>Negative conversion (%) of 2019-nCOVRNA in gargle (throat swabs) at the end of treatment</measure>
    <time_frame>30 days</time_frame>
    <description>Negative conversion (%) of 2019-nCOVRNA in gargle (throat swabs) at the end of treatment</description>
  </primary_outcome>
  <number_of_arms>2</number_of_arms>
  <enrollment type="Anticipated">520</enrollment>
  <condition>Novel Coronavirus Infectious Disease (COVID-19)</condition>
  <arm_group>
    <arm_group_label>Carrimycin</arm_group_label>
    <arm_group_type>Experimental</arm_group_type>
    <description>basic treatment + Carrimycin</description>
  </arm_group>
  <arm_group>
    <arm_group_label>lopinavir/ritonavir or Arbidol or chloroquine phosphate</arm_group_label>
    <arm_group_type>Active Comparator</arm_group_type>
    <description>any of basic treatment + lopinavir/ritonavir tablets or Arbidol or chloroquine phosphate</description>
  </arm_group>
  <intervention>
    <intervention_type>Drug</intervention_type>
    <intervention_name>Carrimycin</intervention_name>
    <description>Carrimycin</description>
    <arm_group_label>Carrimycin</arm_group_label>
  </intervention>
  <intervention>
    <intervention_type>Drug</intervention_type>
    <intervention_name>lopinavir/ritonavir tablets or Arbidol or chloroquine phosphate</intervention_name>
    <description>lopinavir/ritonavir tablets or Arbidol or chloroquine phosphate</description>
    <arm_group_label>lopinavir/ritonavir or Arbidol or chloroquine phosphate</arm_group_label>
  </intervention>
  <intervention>
    <intervention_type>Drug</intervention_type>
    <intervention_name>basic treatment</intervention_name>
    <description>basic treatment</description>
    <arm_group_label>Carrimycin</arm_group_label>
    <arm_group_label>lopinavir/ritonavir or Arbidol or chloroquine phosphate</arm_group_label>
  </intervention>
  <eligibility>
    <criteria>
      <textblock>
        Inclusion Criteria:&#xD;
&#xD;
          1. Subjects or their legal representatives have signed the informed consent form(ICF);&#xD;
             agree not to participate in other clinical studies within 30 days after the last&#xD;
             administration from the first administration of the study drug.&#xD;
&#xD;
          2. Subjects are aged ≥ 18 and ≤ 75;&#xD;
&#xD;
          3. Meet the diagnostic criteria for 2019-nCoV pneumonia (V5.0);&#xD;
&#xD;
          4. SOFA score: 1 ~ 13 points.&#xD;
&#xD;
          5. A retreated patient or the relapsed patient meets any of the following criteria:&#xD;
&#xD;
               -  Have fever again or aggravated clinical symptoms; ② 2019nCOVRNA in the throat&#xD;
                  swabs converts from negative to positive; ③ The clinical symptoms don't improve&#xD;
                  or 2019nCOVRNA continues to be positive; ④ The chest CT shows pneumonia or&#xD;
                  fibrosis progression.&#xD;
&#xD;
        Clinical stratification:&#xD;
&#xD;
          1. Mild type: clinical symptoms mild or asymptomatic, no pneumonia performance in CT, but&#xD;
             positive 2019-nCoV in throat swabs or gargle.&#xD;
&#xD;
          2. Ordinary type: fever, respiratory symptoms, etc., pneumonia performance visible in CT.&#xD;
&#xD;
          3. Severe type: meeting any of the following criteria:&#xD;
&#xD;
        (1) Respiratory distress, RR≥30 times/min; (2) Finger oxygen saturation ≤93% in rest state;&#xD;
        (3) Arterial partial pressure of oxygen (PaO2)/concentration of oxygen inhalation&#xD;
        (FiO2)≤300mmHg (1mmHg=0.133kPa).&#xD;
&#xD;
        4. Critical type: meeting any of the following criteria:(1)Respiratory failure occurs and&#xD;
        mechanical ventilation is required;(2)Patients go into shock;(3)ICU is needed for other&#xD;
        organ failure.&#xD;
&#xD;
        Exclusion Criteria:&#xD;
&#xD;
          1. Other viral pneumonia&#xD;
&#xD;
          2. Patients who have received tumor immunotherapy (such as PD-1/L1, CTLA4, etc.) in the&#xD;
             past 1 month, and inflammatory factor modulators such as Ulinastatin;&#xD;
&#xD;
          3. Patients who have taken anti-bacterial drugs such as macrolide in the past 1 week;&#xD;
&#xD;
          4. Patients who have received organ transplantation or surgery planning in the past 6&#xD;
             months;&#xD;
&#xD;
          5. Patients who can't take food or drugs due to coma or intestinal obstruction;&#xD;
&#xD;
          6. Patients who have severe underlying diseases that affects survival, including&#xD;
             uncontrolled malignant tumor with multiple metastases that cannot be resected, blood&#xD;
             diseases, dyscrasia, active bleeding, severe malnutrition, etc.&#xD;
&#xD;
          7. Women subjects that are pregnant or lactating, or subjects (including male subjects)&#xD;
             having a pregnancy plan (including plans for sperm donation or egg donation), or&#xD;
             subjects that may fail to take effective contraceptive measures within the next 6&#xD;
             months;&#xD;
&#xD;
          8. Patients with allergic constitution, or patients allergic to macrolides and&#xD;
             lopinavir/ritonavir tablets;&#xD;
&#xD;
          9. Patients with contraindications to lopinavir/ritonavir tablets who plan or are using&#xD;
             drugs that interact with the drug (including: drugs that are highly dependent on CYP3A&#xD;
             clearance and whose elevated plasma concentrations can be associated with severe&#xD;
             and/or life-threatening events [with a narrow therapeutic index], CYP3A inducer [see&#xD;
             instruction for details]) and cannot stop using or use other drugs instead;&#xD;
&#xD;
         10. Patients whose ALT/AST levels are 5 times higher than the normal upper limit and total&#xD;
             bilirubin is 3 times higher than the upper limit of normal, or patients with&#xD;
             child-Pugh grade C cirrhosis.&#xD;
&#xD;
         11. ECLS (ECMO, ECCO2R, RRT)&#xD;
&#xD;
         12. Critical patients with expected life&lt;48 hours&#xD;
&#xD;
         13. Patients who have participated in any other clinical study within 1 month;&#xD;
&#xD;
         14. The investigators conclude that the patients not suitable for the study.&#xD;
      </textblock>
    </criteria>
    <gender>All</gender>
    <minimum_age>18 Years</minimum_age>
    <maximum_age>75 Years</maximum_age>
    <healthy_volunteers>No</healthy_volunteers>
  </eligibility>
  <overall_official>
    <last_name>Ronghua Jin</last_name>
    <role>Principal Investigator</role>
    <affiliation>Beijing YouAn Hospital</affiliation>
  </overall_official>
  <overall_contact>
    <last_name>Huiguo Ding</last_name>
    <phone>+86-13911683832</phone>
    <email>dinghuiguo@medmail.com.cn</email>
  </overall_contact>
  <overall_contact_backup>
    <last_name>Ying Han</last_name>
    <phone>+86-13520809804</phone>
    <email>gladyshanying@163.com</email>
  </overall_contact_backup>
  <verification_date>February 2020</verification_date>
  <study_first_submitted>February 25, 2020</study_first_submitted>
  <study_first_submitted_qc>February 25, 2020</study_first_submitted_qc>
  <study_first_posted type="Actual">February 27, 2020</study_first_posted>
  <last_update_submitted>February 25, 2020</last_update_submitted>
  <last_update_submitted_qc>February 25, 2020</last_update_submitted_qc>
  <last_update_posted type="Actual">February 27, 2020</last_update_posted>
  <responsible_party>
    <responsible_party_type>Principal Investigator</responsible_party_type>
    <investigator_affiliation>Beijing YouAn Hospital</investigator_affiliation>
    <investigator_full_name>Jin Ronghua</investigator_full_name>
    <investigator_title>Director</investigator_title>
  </responsible_party>
  <condition_browse>
    <!-- CAUTION:  The following MeSH terms are assigned with an imperfect algorithm            -->
    <mesh_term>Communicable Diseases</mesh_term>
    <mesh_term>Infection</mesh_term>
    <mesh_term>Coronavirus Infections</mesh_term>
  </condition_browse>
  <intervention_browse>
    <!-- CAUTION:  The following MeSH terms are assigned with an imperfect algorithm            -->
    <mesh_term>Ritonavir</mesh_term>
    <mesh_term>Lopinavir</mesh_term>
    <mesh_term>Chloroquine</mesh_term>
    <mesh_term>Chloroquine diphosphate</mesh_term>
  </intervention_browse>
  <provided_document_section>
    <provided_document>
      <document_type>Study Protocol</document_type>
      <document_has_protocol>Yes</document_has_protocol>
      <document_has_icf>No</document_has_icf>
      <document_has_sap>No</document_has_sap>
      <document_date>February 20, 2020</document_date>
      <document_url>https://ClinicalTrials.gov/ProvidedDocs/03/NCT04286503/Prot_000.pdf</document_url>
    </provided_document>
    <provided_document>
      <document_type>Informed Consent Form</document_type>
      <document_has_protocol>No</document_has_protocol>
      <document_has_icf>Yes</document_has_icf>
      <document_has_sap>No</document_has_sap>
      <document_date>February 20, 2020</document_date>
      <document_url>https://ClinicalTrials.gov/ProvidedDocs/03/NCT04286503/ICF_001.pdf</document_url>
    </provided_document>
  </provided_document_section>
  <!-- Results have not yet been posted for this study                                          -->
</clinical_study>

